USE db_public_transport;

--
-- Inserting data into table card_type
--
INSERT INTO card_type(cType, Expiry_Period) VALUES
('Elder', 25);

--
-- Inserting data into table driver
--
INSERT INTO driver(Driver_Id, Driver_Name, License_Type, License_Expiry) VALUES
('23943212833', 'Jazmin Rohr', 'Tram', '2022-10-25'),
('82821276051', 'Grover Hayward', 'Tram', '2021-06-05'),
('08277637723', 'Kennith Sharpe', 'Tram', '2024-03-29'),
('78568076637', 'Marcelo Watts', 'Tram', '2028-07-15'),
('66786319032', 'Lolita Major', 'Tram', '2028-09-24'),
('54449761452', 'Riley Eng', 'Tram', '2021-01-07'),
('42747148514', 'Michaela Morley', 'Tram', '2026-09-27'),
('58370155114', 'Leticia Crowley', 'Tram', '2023-03-25'),
('58428747565', 'Serina Marquis', 'Tram', '2023-02-23'),
('79755101068', 'Sharee Henley', 'Tram', '2021-01-07'),
('56779319557', 'Colton Arteaga', 'Tram', '2027-05-19'),
('77847173605', 'Wyatt Linder', 'Tram', '2025-01-23'),
('31665266435', 'Alejandro Amaral', 'Tram', '2030-03-05'),
('29072229649', 'Willy Hoyle', 'Tram', '2028-10-19'),
('72995700693', 'Royce Savage', 'Tram', '2024-07-12'),
('65201898920', 'Alexander Kunkel', 'Tram', '2030-04-25'),
('31768641130', 'Jody Marcotte', 'Tram', '2025-02-23'),
('57177880620', 'Janay Laflamme', 'Tram', '2026-06-16'),
('81303253689', 'Lonna Segura', 'Tram', '2021-03-22'),
('44720879055', 'Obdulia Schrader', 'Tram', '2030-04-22'),
('79424050843', 'Krissy Bunker', 'Tram', '2021-08-01'),
('97088633509', 'Mary Tuttle', 'Tram', '2029-11-03'),
('07747663560', 'Ester Lessard', 'Tram', '2022-06-20'),
('73623361647', 'Lewis Mojica', 'Tram', '2021-01-03'),
('63070402815', 'Pricilla Spence', 'Tram', '2029-03-09'),
('03919444619', 'Sterling Ahern', 'Tram', '2022-12-02'),
('95517936522', 'Tamara Hannah', 'Tram', '2021-08-06'),
('34819005302', 'Herschel Bachman', 'Tram', '2021-09-13'),
('97073885070', 'Katrina Magee', 'Tram', '2024-04-27'),
('10168790530', 'Arleen Sawyer', 'Tram', '2028-12-28'),
('41580630007', 'Lashell Julian', 'Tram', '2028-08-08'),
('39548172716', 'Reed Markley', 'Tram', '2025-04-10'),
('40793280066', 'September Gann', 'Tram', '2022-09-27'),
('09888151179', 'Joella Boucher', 'Tram', '2025-09-29'),
('00468357643', 'Lorri Shade', 'Tram', '2024-08-20'),
('29139874875', 'Orville Francois', 'Tram', '2024-08-09'),
('46203298217', 'Ying Luttrell', 'Tram', '2030-02-08'),
('30290679325', 'Davis Hawley', 'Tram', '2029-09-14'),
('83165280117', 'Ima Dees', 'Tram', '2029-08-31'),
('48245044550', 'Pauline Mcnulty', 'Tram', '2026-02-15'),
('01498922381', 'Donovan Brunson', 'Tram', '2027-10-17'),
('78346130274', 'Laureen Moniz', 'Tram', '2022-07-15'),
('17324353302', 'Jeannette Peachey', 'Tram', '2027-05-17'),
('32742390088', 'Benita Munoz', 'Tram', '2024-07-01'),
('89864672246', 'Tresa Weis', 'Tram', '2025-06-23'),
('53805212746', 'Howard Robins', 'Tram', '2021-02-01'),
('98274697697', 'Lucilla Stanford', 'Tram', '2022-04-11'),
('40264333878', 'Ernesto Hendrick', 'Tram', '2021-04-01'),
('32570569722', 'Kandis Oleary', 'Tram', '2021-01-03'),
('00326341526', 'Lawrence Whittaker', 'Tram', '2028-04-30');

--
-- Inserting data into table vehicle
--
INSERT INTO vehicle(Vehicle_Id, Vehicle_Type, Capacity, Status) VALUES
('74096711274', 'Metro', 417, 'active'),
('15013596039', 'Metro', 454, 'active'),
('44309950351', 'Metro', 281, 'active'),
('25000979159', 'Metro', 317, 'active'),
('78017554912', 'Metro', 270, 'active'),
('86716887697', 'Metro', 464, 'active'),
('93586712757', 'Metro', 426, 'active'),
('90044681115', 'Metro', 279, 'active'),
('02563671904', 'Metro', 347, NULL),
('91275333436', 'Metro', 358, 'active'),
('77989161862', 'Metro', 270, 'active'),
('08626228151', 'Metro', 323, 'active'),
('24509119537', 'Metro', 405, 'active'),
('75647277673', 'Metro', 346, 'active'),
('26719470437', 'Metro', 472, 'active'),
('77017899083', 'Metro', 298, 'active'),
('26659211120', 'Metro', 424, 'active'),
('25091517746', 'Metro', 471, 'active'),
('82905090630', 'Metro', 333, 'active'),
('89552738661', 'Metro', 394, 'active'),
('61527140861', 'Metro', 277, 'active'),
('85946139195', 'Metro', 292, 'active'),
('74564466527', 'Metro', 330, 'active'),
('33044185219', 'Metro', 355, 'active'),
('68201219539', 'Metro', 447, 'active'),
('68852241652', 'Metro', 338, 'active'),
('28114174357', 'Metro', 493, 'active'),
('65455564810', 'Metro', 497, 'active'),
('16405703062', 'Metro', 455, 'active'),
('93397395483', 'Metro', 305, 'active'),
('33579125885', 'Metro', 442, 'active'),
('44529757428', 'Metro', 488, 'active'),
('92927009753', 'Metro', 251, 'active'),
('76229967706', 'Metro', 499, 'active'),
('98913905615', 'Metro', 353, 'active'),
('52713013418', 'Metro', 392, 'active'),
('04549273970', 'Metro', 365, 'active'),
('10332518655', 'Metro', 388, 'active'),
('88323177017', 'Metro', 350, 'active'),
('06235599359', 'Metro', 312, 'active'),
('87826293740', 'Metro', 446, 'active'),
('10565038514', 'Metro', 301, 'active'),
('11249295150', 'Metro', 443, 'active'),
('34077785495', 'Metro', 312, 'active'),
('87045535740', 'Metro', 252, 'active'),
('21316942010', 'Metro', 290, 'active'),
('28265675586', 'Metro', 274, 'active'),
('50065275018', 'Metro', 439, 'active'),
('09161911454', 'Metro', 254, 'active'),
('49784781782', 'Metro', 268, 'active');

--
-- Inserting data into table travel_card
--
INSERT INTO travel_card(Card_Id, Balance, Status, Issue_Date, Last_Usage, Travel_Count, cType) VALUES
('06018605113', 61, 'active', '2015-03-12', '2017-07-07 15:00:53', 31773, 'Elder'),
('20590682884', 103, 'active', '2011-06-11', '2018-07-14 16:18:54', 5667, 'Elder'),
('29625557821', 94, 'active', '2005-01-06', '2019-11-19 08:56:43', NULL, 'Elder'),
('81740689531', 69, 'active', '2013-05-24', '2017-12-08 03:22:49', 104, 'Elder'),
('18138556599', 41, 'active', '2005-01-08', '2015-02-01 00:00:07', 14942, 'Elder'),
('89225746321', 77, 'active', '2006-08-31', '2015-02-01 01:16:17', 27509, 'Elder'),
('31485647564', 117, 'active', '2015-06-19', NULL, 5281, 'Elder'),
('94564497843', 55, 'active', '2012-02-05', '2015-02-01 00:00:07', 36902, 'Elder'),
('55082041665', 59, 'active', '2005-02-04', '2017-06-06 09:10:41', 47319, 'Elder'),
('90176184299', 43, 'active', '2012-02-07', '2019-05-12 02:23:48', 13165, 'Elder'),
('93689856396', 10, 'active', '2014-07-05', '2015-11-07 23:10:51', 42072, 'Elder'),
('51493780429', 56, 'active', '2005-06-17', '2015-06-02 17:42:57', 9, 'Elder'),
('91605168550', 66, 'active', '2005-06-19', '2019-03-16 10:17:16', 644, 'Elder'),
('85394034191', NULL, 'active', '2005-04-27', '2015-02-01 00:06:30', 52617, 'Elder'),
('38237795278', 109, 'active', '2013-08-18', '2015-02-01 00:10:12', 11266, 'Elder'),
('39757117287', 55, 'active', '2018-03-28', '2019-02-04 14:44:49', 36803, 'Elder'),
('59690924263', 36, 'active', '2020-02-29', '2017-09-06 19:06:09', 53809, 'Elder'),
('37667223195', 7, 'active', '2009-02-21', '2018-12-16 14:10:01', 878, 'Elder'),
('98089961594', 84, 'active', '2013-04-06', '2018-04-17 07:55:37', 51, 'Elder'),
('96831458776', 45, 'active', '2019-06-18', '2020-03-20 15:51:30', 41998, 'Elder'),
('29375352722', 90, 'active', '2005-05-04', '2017-06-11 21:53:11', 33, 'Elder'),
('96798924804', 36, 'active', '2008-11-27', '2019-06-26 01:09:36', 51925, 'Elder'),
('75756887526', 117, 'active', '2010-01-29', '2015-02-01 00:00:10', 2, 'Elder'),
('88238631714', 1, 'active', '2007-02-04', '2018-07-20 02:43:01', 51186, 'Elder'),
('65230279441', 64, 'active', '2012-02-21', '2017-02-05 15:19:52', 52245, 'Elder'),
('81695539874', 77, 'active', '2012-10-19', '2019-08-22 12:44:20', 202, 'Elder'),
('69291236598', 86, 'active', '2005-03-14', '2015-05-05 14:41:45', 39368, 'Elder'),
('36995434637', 93, 'active', '2012-08-23', '2016-11-01 19:35:43', 7731, 'Elder'),
('21597483463', 89, 'active', '2005-06-19', '2015-02-01 00:00:02', 5, 'Elder'),
('08398220264', 21, 'active', '2006-03-12', '2015-03-28 17:48:07', 68, 'Elder'),
('67653071578', 99, 'active', '2006-02-18', '2015-03-06 20:47:40', 64371, 'Elder'),
('55712422322', 68, 'active', '2015-07-22', '2015-02-01 00:00:07', 1341, 'Elder'),
('49051287294', 68, 'active', '2014-07-11', '2019-01-04 01:21:56', 9420, 'Elder'),
('93166530181', 43, 'active', '2016-03-23', '2016-05-18 01:31:18', 35914, 'Elder'),
('98872657958', 95, 'active', '2005-01-08', '2019-07-20 03:14:18', 45, 'Elder'),
('77784633600', 92, 'active', '2017-05-19', '2015-09-09 12:37:00', 20719, 'Elder'),
('25933051108', 128, 'active', '2005-01-02', '2017-11-09 21:19:50', 20625, 'Elder'),
('39078054475', 67, 'active', '2009-01-28', '2015-02-01 00:00:06', 24602, 'Elder'),
('04438449546', 103, 'active', '2005-01-06', '2018-08-08 09:25:18', 84, 'Elder'),
('99548016170', 98, 'active', '2007-02-02', '2015-02-01 00:52:50', 52609, 'Elder'),
('81353074832', 108, 'active', '2017-02-08', '2015-02-01 00:01:37', 3090, 'Elder'),
('22471194364', 77, 'active', '2007-03-29', '2018-07-31 13:35:29', 494, 'Elder'),
('63848414905', 3, 'active', '2012-05-15', '2018-09-21 10:38:31', 891, 'Elder'),
('55036947222', 91, 'active', '2005-10-09', '2015-02-01 00:00:43', 35592, 'Elder'),
('81258973832', 69, 'active', '2007-03-30', '2019-09-05 12:07:51', 51804, 'Elder'),
('25414582518', 89, 'active', '2017-11-14', '2017-02-15 17:35:12', 1969, 'Elder'),
('17704384556', 74, 'active', '2006-09-07', '2016-08-18 13:10:50', 0, 'Elder'),
('94085778294', 6, 'active', '2018-10-20', '2016-05-17 02:27:44', 61189, 'Elder'),
('35465998202', 61, 'active', '2005-05-25', '2015-02-01 00:00:07', 52342, 'Elder'),
('18321054439', 4, 'active', '2005-01-03', '2015-02-01 00:00:01', 9018, 'Elder');

--
-- Inserting data into table passenger
--
INSERT INTO passenger(Passenger_Id, Full_Name, Birth_Date, Card_Id) VALUES
('12709422584', 'Bryan Oliva', '1950-09-08', '29625557821'),
('85766487051', 'Burma Ferraro', '1939-04-01', '85394034191'),
('05585691404', 'Isiah Madsen', '1930-01-07', '81695539874'),
('22359145426', 'Theodore Thornburg', '1930-01-05', '99548016170'),
('82398202110', 'Cheryll Ison', '1936-05-22', '17704384556'),
('71615729482', 'Gaynell Deluca', '1935-04-03', '96798924804'),
('91547674331', 'Bradly Beltran', '1937-03-31', '98089961594'),
('01919275952', 'Davina Stanley', '1930-12-12', '81258973832'),
('12486513380', 'Foster Darby', '1931-08-05', '20590682884'),
('48624210511', 'Sharie Zook', '1935-06-11', '39757117287'),
('06645351726', 'Freeda Oconnell', '1930-03-12', '55036947222'),
('38408094050', 'Roger Summers', '1948-07-28', '21597483463'),
('10311994529', 'Lovie Hastings', '1950-11-07', '81258973832'),
('27268851106', 'Agripina Glaser', '1941-07-26', '29375352722'),
('04841519799', 'Jeffrey Felix', '1930-01-02', '55712422322'),
('32713291394', 'Corina Patel', '1949-12-17', '94564497843'),
('81360975000', 'Gilma Beaudoin', '1931-07-29', '49051287294'),
('65781049701', 'Deshawn Wilbanks', '1945-01-27', '69291236598'),
('00458760360', 'Francisco Braden', '1947-02-19', '63848414905'),
('06017214844', 'Lorri Vetter', '1945-10-19', '20590682884'),
('02928215397', 'Monika Elkins', '1945-01-15', '20590682884'),
('75945930335', 'Marquis Ritter', '1930-06-16', '75756887526'),
('03759456752', 'Jackson Alvarado', '1950-09-20', '55712422322'),
('02702292021', 'Luvenia Valdes', '1930-09-11', '08398220264'),
('18551833722', 'Cara Gibbs', '1931-04-27', '81740689531'),
('42835493691', 'Stefan Vallejo', '1930-04-18', '36995434637'),
('31165942037', 'Allan Dodd', '1943-04-16', '55036947222'),
('92508886718', 'Diego Dye', '1932-10-13', '31485647564'),
('37615383486', 'Boris Reaves', '1946-08-21', '81258973832'),
('89936571188', 'Jennell Matthew', '1941-09-13', '98089961594'),
('94673219137', 'Mack Bustamante', '1934-05-18', '98872657958'),
('54732203078', 'Donte Howland', '1942-01-02', '77784633600'),
('95455497894', 'Courtney Saenz', '1943-10-08', '21597483463'),
('87447026607', 'Ernie Baylor', '1930-04-13', '17704384556'),
('15734022973', 'Teodoro Hewitt', '1950-08-16', '69291236598');

--
-- Inserting data into table user_account
--
INSERT INTO user_account(Email, Password, Last_Login, Passenger_Id) VALUES
('Nicholson@nowhere.com', 'ZK2Wa315', '2018-09-15', '42835493691'),
('Ojeda887@nowhere.com', '22l1QaIaGK8', '2020-03-28', '37615383486'),
('Abbott@example.com', 'lL43pG_0a309', '2018-05-22', '18551833722'),
('Alphonso_NVernon66@nowhere.com', 'K3OUeRQK', NULL, '37615383486'),
('Deidra.Allard@example.com', 'oO8s2s55', '2020-05-15', '37615383486'),
('Abel.Peel@example.com', '_ZB08loTOdlQ', '2018-01-02', '85766487051'),
('Wahl8@example.com', '883SW9_4nq', '2019-05-31', '48624210511'),
('Addie_SAguilera316@example.com', '8FVQ201Hdub_F', '2018-01-03', '38408094050'),
('Colwell978@example.com', '0Q4vf3_1', '2018-12-26', '00458760360'),
('Paulsen@example.com', 'YC3g6pHSgM', '2018-01-09', '94673219137'),
('loxuuupg.ydsw@example.com', 'IUIYnLY0fp', '2018-11-06', '37615383486'),
('Cathern.Baxter@example.com', 'H63xC90w8yHs2iQ', '2018-01-18', '06017214844'),
('BeaudoinU@example.com', 'l_y27K1_P', '2019-01-04', '04841519799'),
('Luis_Fitch@example.com', '3XFt571_', '2020-05-16', '22359145426'),
('Paul.Ruby22@example.com', '8Iolg_0s', '2020-04-17', '02928215397'),
('Golden.Katz17@example.com', '9Hnobg7S', '2019-05-02', '10311994529'),
('BruceSolis@example.com', '6qZ8ccE9', '2019-05-06', '06017214844'),
('DarnellJeffries476@nowhere.com', '2A7SA_vm_bN0aW5', '2018-01-30', '85766487051'),
('Skinner@nowhere.com', 'enQV72hRCI', '2019-04-07', '18551833722'),
('MalenaAbraham98@example.com', 'SWMLRwr8', '2019-10-12', '85766487051'),
('AricaTejeda@example.com', 'kseL4G5M', '2018-10-16', '54732203078'),
('Hugo_Burnham@example.com', 'DWljqfz2e', '2018-06-06', '27268851106'),
('ChristianaArtis@example.com', 'zkvo9787pzDz', '2020-05-27', '27268851106'),
('MargoCampbell562@example.com', 'SWj7a7Dg3c4', '2018-05-04', '87447026607'),
('Binkley@nowhere.com', '4tDKuHFG6', '2018-01-03', '06017214844'),
('Mayo34@nowhere.com', '2MNf6_JU', '2019-03-07', '65781049701'),
('bgyd3771@example.com', 'YIZl7S6p', '2019-11-20', '94673219137'),
('AlphonseY.Quinones175@nowhere.com', 'gAb5lXt84vt3', '2019-02-12', '15734022973'),
('ZachariahDougherty@example.com', 'j_ZzGc7P68kL5iMBVOeV', '2018-03-12', '27268851106'),
('Hindman@nowhere.com', 'IvvSK3K9vhM5', '2018-09-19', '02702292021'),
('Rowe@example.com', '9APNW1zHH', '2019-01-10', '04841519799'),
('VivianaJacobsen715@nowhere.com', 'Qre4o_HB', '2019-02-17', '31165942037'),
('KierstenBenefield26@example.com', 'qMYP_Q1n', '2019-12-02', '94673219137'),
('hjntfxj3@example.com', '4vct5p21', '2019-09-15', '02928215397'),
('Hiatt784@example.com', 'jxm5Pl0E', '2019-08-03', '92508886718'),
('Christy@example.com', 'o0QZn0FB', '2019-04-28', '71615729482'),
('kwer5@example.com', '1ZNuQL55_03P4EOa2', '2019-07-18', '06017214844'),
('MoffettD@example.com', 'TCTBkZTc', '2018-06-21', '38408094050'),
('Kidd4@example.com', 'flCXRdSHHI_R0Qpa', '2019-10-14', '05585691404'),
('Nakita_Acevedo@example.com', '_wRa8u9JW', '2020-04-30', '22359145426'),
('Dion23@nowhere.com', '7XTt1q811', '2018-01-05', '48624210511'),
('AlfonzoLance42@example.com', 'eH8AvR4B6NyIr', '2018-01-04', '31165942037'),
('AdelaAhern@nowhere.com', 'GC_jSc3Ec', '2018-03-02', '38408094050'),
('Phillips@example.com', 'oxjU_2unMdMNQ', '2018-01-06', '02928215397'),
('BevBradbury834@nowhere.com', 'hE07i59QF0', '2019-09-26', '06017214844'),
('Teddy.Rickard548@example.com', 'Tqtz7DU9r', '2018-06-12', '95455497894'),
('Susy_Abernathy36@example.com', '4_1hEo_C', '2019-01-27', '18551833722'),
('CharleenQPhelan@nowhere.com', '6A60fCa6M2', '2018-06-07', '15734022973'),
('Metzger975@example.com', 'os48P952oLws', '2018-12-28', '38408094050'),
('BardenZ@example.com', '_T073r5j0om6r5', '2018-02-13', '01919275952');

--
-- Inserting data into table driver_drives
--
INSERT INTO driver_drives(Driver_Id, Vehicle_Id) VALUES
('98274697697', '28265675586'),
('58428747565', '02563671904'),
('57177880620', '25091517746'),
('78568076637', '25000979159'),
('34819005302', '65455564810'),
('00326341526', '49784781782'),
('89864672246', '87045535740'),
('40264333878', '50065275018'),
('53805212746', '21316942010'),
('07747663560', '74564466527'),
('31665266435', '24509119537'),
('81303253689', '82905090630'),
('78346130274', '10565038514'),
('29072229649', '75647277673'),
('44720879055', '89552738661'),
('32570569722', '09161911454'),
('72995700693', '26719470437'),
('46203298217', '04549273970'),
('17324353302', '11249295150'),
('79424050843', '61527140861'),
('97073885070', '16405703062'),
('30290679325', '10332518655'),
('79755101068', '91275333436'),
('65201898920', '77017899083'),
('66786319032', '78017554912'),
('56779319557', '77989161862'),
('73623361647', '33044185219'),
('10168790530', '93397395483'),
('63070402815', '68201219539'),
('97088633509', '85946139195'),
('32742390088', '34077785495'),
('54449761452', '86716887697'),
('41580630007', '33579125885'),
('83165280117', '88323177017'),
('03919444619', '68852241652'),
('39548172716', '44529757428'),
('31768641130', '26659211120'),
('77847173605', '08626228151'),
('23943212833', '74096711274'),
('09888151179', '76229967706'),
('48245044550', '06235599359'),
('95517936522', '28114174357'),
('40793280066', '92927009753'),
('42747148514', '93586712757'),
('00468357643', '98913905615'),
('01498922381', '87826293740'),
('29139874875', '52713013418'),
('82821276051', '15013596039'),
('58370155114', '90044681115'),
('08277637723', '44309950351');

--
-- Inserting data into table passenger_address
--
INSERT INTO passenger_address(Address_Id, Passenger_Id, Town, Neighborhood, Street, Number, X_Coordinate, Y_Coordinate) VALUES
('61427100994', '38408094050', 'Peeblesshire', 'Sioux Center', 'NV', '93552', -2, -5328),
('21807473573', '12486513380', 'Cheshire', 'Elsa', 'NJ', '40538', -22941, 1509),
('98345741201', '65781049701', 'Westmorland', 'Marlin', 'MN', '94920', 90491, -292),
('52354441364', '22359145426', 'Sutherland', 'Zuni', 'GA', '90487', -46203, 84866),
('87979280341', '92508886718', 'East Lothian', 'Joy', 'PA', '17066', 13564, -1428),
('22567726048', '04841519799', 'Inverness-shire', 'Hanson', 'OK', '01852', -85522, -8),
('37920498689', '48624210511', 'Cumberland', 'Marlinton', 'TX', '66329', 7, -352),
('87678896913', '10311994529', 'Merseyside', 'Portal', 'ME', '10017', -2734, NULL),
('75823787295', '06645351726', 'Wigtownshire', 'Veradale', 'KS', '03332', -11259, -49182),
('87772753308', '03759456752', 'Somerset', 'Joyce', 'FL', '66499', 5780, 51527),
('61427100994', '10311994529', 'Isle of Wight', 'Elsah', 'SD', '07675', -45148, -52),
('03969441652', '00458760360', 'Tyne and Wear', 'Happy Camp', 'ND', '72933', -34188, 572),
('60334551011', '91547674331', 'Essex', 'Marlow', 'PA', '32780', -26681, 94289),
('87678896913', '27268851106', 'Perthshire', 'Elsberry', 'OK', '35353', NULL, 6825),
('43546338406', '06017214844', 'Cumbria', 'Harbinger', 'NV', '55358', 66376, -3447),
('94552793833', '27268851106', 'Staffordshire', 'Sioux City', 'LA', '39943', -81437, 49403),
('94552793833', '04841519799', 'Wiltshire', 'Elsie', 'KS', '31070', -4311, -77746),
('70589585058', '85766487051', 'Fermanagh', 'Newberg', 'ME', '23609', 549, -79310),
('21807473573', '01919275952', 'Tyrone', 'Cranesville', 'TX', '60389', -18313, 96),
('25969286788', '02928215397', 'Middlesex', 'Verdi', 'IA', '38145', 47, -41546),
('33723028067', '37615383486', 'Worcestershire', 'Brick', 'NY', '59382', 6596, 22693),
('52354441364', '05585691404', 'Powys', 'Harbor Beach', 'MD', '29057', 79481, 51504),
('59949787362', '48624210511', 'Stirlingshire', 'Cranford', 'MO', '89396', -1655, -81041),
('22567726048', '32713291394', 'Renfrewshire', 'Elverson', 'WV', '90645', -64349, -8),
('63778263368', '82398202110', 'Warwickshire', 'Portales', 'AK', '53105', 32338, 7185),
('37920498689', '06645351726', 'Suffolk', 'Sioux Falls', 'UT', '82929', -831, 83),
('69481871442', '02702292021', 'Kent', 'Harbor City', 'KY', '37822', -34334, -76556),
('12493981767', '89936571188', 'Ayrshire', 'Vergennes', 'OR', '14666', -75788, 9443),
('09372993313', '18551833722', 'Midlothian', 'Sioux Rapids', 'WY', '24059', -58100, -63778),
('33148238185', '75945930335', 'Clackmannanshire', 'Elverta', 'VT', '22249', -68083, -46061),
('59949787362', '12486513380', 'West Lothian', 'Harbor Springs', 'OK', '38712', -83509, -28338),
('20735595317', '71615729482', 'Banffshire', 'Bridge City', 'UT', '46255', -50834, 7293),
('48493413245', '94673219137', 'Clwyd', 'Elwood', 'TX', '83309', -62569, 67431),
('63778263368', '22359145426', 'Bedfordshire', 'Cranks', 'OR', '27618', -90275, -22317),
('99214551369', '42835493691', 'Derbyshire', 'Newbern', 'OH', '84961', -5290, 8287),
('30348807061', '54732203078', 'Surrey', 'Vermilion', 'MA', '54439', -4934, 14538),
('35341448840', '81360975000', 'Norfolk', 'Juda', 'KY', '99260', 95464, -66985),
('75823787295', '38408094050', 'Kinross-shire', 'Marlton', 'FL', '82971', -286, 678),
('51167762720', '12709422584', 'West Midlands', 'Julesburg', 'SC', '87485', -9, 9684),
('48316590006', '87447026607', 'Cornwall', 'Marmaduke', 'ME', '55689', 3, -33401),
('20735595317', '82398202110', 'Moray', 'Julian', 'MO', '94824', 30695, -83222),
('26502865305', '31165942037', 'Sussex', 'Bridgehampton', 'AR', '99079', -6, 93326),
('04363495651', '95455497894', 'Ross', 'Hardeeville', 'VT', '32402', 32585, 9199),
('41290398774', '91547674331', 'Berkshire', 'Siren', 'SC', '90900', 18, 15631),
('68115319900', '15734022973', 'Northamptonshire', 'Ely', 'NM', '53809', 41124, 32119),
('41290398774', '71615729482', 'Fife', 'Porter', 'NH', '86868', 5337, 4657),
('52339174597', '12709422584', 'Devon', 'Marmora', 'KS', '90002', -27947, -75971),
('52339174597', '85766487051', 'Roxburghshire', 'Cranston', 'AK', '92455', 65547, -64654),
('60334551011', '01919275952', 'County Durham', 'June Lake', 'RI', '12086', -671, -146),
('70589585058', '05585691404', 'Gloucestershire', 'Hardin', 'FL', '97314', 50312, -6);

--
-- Inserting data into table passenger_phone
--
INSERT INTO passenger_phone(Phone, Passenger_Id, Phone_Type) VALUES
('2874385445', '38408094050', 'Cell'),
('8444145947', '12486513380', 'Toll-Free'),
('0918092001', '65781049701', 'Voicemail'),
('3499237366', '22359145426', 'Personal'),
('5044116050', '92508886718', 'Toll-Free'),
('3006369111', '04841519799', 'Work'),
('2777350829', '48624210511', 'Home'),
('3704773345', '10311994529', 'Preferred'),
('9376200742', '06645351726', 'Voicemail'),
('9344269689', '03759456752', 'Toll-Free'),
('2874385445', '10311994529', 'Voicemail'),
('9168573160', '00458760360', 'Pager'),
('9457205912', '91547674331', 'Preferred'),
('3704773345', '27268851106', 'Cell'),
('3359597111', '06017214844', 'Personal'),
('9124705671', '27268851106', 'Home'),
('9124705671', '04841519799', 'Preferred'),
('4642076074', '85766487051', 'Cell'),
('8444145947', '01919275952', 'Home'),
('2137116194', '02928215397', 'Work'),
('2846373468', '37615383486', 'Toll-Free'),
('3499237366', '05585691404', 'Toll-Free'),
('1059136290', '48624210511', 'Preferred'),
('3006369111', '32713291394', 'Toll-Free'),
('8487042257', '82398202110', 'Voicemail'),
('2777350829', '06645351726', 'Voicemail'),
('5605791558', '02702292021', 'Fax'),
('2956531014', '89936571188', 'Work'),
('0289440200', '18551833722', 'Mobile'),
('6966158771', '75945930335', 'Cell'),
('1059136290', '12486513380', 'Home'),
('6257330725', '71615729482', 'Personal'),
('1958754055', '94673219137', 'Cell'),
('8487042257', '22359145426', 'Work'),
('4422483357', '42835493691', 'Home'),
('5414404639', '54732203078', 'Mobile'),
('9025246172', '81360975000', 'Personal'),
('9376200742', '38408094050', 'Home'),
('0123179832', '12709422584', 'Mobile'),
('9554434328', '87447026607', 'Cell'),
('6257330725', '82398202110', 'Voicemail'),
('4594704148', '31165942037', 'Mobile'),
('8905763353', '95455497894', 'Voicemail'),
('8029409791', '91547674331', 'Work'),
('9186421919', '15734022973', 'Fax'),
('8029409791', '71615729482', 'Personal'),
('6206014963', '12709422584', 'Mobile'),
('6206014963', '85766487051', 'Fax'),
('9457205912', '01919275952', 'Cell'),
('4642076074', '05585691404', 'Home');

--
-- Inserting data into table travel_review
--
INSERT INTO travel_review(Review_Id, Message, Travel_Rating, Review_Rating, Email) VALUES
('41707187572', NULL, '4', '1', 'Cathern.Baxter@example.com'),
('59246758792', 'Hic ea quia est beatae blanditiis non, totam quia numquam qui perferendis esse exercitationem aut. Reprehenderit vero eveniet ipsa rerum quisquam consequatur suscipit et molestiae sint nihil ducimus at quasi. Repellat corrupti sunt ex autem earum dolorem eum officia reiciendis quibusdam sequi repellat, quisquam aspernatur. Fuga nihil, reprehenderit illo exercitationem velit earum doloribus quia nemo odit qui fugiat incidunt est. Doloremque assumenda minus corporis fuga rerum ea, quia sed repellendus pariatur aut odit totam quia. Nam quod est et voluptatem facilis voluptatum numquam tempora natus beatae expedita cumque molestiae sequi. Ut atque praesentium quae perferendis voluptas dolor doloribus veritatis tempore natus ab, ipsa sit accusantium. Ipsa molestias sapiente reprehenderit aliquam aut consequatur aut dolor soluta et neque distinctio eum tempore. Sunt eum laborum itaque consequatur delectus rerum tempore quo iure eum nisi error cum et. Qui vitae quasi voluptatem cum rem reprehenderit rerum et omnis, ut et molestiae qui cupiditate. Eos mollitia debitis et consequatur aut molestiae enim est provident voluptatibus alias excepturi et soluta. Et ullam incidunt sit distinctio aut facilis rem distinctio voluptas veniam quidem distinctio cupiditate eveniet. Possimus velit sed, reiciendis ut consequatur rerum est repellat commodi hic qui fugiat perferendis quas. Omnis possimus eum sit deserunt dolor officia sunt culpa quo ut inventore asperiores quae numquam. Sequi omnis qui enim quia quam repellat aperiam et deleniti facilis ratione tempore iste similique. Sed impedit nam obcaecati dolor vero quibusdam nostrum alias harum provident sed voluptatem culpa fugit.\r\nQuod totam nihil et ducimus sit aspernatur dolores tenetur quae commodi in cumque aut voluptate. Numquam rerum dolores laborum minus cumque rem hic ut qui quidem, in cum deleniti natus. Reprehenderit recusandae et, quia alias quis nihil obcaecati consequuntur omnis corporis maiores repudiandae non velit. Aut quia qui nobis explicabo autem sed inventore eaque laudantium, eveniet perspiciatis voluptatum ipsa nisi. Ratione libero, odit molestiae maxime dolorem tenetur ut blanditiis vel commodi voluptatibus tempora rem in. Obcaecati sint sit nesciunt quos delectus facere, omnis aliquam est nisi qui laborum dolorem sequi! Itaque fugiat laboriosam mollitia illo voluptates est exercitationem totam praesentium impedit fugit harum laudantium dolor. Dolor ratione autem perferendis tempore cumque iure nisi in provident id in autem perspiciatis ea. Quisquam ea ducimus, et dolor atque nulla est sed et provident cupiditate qui quasi nam! Dolorem odit consequuntur libero ut velit in adipisci sit itaque nesciunt ducimus ullam sunt nemo.', '1', '2', 'Luis_Fitch@example.com'),
('05719745201', 'Quo placeat, culpa voluptatem enim eum est eligendi aut ratione placeat libero iure amet accusantium. Id alias et eligendi vitae inventore nobis aut aliquam sequi quidem sunt eaque inventore nihil! Consectetur aut illo, et rerum quod omnis suscipit et quisquam est commodi repudiandae ut error. Commodi earum laudantium eaque saepe quaerat voluptas quae sed aperiam et numquam officiis qui aut? Id tempore dolore et, omnis odio earum dolorem aut culpa totam explicabo minima quia voluptatem. Voluptatem debitis cum officiis et nam aliquam veritatis error animi ducimus qui voluptatem ut modi! Sapiente sequi officiis nihil eaque minus porro atque beatae quis sunt aut voluptas autem est. Esse necessitatibus quam doloribus voluptas ut reiciendis optio nemo, explicabo sit architecto voluptatem ab at. Labore fuga earum vero ipsum libero et illo saepe autem odit cumque illo neque doloribus! Repudiandae aut quia, saepe eum laboriosam porro harum odio iste magnam maxime quidem consequuntur corporis. Atque sit sunt eveniet ut nostrum, et consectetur voluptatem aut consequuntur animi rerum enim qui. Quia iste, enim rem ducimus non esse atque rerum et voluptas laboriosam sit neque quia; et omnis vitae maxime numquam ut molestiae sint sit vel sit vel ullam illo vitae; eos omnis est, id commodi nostrum voluptate eligendi assumenda earum ea velit illo pariatur velit.\r\nMolestiae ipsum fugit, unde vel quasi est aperiam in tempora earum sunt obcaecati laudantium qui. Nam qui eum enim fuga natus voluptatibus, iure perferendis facilis quis minima officia minus quidem? Libero incidunt, velit voluptates numquam repellendus ea culpa quidem ea recusandae ut voluptatem voluptas perspiciatis. Aliquam temporibus quae distinctio quasi enim aut tenetur earum sit quidem id sit explicabo voluptatem. Explicabo omnis eligendi est ut officia architecto odio excepturi corporis sint, voluptatem animi quos aut; rerum officiis id magnam eveniet voluptatem est fuga magni ullam laborum earum illo voluptate quis.', '5', '4', 'Paul.Ruby22@example.com'),
('09975379544', 'Officiis aspernatur est impedit, dolores corporis alias qui explicabo tenetur aut ad et aut deleniti. Adipisci impedit, numquam necessitatibus et accusamus voluptatibus qui quis distinctio ipsa voluptas aut voluptatem tenetur; consequatur minus corporis et magni quibusdam laborum quasi labore voluptatum nihil obcaecati est rerum ullam. Nemo delectus placeat ducimus aut cupiditate non quia sint nulla totam quod unde voluptatem soluta? Eius obcaecati est qui, maxime et voluptatibus qui cupiditate molestias maxime harum voluptatem cumque ab. Cum iusto, est ex voluptatum voluptatem non ut modi iure natus culpa vel in eligendi. Numquam nulla quas cumque velit officia vel vero perspiciatis et veniam qui dolor aperiam eligendi? Soluta velit, repellendus velit beatae voluptatum illum tempora accusamus sed alias nemo sit a iste. Consequatur sint sed aliquam qui velit doloremque adipisci a tempora iste, ea error non alias. Odio eveniet blanditiis consequatur provident ut adipisci quia qui molestiae delectus omnis ut facilis qui. Dolor aut et inventore consequuntur sit in accusantium ut quo ipsa corrupti et tempora nisi? Et laudantium officiis error rerum architecto perferendis soluta laboriosam eum minima fugit eaque ut recusandae. Expedita delectus esse labore quos qui rerum, blanditiis nam provident error reprehenderit in placeat odio!', '5', '3', 'Metzger975@example.com'),
('16532653988', 'Dolor sint quo consequuntur pariatur sit quod qui sed illum non deserunt sed eveniet eum; vel et sunt unde totam rerum provident quos nemo repellat eligendi doloremque et quis veniam. Voluptatem aut numquam voluptatum fugiat eum corporis qui est voluptatum atque commodi ducimus ut est. Molestias distinctio obcaecati et expedita vel ut animi in et quisquam quod earum incidunt saepe. Ut molestias et aut eius amet assumenda laboriosam enim laudantium consequuntur voluptatum fuga ut reiciendis; similique et officiis quis et ea molestiae temporibus perferendis harum maiores eveniet qui quia eos. Placeat vel veniam non iure veniam quo ut minima temporibus illum et est laborum adipisci; id eos voluptatum rerum sed ratione repellat quia ut blanditiis et fugiat illum nihil officia. Sequi vel quae enim qui aliquam ab aliquam praesentium vel soluta est omnis quidem vero. Quaerat ducimus sit at quia quis vel nemo quod earum temporibus rerum eaque dolor qui! Id numquam accusantium molestiae rerum dolorem maxime delectus similique voluptatum ex quae iusto voluptas consequatur. Dolore et vero fuga ratione est officia ipsa accusamus sit ipsum esse fugiat et sit. Dolorem iure, quam aperiam veniam voluptatum culpa id ab totam quia minus officiis debitis et. Qui quo voluptatum ex ut qui, consequatur ut earum doloribus qui cum voluptatum iste officiis! Sunt ducimus voluptatum, numquam ullam laboriosam quas dolores inventore voluptatem dolores minus quaerat animi accusantium. Distinctio possimus, nulla omnis impedit enim amet iusto sunt numquam ut officia rerum aliquid deserunt. Est laboriosam doloremque voluptatibus aut et maiores voluptatem sequi et quae et non nam architecto; doloremque sunt placeat ut error dolor adipisci et facilis reprehenderit ea eos explicabo incidunt iste. Illo eligendi in dolores maiores itaque possimus placeat doloremque in accusantium est quas itaque dolor; aut vero iste eum omnis voluptatem sint deleniti repellendus voluptate blanditiis voluptatem inventore quas totam.\r\nQui enim et quibusdam quae qui doloribus veritatis aut magni porro qui beatae pariatur deleniti. Dolore eum qui officiis aperiam cupiditate tempore obcaecati ipsam nihil dolorem mollitia aut voluptatem perferendis? Velit illum dolore impedit et aliquam error commodi sit ut laborum unde nam tenetur doloribus. Non qui, quae corrupti distinctio aut est a nam est iure iste voluptas dolorem dicta. Veritatis autem libero consequatur aut ea error id aperiam quas commodi et dolor et corporis? Voluptatem et optio et quas alias, omnis qui sint modi et repudiandae ipsam et rerum. Non ducimus rem recusandae provident et qui fugiat nobis qui nisi omnis quo temporibus ducimus! Dolores ea praesentium et consequatur iste officiis cupiditate quidem dicta temporibus minima odio eos ut. Maiores enim quidem autem non reprehenderit ea quo quisquam nostrum autem provident explicabo velit voluptatem. Deserunt vel totam, accusamus qui tempora rerum quis voluptas ratione sunt fugiat quo laboriosam aut; inventore quia unde aut vitae dolor deserunt qui doloribus deleniti mollitia quidem id recusandae rerum. Enim est et quo sunt aut omnis accusantium similique iste ipsum recusandae aut cum quos. Iusto suscipit mollitia sint optio veniam mollitia non voluptatem doloremque nemo modi explicabo quisquam quis! Temporibus ipsa et dolorem, odio ex itaque expedita soluta voluptas provident amet laboriosam velit cum. Numquam quidem eveniet atque, quis accusamus quam est esse dolorem fugit pariatur fuga id nulla. Aut iste nemo, suscipit sit id libero cum voluptatem qui autem in et ipsam eos! Maxime commodi in perspiciatis tenetur quia amet voluptas in vitae voluptatum est eligendi omnis dolorem. Aperiam quis iure quis placeat magni, quas dolore laboriosam aut ducimus consequatur explicabo ad enim.\r\nSaepe et necessitatibus nulla ducimus odit natus voluptate mollitia quia tempore corrupti quae vitae ut. Asperiores aut et, nesciunt molestiae magnam nam quis aut non rerum et ducimus sit quis. Qui recusandae at possimus debitis libero doloremque necessitatibus minima maxime, voluptas similique voluptatibus dolores omnis; aut ut quia et autem, ea voluptatem reprehenderit ea saepe accusamus veniam doloremque quos vel. Commodi delectus et sed quam ut distinctio numquam et nam error impedit sint sunt voluptatum. Ea dolores placeat labore sapiente quia recusandae ea rerum ut rerum quibusdam, ea et beatae. Ipsum voluptatibus exercitationem, repellendus voluptates voluptatem deleniti sunt magnam quisquam dicta qui ea ut laborum! Ex maiores saepe blanditiis omnis est accusamus nesciunt provident animi laboriosam dolores beatae non facere. Fugiat dignissimos voluptatum quod, exercitationem vel minus est quia aliquid nemo impedit dolores vel consectetur? Ea ut qui consectetur eos, nesciunt a et tempora voluptatem quo nemo facilis totam non! Qui ex voluptates minus voluptatem est et excepturi sed provident iste quisquam et molestiae iusto. Aut porro perferendis sequi qui amet culpa eum aliquid ratione facere deleniti, hic corrupti doloremque. Veritatis cumque aut tenetur, et debitis rerum saepe dolores totam enim aut alias recusandae voluptatibus. Est dolor debitis rerum doloribus totam et suscipit dolores laboriosam ea sed cupiditate recusandae minima! Mollitia corporis sapiente quaerat deserunt accusamus voluptatibus aliquam nostrum nobis at quis rem unde cupiditate.', '1', '3', 'ZachariahDougherty@example.com'),
('15378680686', 'Enim molestiae culpa eligendi ullam beatae at dolor ut nihil sint temporibus iure blanditiis eum. Debitis dolorem quisquam qui repellendus harum officiis dolores unde obcaecati est corrupti facilis iure explicabo; minima dolor velit officiis minus delectus voluptas consequatur velit voluptatem non et dolorum dolores quas. Ullam nam fugiat nesciunt aut dolorem animi voluptatem in, nesciunt quia aut ex ab numquam! Suscipit ducimus est rem quaerat eum sit ab ea aperiam aliquid quis aut autem voluptatem; eum esse corporis omnis architecto quibusdam voluptates obcaecati alias vel vero aut eius qui quidem. Deserunt ducimus vitae natus aperiam cupiditate quos consequuntur consequatur laboriosam porro voluptatem corporis quia quo. Dolor rerum dignissimos laboriosam, est velit distinctio dignissimos atque nihil aut est accusamus facilis suscipit. Ea aliquid porro nemo id et iste, in excepturi asperiores voluptatibus atque voluptatem sed sapiente. Voluptates voluptatem quas voluptatem eum nulla id cumque atque nemo quia reprehenderit sapiente voluptatem molestiae. Dolorem incidunt officiis in et vel enim ad et praesentium enim sed nobis sunt et. Magni accusantium voluptatem, cum rerum pariatur qui sit ut fugit laudantium dolor id eveniet dolor. Est ea quo sed ab maxime quasi et quos repellendus qui aspernatur officia illo ut! Eveniet quaerat rerum veritatis tempore, id cum esse modi eum quia illo sit quis et. Aut exercitationem ut excepturi dolorem voluptatibus placeat exercitationem, ea est at quis id enim et? Ab modi voluptatem labore ipsa cupiditate id sed ut qui earum voluptatibus non et sed. Eum deserunt rerum mollitia assumenda nemo rem sunt sequi repudiandae consectetur illo fugiat totam ipsum. Similique sed qui aut sint tempora quas maxime non in aspernatur et non at hic! Dolor autem quis voluptatem reprehenderit impedit, itaque aperiam rerum distinctio provident quisquam exercitationem voluptatem sint. Commodi adipisci aut et dolorum sint architecto earum corporis quaerat voluptas deserunt possimus omnis facere...\r\nEaque aut dolorem dolores et iure rem, distinctio magnam pariatur eum unde neque odio voluptatum. Voluptatem illum laborum commodi, sint omnis aliquam sequi voluptatem similique quas consectetur saepe laborum asperiores. Nihil eos rerum porro molestias est quia labore omnis corrupti ad corrupti iusto provident ex. Non et in pariatur et illo nam a quos fuga recusandae est ipsam iusto dignissimos! Eveniet voluptatem fugit, ut adipisci est veritatis ipsum aut provident et sed ratione sit nobis.', '4', NULL, 'KierstenBenefield26@example.com'),
('26319080405', 'Nisi id molestiae sapiente, consequatur ut totam est accusantium est consequatur ratione consequuntur qui nihil. Debitis id recusandae cumque iure dolor fugiat velit ut maiores natus ea voluptas quasi eius. Aut incidunt facere quisquam non quae id et voluptatem inventore natus sunt blanditiis est eos. Dicta quas aut ut vel asperiores in eligendi inventore recusandae error ullam et deleniti explicabo? Ea odit est enim modi molestiae omnis fugiat, tempore perferendis et nisi consectetur et ut. Dolor aut est a molestias nulla et fuga eos ad nostrum alias rem aut et. Consequuntur sit explicabo quidem minima quos qui distinctio et sunt suscipit fuga blanditiis tempora rerum. Et assumenda facere deserunt omnis eum totam laboriosam ad praesentium velit porro quos voluptas earum. Nobis cupiditate voluptas eveniet voluptas doloremque voluptatem veniam earum eum natus consequatur sed reiciendis dolor! Vitae impedit provident sint delectus est placeat est voluptates dignissimos quasi aspernatur recusandae saepe incidunt. Odio dolor non odit rerum nihil tempora sint repellat error alias sed molestias provident est! Aspernatur et quisquam facere ut facilis aut recusandae eum qui perspiciatis cupiditate expedita dolore veniam; impedit voluptas ipsum sed aut molestias laudantium est nihil cum expedita delectus nihil voluptatem sunt. Dolorem dolores nobis officiis non repellat delectus sed est architecto voluptates suscipit ut officia assumenda? Laudantium ipsam velit sit fuga cupiditate nobis aut a eum qui iusto nihil aut ullam. Illo cumque animi expedita officiis voluptas modi distinctio earum quo aut et quam veritatis et. Numquam fugiat repellat maiores quidem voluptatum libero qui tenetur voluptatum, vero aliquam dolores doloribus aut. Sunt dolores labore vel voluptatem modi id ad atque rerum expedita voluptatum eos maxime animi? Deleniti odio asperiores esse adipisci sunt molestiae nam at aut dolorem veritatis quasi nulla qui; aut commodi eum velit sunt qui aut, amet officiis ut incidunt consequatur sint iure incidunt.\r\nEx nobis qui sit quis, sed cum a amet similique ut veritatis doloremque enim sint; praesentium consequatur suscipit maxime, sapiente quia illum sed voluptate doloribus soluta quis unde ex debitis. Totam aut tempora dolore quas est non ipsa vero laboriosam aut dolorem voluptatibus rerum quia? Aut molestiae fuga amet nesciunt officiis amet tenetur possimus in culpa earum quae culpa illum. In consequatur quia sed quo dicta eveniet error vel eligendi vero optio qui numquam blanditiis. Qui ut illum error temporibus tempora accusantium suscipit placeat error adipisci voluptas ea tempore consequatur! Aperiam nihil, praesentium nisi quis omnis est maxime quasi libero quia dolore veniam ab et.\r\nVeritatis ut possimus, voluptatem repudiandae aut illo sint eveniet consequatur iste laudantium reiciendis porro quisquam. Quas quibusdam, laborum facere doloremque qui labore qui consequatur laborum magni tempora et aliquam laboriosam! Amet mollitia, est commodi sed eos minima voluptas ab dolorum neque et enim non hic. Rem quia rerum eligendi molestiae dolor harum quo commodi eum atque reprehenderit et animi dicta! Voluptatem et reprehenderit vel est, non aut suscipit odio et nostrum qui eligendi aliquam praesentium? Nobis qui sint nihil suscipit iste, molestiae aut voluptas doloremque suscipit enim tempora placeat autem. Ratione est, debitis at nesciunt ratione hic voluptatem iusto repudiandae molestiae nisi fuga ut accusamus! Et aut molestias molestiae optio officiis natus ut aut amet ut dignissimos, ea dolorum qui; eligendi veniam dolores inventore est, et temporibus nesciunt consequatur optio repudiandae ad ut labore quo. Iure et optio nihil, laborum non itaque dolore ut harum sed reiciendis iure voluptatem obcaecati. Tempora sint vel et deserunt quia id dolores mollitia repellendus cupiditate asperiores laborum necessitatibus quo? Non velit et, eos et modi velit eos veniam aut nihil et quia odio accusamus. Laborum incidunt quidem ratione et eaque reiciendis ut enim expedita sint fuga est distinctio non. Fuga voluptatibus maxime velit fugit quia, provident enim perferendis at velit illo provident nesciunt eaque.', '3', '3', 'ChristianaArtis@example.com'),
('56849328640', 'Enim optio eos et maiores fugiat laborum quas qui distinctio sint aut voluptate ut sunt. Qui esse consequuntur ea voluptas, reprehenderit veniam laudantium vel ut voluptatem quaerat quo voluptatem expedita. Nam ut ex aperiam est suscipit qui possimus sunt maxime voluptate optio soluta alias sint? Qui quis quidem iusto voluptas eaque dolore dignissimos voluptas nihil cumque qui laborum tempora ex! Quo aspernatur ut explicabo omnis iste ut at in et numquam laborum aut qui aut. Quis nobis recusandae illo officiis expedita, reiciendis eum totam dolores fugiat nihil soluta quae repellendus! Et ratione vel consectetur, id eos id officiis molestiae voluptatem autem nisi quos recusandae labore; consequatur non, ducimus voluptas aut harum quia pariatur qui quod perferendis odio iste totam officia...\r\nAnimi quia omnis, ullam beatae corrupti unde fugit vitae saepe dolor cumque porro voluptates earum; tempore quia blanditiis aut velit accusantium asperiores necessitatibus quis omnis exercitationem tempore voluptatibus beatae culpa. Quos veritatis voluptas voluptate blanditiis temporibus vero eaque in mollitia iste optio deserunt et qui. Accusamus quasi cumque sit qui asperiores corporis distinctio, officiis animi ut et ratione numquam et. Et similique alias, rerum earum et quasi illo praesentium odio et esse sit a qui!', '2', '1', 'DarnellJeffries476@nowhere.com'),
('82697563700', 'Ea explicabo ipsa, sed omnis aspernatur voluptatum quia voluptatem ut corporis cumque ipsa suscipit eveniet. Sint ea eaque voluptatem et fugit nisi id qui est fugit accusantium quos vitae fugit! Assumenda quo provident autem sint minus quaerat distinctio id ea aut animi eos qui eum. Iste magnam voluptatem non possimus repudiandae quidem excepturi ut ea ex voluptatem obcaecati eos ratione? Qui beatae minus, id libero illum rerum expedita eum sed aut labore laborum distinctio non. Quidem quia unde saepe earum omnis qui corporis hic quos aut dolor eligendi tenetur ducimus. Cupiditate voluptates, deserunt quas iure necessitatibus sed molestias laboriosam et distinctio consequatur quidem beatae veniam. Iusto quisquam nihil maiores qui eius facere repudiandae optio nihil est aperiam ea eum numquam! Ipsa eos quasi nobis voluptatem quidem officia voluptatem sed non voluptatem sed quam voluptas ea. Voluptatem odit itaque nostrum et, rerum molestias et aut animi reprehenderit incidunt et voluptatem aut! Commodi eos, cumque adipisci ut et expedita tempora magnam velit aspernatur culpa et nemo amet. Dolor incidunt nesciunt error asperiores doloremque animi eos obcaecati impedit necessitatibus minus beatae ipsum aut? Sunt libero, labore veniam ratione voluptas laboriosam voluptatem nisi ut voluptatum ut doloremque corrupti iusto! Repellendus suscipit et ipsa quasi ipsa ut est et pariatur nesciunt natus fugit rerum odit. Tenetur consequuntur molestiae quasi ea nesciunt sint est sed officiis doloremque nihil dolor qui blanditiis! Saepe dignissimos, mollitia rem ipsum voluptatibus laboriosam voluptatibus tempora aut ut neque commodi assumenda pariatur; officiis vero odit veniam nesciunt veniam, et officia dicta voluptas totam sint nisi aut saepe. Et qui ea rem sunt labore qui, repellendus ea ut magni incidunt dolorem natus cupiditate.\r\nAut nulla eos commodi veniam placeat eum qui cumque vel minima omnis asperiores ipsum molestiae. Cumque facilis rerum voluptate, aut molestias porro ratione blanditiis in non eveniet fuga dolorem tenetur! Officia et porro id quidem, velit voluptas est minima molestiae amet non magnam dolorem neque. Vel est deleniti quisquam inventore nemo nulla nihil explicabo fugiat ut accusamus tempore vitae est. Doloremque consequatur veniam voluptas, qui sequi aut officia maiores nostrum sit expedita saepe ab quisquam. Asperiores deleniti mollitia consectetur est sint aut autem quia obcaecati nostrum quos accusantium autem eos. Quo nihil molestias fugiat tempore necessitatibus aut debitis fugiat eligendi quia corrupti deserunt eveniet quaerat; nihil et explicabo, dolores qui ut et possimus eaque rerum vero rem consequatur fugiat incidunt. Cumque sit quidem libero, est sit vero aut vel sit reprehenderit minima distinctio earum voluptatibus. Consequatur adipisci quia, placeat voluptatum est magni beatae aspernatur veniam explicabo et autem qui cumque! Ut non consequatur in voluptas sed dignissimos qui magnam omnis odio odit vero, exercitationem quas? Dolores sunt reiciendis labore ut consectetur eum hic numquam qui sunt dolor perferendis ab rem. Cupiditate rerum velit consequatur eaque est, ut repellendus consequatur voluptatem voluptatibus aspernatur sint rem ullam...', '4', '1', 'Dion23@nowhere.com'),
('71956416795', 'Ut ipsam qui ducimus ad minus voluptas sit non dolorem id voluptatem corporis nihil deserunt.\r\nAsperiores sit veniam exercitationem commodi est tenetur magni et maxime et aut dolores sed rerum. Fugiat dicta aperiam cumque ut nesciunt esse aperiam qui dolore, reiciendis iusto consequatur suscipit tempora. Doloribus ipsum modi et voluptatibus reiciendis qui quidem velit et saepe et quasi adipisci molestiae. Et exercitationem distinctio nostrum libero laboriosam ratione quam aut quidem cupiditate enim natus libero fugit! Quo culpa, molestias dolor excepturi repudiandae id maxime consequatur nihil sit porro cum qui at; hic culpa, sit officiis veritatis provident ut consectetur a voluptatum ipsum omnis facilis sed harum; aut vitae numquam eligendi omnis deleniti a commodi reprehenderit eum libero aut enim excepturi consectetur.', '4', '2', 'Skinner@nowhere.com'),
('15618846087', 'Vero dolor mollitia accusamus officia dignissimos sed assumenda ducimus et voluptate deserunt ratione sed incidunt. Aut non ut voluptatibus, error ipsam accusantium commodi rerum nostrum ut qui ullam aliquid voluptatem. Ipsa excepturi aperiam facilis voluptatem impedit doloremque, quia praesentium amet dolores ab et numquam obcaecati; voluptas nihil eos nesciunt possimus, dolores voluptatem voluptates ullam voluptatum commodi expedita distinctio eligendi rerum. Quae quis sunt alias et, autem officiis blanditiis veritatis repellendus modi non pariatur numquam sunt! Sint voluptate assumenda veniam eos fuga magni quis ullam eos molestiae quo aspernatur reprehenderit commodi. Et dolorem voluptas qui delectus fugit vel quaerat non cum dicta reprehenderit sequi molestiae corrupti. Fugit molestiae optio numquam aut voluptates id aliquid laudantium dolores quo delectus ut, non sapiente. Aut totam magnam totam optio consectetur fugiat quaerat et nihil ut non et voluptatem quia. Ad enim nisi non neque provident cum ut sit temporibus libero, ipsam nisi expedita explicabo. Quos sapiente sed vel molestias accusamus nihil temporibus accusantium nihil nobis aliquid cupiditate molestiae voluptas.\r\nTemporibus id qui minus provident alias consequatur provident eligendi amet sit tempore est eum eos. Repudiandae voluptatem veritatis at delectus odio alias et eos ea explicabo qui repudiandae id aliquid. Rerum cum sequi temporibus sequi rerum praesentium ipsum unde et quas necessitatibus expedita sed vel? Non temporibus explicabo dolore et quasi quos quam iure vero minima eaque officiis dolores eligendi! Provident velit officiis aut fuga quam at sed hic qui ullam in consequatur ea harum.\r\nEst ducimus sed fuga sit culpa non corporis quo enim neque quia aut expedita quibusdam. Ullam maiores tempore ullam doloremque debitis omnis ab necessitatibus autem, ipsa consequatur omnis qui maxime? Incidunt quasi pariatur molestiae quae laborum vero, est culpa exercitationem minus commodi veniam est adipisci. Tempora eveniet quam, repudiandae odit quia sapiente dolore sit tempora sapiente ut ad fuga vitae.', '3', '1', 'Ojeda887@nowhere.com'),
('10857511157', 'Ullam harum nostrum reprehenderit et quia eius adipisci sunt architecto harum blanditiis provident eaque tempore. Voluptate voluptas ex sit est animi, est quis facere non vitae inventore natus in soluta! Magni placeat quasi minus, dolor suscipit sint ut iure sapiente possimus maiores eos omnis iusto? Molestiae corrupti, in quia incidunt consequatur voluptate iusto accusantium et doloremque et enim dolore reprehenderit. Esse soluta qui voluptatum earum vel, qui nesciunt quasi molestiae necessitatibus qui molestias et voluptatem; exercitationem obcaecati voluptatem ad molestias et minima, inventore quae minima tempora eos unde minima ea. Aut dolor ipsam quia soluta sunt, suscipit natus et sapiente rem illo sit dolor asperiores.\r\nAut omnis placeat incidunt, explicabo molestiae tenetur reprehenderit incidunt distinctio voluptas pariatur sequi quisquam esse. Sit est, facilis doloremque fugiat minima molestiae hic et qui tenetur rerum ipsam voluptatibus aut; modi consequatur atque dignissimos aut ipsam a distinctio nemo qui et rerum omnis quod quisquam. Sit perspiciatis, nobis ad ut et dolores aut cum eum quas quos iusto accusamus repudiandae. Quis voluptatem vel odio necessitatibus nihil magnam ullam non rerum aperiam voluptas consequatur est ut. Maiores ratione sunt sapiente esse et nostrum ut aliquid in explicabo et voluptates ut maiores. Rerum sint quaerat molestias voluptatem enim vel alias voluptatem cumque enim qui quaerat id et. Blanditiis harum dolorem neque repudiandae dolore sunt et vel magnam ratione repellendus iste itaque veritatis!', '5', '4', 'AlphonseY.Quinones175@nowhere.com'),
('99927369493', 'Voluptatem ea maiores eius nesciunt eaque mollitia omnis porro quia omnis autem voluptatem quos et. Quia eos temporibus quia eos quia animi blanditiis vel et saepe impedit, sed autem molestiae. Non eos vero voluptatibus sunt reprehenderit aspernatur et ut veniam deleniti, nostrum porro tempore aspernatur. Voluptas nisi dignissimos repellat ab quis quae non fuga consequatur et tenetur dolor voluptatum porro.', '3', '1', 'KierstenBenefield26@example.com'),
('32875551501', 'Sit quia itaque alias error ullam animi nulla qui quia aut qui corrupti tempore autem. Consequatur veniam quis et ut tenetur et autem odio itaque est praesentium eaque ipsam non. Odit dolor est at dolore, alias excepturi a molestias eum voluptatibus rerum maxime quo voluptatum; quia ut magnam enim vel voluptate doloribus a autem vitae accusamus earum dignissimos voluptatum dolores. Et temporibus quia itaque reiciendis perferendis repudiandae a vel facilis debitis sed quis laudantium in. At id sint, non corporis animi aut quae omnis totam itaque corporis pariatur debitis dolorum.\r\nFugit magnam ut accusamus, non ab voluptas nobis illum vel maiores deserunt ipsa at minima. Officiis sint amet quasi non eveniet et fugiat quaerat ad consequatur laborum et at quis. Quaerat minima accusantium, tempora at dicta quos et inventore adipisci incidunt asperiores nulla dolorem voluptatibus. Aperiam dolor vel minima qui vero delectus libero quae fugit aut dignissimos aperiam sint dolores! Distinctio officiis cum aliquam possimus error sint, ad velit voluptas et recusandae et repellat et. Blanditiis id, quis atque et voluptatem ea possimus nulla animi ipsum sequi animi magnam adipisci? Quibusdam numquam recusandae suscipit repellendus et omnis quo ea et aut non sed vitae voluptatem. Ut a optio error iusto at, quia illum voluptatem qui omnis asperiores necessitatibus est ipsam! Sit dolores ab nemo laborum autem at nulla ducimus sit commodi non ullam aliquam magni.\r\nAmet eius temporibus in ullam expedita amet itaque magnam quaerat consequatur ut dolorem consequatur animi. Maxime dolore voluptas voluptatem, saepe reiciendis ipsa temporibus officiis repellendus magnam non nobis tempora maiores. Nulla minus est minima, doloremque quo et rem soluta impedit ullam accusamus aut qui vel! Voluptas blanditiis qui aperiam ut amet ut quo perspiciatis aut sed, consequatur corporis qui unde. Esse quod eligendi dolores saepe eaque optio accusamus delectus corporis porro ex quia debitis ab! Suscipit totam itaque adipisci ut vero autem et illum sint reiciendis temporibus magni optio sunt. Error neque et ipsa aperiam tenetur rem maiores accusamus sunt porro nihil facere quia accusantium. Velit aut, est deleniti adipisci ut eum aliquid odit facere harum optio obcaecati quos ipsa. Debitis quasi fugit et dicta aut modi ad et eos quisquam et optio recusandae totam; laborum odit aut voluptate delectus eligendi deleniti id impedit sit velit impedit iste sunt ex. Quia dolorum ut incidunt quisquam voluptas est ut facilis, molestiae ut suscipit non enim et! Excepturi natus aut dolor, voluptate tempore ullam et accusamus repellendus officiis sunt quisquam voluptatum sint. Ullam provident eaque repudiandae nam qui provident rerum adipisci ut nostrum incidunt quo et eum. Quos qui ut, velit sint quos quae laudantium ullam aspernatur ut libero numquam et maiores. Voluptas maiores dolor ut autem vero molestiae error libero est aliquam aut voluptatem voluptatum aperiam. Eius autem quisquam veniam velit ut officia qui amet impedit rerum excepturi quae sint accusamus? Voluptas et optio quasi quia eum est dolorem eveniet quis nobis ut qui corrupti quia. Ea odio, voluptatem laudantium animi quia sint odit nobis iusto vel deserunt cupiditate maxime facilis. Vero amet nihil accusantium doloribus dignissimos sunt voluptatum sapiente et dignissimos iste magni officia repudiandae.', '2', '1', 'Golden.Katz17@example.com'),
('30778475251', 'Laborum praesentium aut labore vel tempora ad voluptatem delectus suscipit omnis error voluptates ea sed. Perferendis voluptatem aspernatur aut dicta eius quaerat, molestiae porro repellendus beatae impedit illo ea quia! Enim nulla magnam maiores labore et repellat ab repellat qui suscipit quia temporibus est dolorem. Perspiciatis eos consequuntur ut nemo necessitatibus possimus nihil quas eos quod laborum itaque ea quia. Illum culpa ut corrupti nesciunt nihil similique sunt commodi aliquid, et obcaecati ut sunt pariatur! Ut voluptatem ex ab dicta ratione magnam dolore quisquam et corporis dolor ullam sint a; beatae voluptatem nesciunt, sed adipisci ducimus totam nemo beatae sint vel ut molestiae laboriosam earum? Voluptas quia deserunt blanditiis ut eaque et cumque error accusamus iste qui et est architecto. Animi eum sit, vero aperiam quae neque autem nobis quibusdam et ea in exercitationem molestiae! Voluptate consequatur voluptas, commodi qui iste error fuga qui ab corporis molestiae doloribus expedita iure. Et cupiditate qui, quia itaque nemo inventore deleniti ipsa repellat quibusdam enim illo ut enim. Provident repudiandae quo error nisi iste ut corporis ullam non distinctio unde laboriosam molestiae modi. Perferendis in fugiat doloremque qui vitae hic voluptate obcaecati qui est sit ut perferendis dolores! Ullam minus sunt qui quasi eaque ut cumque odio sequi nostrum qui fuga veritatis odio? Omnis fuga et error voluptatem quod praesentium deleniti impedit est beatae ut consequatur earum ipsam. Et nulla, modi ut suscipit dolores quia tenetur repudiandae praesentium voluptates earum vitae dolorum dolor. Sint est eveniet est asperiores odio aut aliquam ipsum ratione eum voluptatum numquam est provident! Sit quia earum enim ut mollitia nobis ratione et sed dolorum quibusdam est vel voluptas. Est quidem labore consequatur qui, doloribus aut exercitationem sint ut consectetur est qui ipsum temporibus. Enim natus, odio tempora illum eos quo recusandae optio quaerat repellat rerum non dolorem pariatur.', '2', '5', 'AlfonzoLance42@example.com'),
('36153430371', 'Excepturi quia ut voluptatem inventore magnam enim sapiente provident adipisci vel sint est eos omnis; ad suscipit, rem eos nesciunt nostrum facere odit aut beatae minus et eum blanditiis esse...\r\nRepellat magnam, doloremque omnis culpa non tenetur aut nesciunt quisquam veritatis quos accusantium quia nam.\r\nSaepe consequatur eaque consequatur et itaque exercitationem natus aut sit nihil debitis qui adipisci voluptatibus. Id tempora quis, amet nostrum sit voluptatum tenetur rerum pariatur tempore velit nihil voluptatem dolor. Hic enim ducimus nemo esse obcaecati nobis sint illo minima id aut explicabo optio consequatur. Est aut tempore sit rerum dolor reiciendis perferendis fugiat voluptas eum deleniti repellat vero dolores. Voluptates porro est sed et cum ut veniam quia placeat quod consequatur soluta eligendi consectetur. Animi ex ad animi est pariatur dolores voluptatem reiciendis vitae magnam aliquam inventore dolor et. Aut sit, dolor deleniti vitae enim placeat vel error sed perspiciatis est nobis odit consequatur. Maxime repellendus animi sunt, ipsam similique ipsa error eos voluptatibus dolores qui impedit voluptates ut! Inventore numquam, rerum possimus illum autem enim voluptatem quis aut eum maiores facere a qui. Illum neque in vel sed nihil est aperiam aut omnis aut officiis aut eum praesentium. Dolor obcaecati porro sint velit sed repellat amet fuga eum in nam, deleniti autem qui. Fugiat sed quis debitis eos tempora dicta rerum ad aliquam adipisci et pariatur sequi exercitationem. Eaque dolores quidem, repellat et ipsam harum quasi pariatur non facere minus atque quidem nihil.', '2', '1', 'KierstenBenefield26@example.com'),
('89855277142', 'Rem quas unde minima aperiam eos illum libero assumenda qui esse quo qui amet fugiat. Omnis praesentium nihil ipsam perspiciatis quasi tempore perspiciatis fugit in hic omnis sed reprehenderit molestias? Soluta dolorem enim rem quia molestias soluta omnis ut aut et nam dignissimos quasi ad. Voluptas libero quos sit laudantium fugiat quia enim voluptates illo odio itaque in sed aut. Nulla perspiciatis quia est odio voluptatibus natus ut quidem a repellendus non obcaecati ad quos. Rerum rerum harum doloribus et nisi at eos sint id aut laudantium consequatur libero corrupti. Ut aut nihil blanditiis distinctio ad qui in aperiam sed libero reiciendis consequatur quidem ipsa.\r\nSunt assumenda, eum pariatur odit in dolor commodi sit minus rerum ut cumque quia quis. Architecto ut ad ea vitae est maiores, eaque reiciendis obcaecati cumque dolore deserunt dolorem placeat. Dolore et minus animi dolores ut voluptatibus est sunt nihil quasi eveniet quia voluptatem nihil. Officiis laudantium et aperiam et velit, rerum quidem qui sed minus voluptatum mollitia sit qui? Et est ut doloribus, assumenda consequatur modi distinctio sunt similique soluta animi voluptatem dolor inventore. Explicabo voluptatibus quis itaque, voluptatum consequatur reprehenderit sapiente quia aliquid voluptatem temporibus ab est debitis! Veritatis maxime ratione, possimus eum dicta iure magnam minus blanditiis maxime consequuntur et aut libero.', '2', '3', 'MoffettD@example.com'),
('23916750687', 'Ad vero dolorem perferendis voluptatem sit officia laboriosam qui sequi cum perferendis ad minus doloribus. Autem quod vel blanditiis, numquam corporis mollitia ut consequuntur corporis doloribus consectetur dolores aspernatur iusto. Architecto beatae aut voluptatem ex aut error est autem est eveniet ex nobis consequatur minima; aut sunt consequatur cumque consectetur dicta consequatur eos in, ut tempore tenetur culpa iste quibusdam. Ea animi doloribus ex expedita, asperiores molestiae laboriosam quasi ea enim nostrum a qui est. Voluptate pariatur optio sunt molestias ipsam eum, dolor quasi rerum velit nihil et corrupti eligendi. Aliquam amet reiciendis tenetur ut voluptatum quidem omnis veritatis nam sit asperiores voluptas voluptatem est.\r\nIste dicta debitis, aut voluptatibus aspernatur ipsum deserunt id iure voluptatem neque reprehenderit ipsum dolore. Distinctio quidem porro sit ipsa labore harum aut sit ut praesentium accusantium iste ut qui. Ut voluptatem repellat voluptas error totam est omnis nam, aperiam facere ab enim odio vel. Repudiandae eius veritatis provident commodi inventore deserunt maxime in aut beatae ratione nam recusandae quae.', '3', '2', 'Wahl8@example.com'),
('49383656182', 'Unde ut omnis aut et labore et eius, distinctio aut incidunt provident minus ipsa facilis. Enim et commodi eos repudiandae est perferendis eos magnam odit est sit neque modi sunt; ut minima, quia error id est nobis sit molestias sit aut sed maiores incidunt dolorem; inventore deleniti ut magnam aliquid deleniti, voluptas mollitia id et beatae libero quis ratione ut. Et in aut non repellendus sit dolore dolores commodi iusto et assumenda dignissimos quis sint! Rerum provident similique vel ipsam in eos sapiente illum quam repudiandae dolorem sapiente numquam facere. Eveniet quaerat veritatis eaque qui obcaecati ab fugit aut praesentium alias quibusdam dicta voluptatem ratione; voluptatem amet et beatae ducimus possimus voluptatem laborum minima voluptatum autem ut quam sit libero? Consequatur voluptatum et perspiciatis dolor ipsa quasi nemo voluptates ut illum aliquam est voluptatem doloremque. Rerum labore eos, debitis similique laudantium quasi ut dolor explicabo officiis quos libero id deleniti; distinctio aperiam tempora, odit iusto sit doloremque et sequi ipsum voluptatibus sint sit consectetur eligendi. Quia adipisci aperiam autem aspernatur sed eius nostrum dolores tempore quod voluptatibus omnis aut quas. Eum unde, error deleniti est quos nulla et facilis numquam porro omnis aliquam consequatur vel. Quia animi rem sint ut sit ex, nostrum maiores saepe nihil soluta sit necessitatibus est. Quaerat adipisci ut, nihil commodi voluptas qui voluptatem vel adipisci hic reprehenderit est sit est? Quaerat tenetur non dolor qui porro aperiam dolores maxime, repudiandae deserunt consequuntur ut qui inventore.\r\nTenetur rerum a quaerat sit beatae culpa doloremque amet quia aliquid quo animi illo voluptates. Corrupti adipisci nostrum quae, culpa rerum sit voluptatum qui eius et quisquam voluptatibus perferendis iusto! Qui sunt aspernatur unde nostrum doloremque fugiat unde enim voluptas cumque nostrum aut officiis est. Ipsam provident dolorum et, excepturi voluptatibus dolor iusto odio quidem quasi ad voluptas cupiditate nisi; minima qui error iusto similique quis qui possimus ab ipsam sit error incidunt id et. Iusto aut ab ex ut culpa autem et id sapiente quas totam consequatur et dolor! Quia error quia iure rerum quae at ut beatae sapiente accusantium qui dolores aut et. Eos et quis distinctio, et eligendi dolorem repudiandae officiis omnis necessitatibus praesentium atque qui neque; perferendis autem delectus similique deserunt optio sit eveniet, qui aspernatur dolorum ut veritatis dicta delectus. Error modi, molestiae officia sit sapiente beatae dolor ex fuga enim cupiditate deleniti rerum distinctio.', '1', '3', 'Abbott@example.com'),
('22889529249', 'Est atque quos aut consequatur aut officiis exercitationem ratione voluptatem expedita aut consequatur facere rerum. Dolor modi dolores dolore laboriosam dolorem in est facilis distinctio rerum sint repudiandae distinctio doloremque. Et minima ut aut optio, minus adipisci rerum voluptatum dolore qui nemo itaque culpa et!', '1', '5', 'BardenZ@example.com'),
('33741712454', 'Delectus recusandae quae quia enim, aut qui voluptatem suscipit aut delectus cupiditate a eos quo. Officiis impedit doloremque ab voluptatem fugit dolores sint sed eum ipsam deserunt quo quod autem? Asperiores dolorum dolores aut excepturi deserunt ut, iusto doloremque fugiat cumque veritatis voluptas atque asperiores; doloremque quisquam rerum est veniam suscipit necessitatibus suscipit beatae inventore est et veritatis eum ut? Sint nihil pariatur voluptates, delectus veritatis aut cum harum aut est debitis excepturi et reiciendis! Ab est officia sed quasi itaque sint unde ut ipsa ullam deleniti quaerat maiores eos. Mollitia quaerat distinctio porro, et consequatur nemo pariatur est illum accusamus iure sit et dolorem. Numquam alias hic, inventore ullam sunt nostrum doloribus magni ut doloremque est provident nobis qui. At et maxime enim accusamus et qui blanditiis ullam dolorem enim, optio qui doloremque voluptatem. Qui incidunt facere numquam maiores et quisquam reprehenderit in quas quia et dolores animi dignissimos! Blanditiis dignissimos repudiandae impedit expedita debitis velit amet nihil dolorum necessitatibus optio sit in officia. Error est quia sit dolor expedita aperiam nemo dolorum impedit consequuntur in qui quam corrupti. Illum quos iure qui expedita in et error ratione sit veniam laborum molestias reiciendis vero! Sunt dolore magnam dolor qui, inventore obcaecati praesentium neque numquam iure totam aspernatur eaque non. Id sint quisquam non fuga rerum voluptate ab voluptas mollitia quibusdam obcaecati dolor adipisci accusantium. Optio et dolorum in similique eaque dignissimos esse, ipsam magnam et laborum quasi vitae voluptatem! Aut sed eum nihil ut nisi iste nisi aliquid commodi incidunt natus et provident eum.', '4', '4', 'ChristianaArtis@example.com'),
('90903198314', 'Vel doloremque aut aspernatur, et harum architecto voluptas non dicta consectetur eum asperiores iure adipisci. Molestiae ut numquam iste repellendus nihil et blanditiis dolor sint ad sit sed et voluptate.\r\nExercitationem sint, et omnis similique officiis quia vero nostrum maiores et eius assumenda maxime iusto. Optio repellendus aliquam provident consequatur atque cumque maxime eligendi quis beatae facere omnis sint culpa. Quia blanditiis corrupti quae deserunt aut dignissimos quia dolore dolores vitae sint et veniam similique! Repellendus pariatur accusantium perferendis praesentium delectus explicabo unde saepe eum sed expedita dignissimos eaque quae. Sint aut non quam architecto id impedit laboriosam aut perferendis deserunt consequuntur porro ut consequatur? Ipsa enim, id excepturi obcaecati esse aperiam quo id corporis vero cumque eos sit laboriosam. Officia vel in nam quibusdam adipisci quas consequatur reiciendis quam repellendus officia qui quidem iste? Sapiente ratione sed odit magnam aliquid ut non officiis omnis velit non eaque, officia repellat; quia laborum quo dicta et inventore consequuntur necessitatibus cum non et accusantium ea et rerum. Fugiat temporibus, maxime quisquam saepe possimus qui officia animi ea vel possimus est aut sed. Expedita veniam quia rerum accusamus obcaecati aut at et sint consequatur a reprehenderit ut magnam. Aut eos quaerat ut facere harum recusandae eveniet vel libero voluptate hic voluptatum sit rerum; sit ut soluta voluptatum incidunt autem voluptas rerum voluptatem sint id est quisquam blanditiis architecto. Ut consequatur aut deserunt laudantium, ut et quos voluptatibus est iusto tempore commodi tempore rerum! Officiis quo at quia quam placeat enim aut qui fugit ad incidunt perspiciatis voluptas voluptates.\r\nQuisquam tempore laboriosam at dolores et quia sunt ullam sit ipsum alias est dolor fugit.', '4', '1', 'BardenZ@example.com'),
('89695747279', 'Dolorem enim, qui ut eos corporis ut quia quasi natus repellat et repellat odio impedit. In sed et consequatur dolores atque alias, itaque consequatur aut architecto qui nostrum sequi ad.', '5', '4', 'AlfonzoLance42@example.com'),
('88774209779', 'Aut ex tempore repudiandae aliquid voluptas et, eius sint placeat omnis ratione sapiente architecto at. Rem commodi possimus tempore veritatis vel sunt, ut corrupti deserunt sit quo illo et aut! Architecto totam quae cum veniam facere dolorem omnis inventore porro voluptas sunt aliquam officia et. Consequatur totam deserunt ratione sed deserunt iure non iure odio fuga quas qui voluptatem hic!', '2', '4', 'DarnellJeffries476@nowhere.com'),
('99377423086', 'Consequatur est amet, odit voluptatem vel dignissimos sint accusamus vel rerum ex in dolor itaque. Quisquam qui omnis voluptatum nihil quas veritatis enim dolores animi et cumque dolor odio aliquam. Id sed iusto vero blanditiis omnis officia error quaerat quia similique minima qui aut sit? Eos aliquid, consequatur mollitia non assumenda in eligendi mollitia ipsam non hic quas aspernatur ut. Est natus animi similique nostrum et reprehenderit minima velit asperiores quis fugiat distinctio libero ex. Quibusdam deserunt dolores pariatur provident facilis sunt amet asperiores voluptates laudantium et error eos minima...\r\nMagnam dolor optio blanditiis sit blanditiis voluptatem ut velit omnis inventore sit hic ea ut. Labore quisquam qui, dolore odio ullam culpa nisi voluptatem eum facere ut eum ut consequatur.\r\nPraesentium omnis, aspernatur voluptatem fugit eveniet error sed rem dolorem odit quo qui ut explicabo. Dolorem nulla nesciunt dolores animi itaque qui adipisci error natus ab optio non doloribus et. Fugiat voluptatem voluptas natus non reprehenderit pariatur exercitationem labore sit porro accusamus aut non ut! Fugit rem quia corporis voluptas fugit quo a quia officiis delectus ipsum iure fugiat et. Nisi perferendis neque aspernatur aliquam quae harum omnis minima nihil eum libero odit vitae eos? Est sit labore at minima voluptatibus labore inventore nihil deleniti praesentium nemo eveniet officia corporis. Eos sint dolorem alias quibusdam aut ea dignissimos maxime ea ab voluptatem consequatur nobis eligendi. Et dolores quia, omnis molestiae ipsa ducimus fugiat enim harum molestiae sunt totam quia reiciendis. Eaque vero sed voluptatibus blanditiis saepe dolor magni maiores soluta, dolorem eveniet aliquam et numquam!', '3', '2', 'Hugo_Burnham@example.com'),
('41918236939', 'Velit fugiat veritatis tempore fuga odio, dolorem quia sequi recusandae quo mollitia ad labore et. Rerum et omnis eum officia est vero voluptas repellat ad placeat ipsam est esse dicta. Voluptatem quod omnis eos quaerat aperiam qui sed nihil velit perferendis perspiciatis maiores eos aut. Similique perspiciatis, aut illo et odit consequatur dignissimos optio qui quia velit esse mollitia corrupti. Est ipsum tenetur et omnis minus sit magni in et facere natus aspernatur voluptas dolor. Beatae ut, totam eveniet officiis odio minus incidunt maxime error unde voluptas magnam eum est. In rerum veritatis magni numquam nam repudiandae esse non quia vero excepturi non et quo!\r\nDeleniti est, necessitatibus nisi eligendi vero perferendis porro fugit similique nesciunt corporis minima enim corrupti. Tempore itaque voluptatem, autem est ullam sit et fugit quia voluptas consequuntur nihil aut in. Dolor vel mollitia voluptas dolor facere, vel accusantium quia vel voluptates sunt aut voluptates reiciendis! Omnis quo repellendus assumenda illo animi voluptate ea at et quisquam quis molestias ea amet. Eum dolores est praesentium ab nesciunt nemo debitis inventore numquam ipsam repellat odio tenetur et! Dolor illum eum aperiam suscipit voluptatibus quia adipisci dolor voluptas recusandae est dolorem corporis reprehenderit. Debitis ut ea vel obcaecati fuga neque atque odit labore vero veniam eius magnam adipisci. Iure tenetur ex exercitationem sequi officiis numquam omnis voluptatibus et sapiente consectetur placeat optio qui. Accusantium est unde commodi sequi maxime voluptatem illum neque officia eligendi molestiae reiciendis qui et. Fugiat animi, officia vel aut sint officia corporis sed et nostrum dignissimos voluptatibus rerum ut. Nemo aut neque quia eos eveniet asperiores ratione et sint ut omnis modi corrupti eveniet. Est qui velit maxime autem aut quasi accusantium, sequi ipsam ducimus est distinctio veniam nihil. Quia non est qui odio consequatur libero vel tempore et laudantium qui ut ipsum adipisci? Distinctio amet est ipsam beatae cum debitis rerum obcaecati aut natus enim veritatis quidem minima!\r\nAsperiores est, non rerum ut reprehenderit corporis nostrum ut doloribus vel magnam voluptates numquam suscipit. Sequi voluptatum at fugit ut aut et rerum est rerum minima culpa ratione harum quidem? Voluptatem eius soluta aut ut quia optio soluta aut rerum quo modi adipisci cum nobis. Quia corporis sequi est enim quisquam qui tenetur ipsam nam iste et dolorum modi distinctio. Quia veritatis magnam quo sint eius optio eum error perferendis sequi sunt dignissimos voluptatibus molestias! Dignissimos aliquam vel aperiam non, dignissimos tempore natus fugit voluptatum minus nemo cupiditate dolorem deserunt? Ipsum inventore ut ipsum incidunt optio et soluta est ducimus, quo debitis nam cum iste. Quis eum voluptas hic consequatur sapiente itaque autem ut ipsum qui error suscipit est qui. Quod dolore cupiditate laboriosam aliquid provident iure enim doloribus omnis maxime numquam fugit reprehenderit aspernatur. Sed voluptatem dolor, delectus rerum nihil qui dolores accusantium obcaecati accusamus et repellat commodi placeat. Voluptatem itaque sed a autem non est, ratione optio vel facilis consequuntur corporis aliquid distinctio.', '1', '3', 'Susy_Abernathy36@example.com'),
('06162976142', 'Et quos soluta nihil, quo voluptatem eum nobis consequuntur delectus debitis est repudiandae sit quidem. Alias velit quae eligendi sunt esse placeat harum, sunt est velit autem repellat non velit. Vel dolorem molestiae facere id totam consequatur accusamus sequi, consequatur delectus nobis nihil delectus assumenda. Quidem consequuntur deleniti officiis expedita eum rerum corrupti et aut voluptatem eveniet a est tempore? Ut itaque autem, rerum similique eveniet rerum magnam hic natus eos autem incidunt maxime asperiores. Rerum ratione ipsa molestias odio, qui molestiae eos unde dolor quae voluptas aliquam et non. Quisquam temporibus provident laboriosam officia ipsa eaque qui sint inventore delectus ipsam quos perspiciatis est. Sapiente voluptas laboriosam qui nemo eos molestiae ut sint quidem earum sed necessitatibus architecto voluptas; vel assumenda eligendi reiciendis nihil molestias, est amet libero necessitatibus sint qui earum qui ipsum? Labore omnis, nihil quia nostrum aliquid at quo saepe eaque dolorem corporis laudantium aspernatur quo.\r\nQuibusdam est, quia harum eum qui mollitia amet voluptatem sed delectus sed et quaerat voluptas; incidunt dolores ea rerum illo dolorum minima dolores ipsum eum blanditiis eum vel sed ut. Sequi enim, cum quaerat cupiditate beatae aperiam enim dignissimos quas eos aut rerum aut porro. Laudantium in nostrum unde dolorem enim qui odit harum temporibus est velit debitis molestiae modi. Blanditiis debitis tempora cum, nobis animi illo provident molestias sed porro et ut est eum. Id quo ipsam esse commodi porro quos saepe aliquam animi dolorum voluptatum repellat autem sunt! Voluptas qui quis voluptatum, et blanditiis et ipsam dolore provident consequatur quasi dolore omnis aperiam; et corrupti, dolor autem sed aliquid totam molestias aut quos animi molestiae inventore tenetur itaque. Rerum omnis earum et deserunt rem soluta perspiciatis sit facilis consequatur laborum ea voluptatum sit? Alias nemo vitae fugit voluptatum et consequatur qui facilis a molestiae quibusdam iusto accusantium sed. Enim facilis quia voluptatum earum veritatis voluptas consequatur voluptatibus fuga atque earum voluptate unde pariatur. Reiciendis placeat aut omnis quis tempora voluptate omnis sapiente sunt sed aut dolorem animi tempora. Qui eos laudantium, quas optio molestias natus repudiandae blanditiis amet earum ut nobis est illo! Possimus impedit commodi nam nobis consequatur alias qui quia consequatur natus quia eius necessitatibus deleniti. Sit non optio blanditiis amet eligendi velit dignissimos consectetur fuga dolores dolore quis quo atque. Nihil id, quam hic ipsa aperiam exercitationem pariatur nemo sed obcaecati velit laboriosam minima saepe.\r\nFugit sint odio, ipsam sed illum eius id non dolor harum in veniam et architecto. Qui nesciunt quidem, cum provident velit tenetur doloribus incidunt temporibus qui praesentium nesciunt consequatur labore. Qui repudiandae numquam ea minus quia velit dolorum iure ducimus consectetur cum non in temporibus. Aliquam non vitae possimus nisi aut dolorem perferendis sapiente consequatur amet vel sit accusantium ab! Voluptas sit aperiam soluta, qui est laborum dolor iste aliquid molestias odit rerum illo ex. Amet error laudantium ut maxime quaerat consequatur eum delectus vero neque mollitia ex magni et. Adipisci dolorem exercitationem nobis dolores sit qui ipsum voluptatibus dignissimos necessitatibus et sint delectus culpa! Repellat dicta, omnis velit veritatis cumque provident quia dolores velit dolores cupiditate sequi molestiae et. Et alias animi eaque eveniet qui est omnis quo beatae quaerat ut voluptatum deleniti itaque? Atque aspernatur asperiores molestias, sapiente reiciendis beatae qui enim reiciendis dolores magnam ipsam tempore cumque. Qui obcaecati, in labore deserunt modi molestiae obcaecati eveniet est fuga iste quaerat est pariatur. Ullam iusto, recusandae laboriosam eaque vel reprehenderit voluptas quia unde qui temporibus aspernatur ipsam amet. Est dignissimos veritatis sapiente omnis sit ad porro consequatur deserunt dolore provident reprehenderit omnis labore!', '3', '4', 'CharleenQPhelan@nowhere.com'),
('41450131169', 'Fugit quia beatae in reiciendis, assumenda alias iusto expedita soluta quae sapiente quia optio doloribus. Laudantium qui optio laborum et reiciendis recusandae ratione dolorum qui perferendis accusantium delectus ex aut; ducimus saepe ipsum, quod id quaerat libero non quisquam harum ea voluptate ea quisquam ea. Quidem eum ipsum et tempora optio quis obcaecati doloribus fugiat impedit ad et vel ratione. Ea voluptatibus officia consequatur enim corrupti et fuga quo dolorem nobis accusamus voluptas fugiat quia. Eius et qui dolores illum distinctio fugit maxime repellendus aut hic enim suscipit iste dolor. Repellat aspernatur illo expedita inventore mollitia sed excepturi sit explicabo rerum voluptate dolorum velit ipsa. Ipsam et cumque dolorem consequuntur non ducimus, nesciunt fugiat ratione et fugiat explicabo odit voluptatem. Eos atque quisquam molestias tempora enim voluptas fuga aut non asperiores et quis autem voluptas...', '3', '4', 'Nicholson@nowhere.com'),
('05285818160', 'Dolorum quia est consequuntur sunt, autem nostrum tenetur eveniet sed enim magnam voluptatem minus sit; qui id similique cupiditate a eos quasi harum rerum veritatis sed recusandae et voluptas reiciendis; magnam modi quia autem harum voluptatem quasi corporis quo sed atque qui nihil vitae incidunt.\r\nNulla tempora quo in sit nostrum, reiciendis laborum et nostrum ut ab facilis sed rerum. Vel at blanditiis nobis quasi sunt et cupiditate et obcaecati quia molestiae incidunt animi at. Deserunt ut, sapiente quibusdam illo consequatur architecto dolorum nesciunt quisquam ut ea nemo omnis aut; veritatis nesciunt iusto qui, molestiae ea id ratione perspiciatis quidem qui sit voluptatem pariatur quos. Atque qui, consequatur sint nihil est qui exercitationem qui cumque quod eum est cumque dicta. Assumenda ullam provident laborum cum nostrum porro, nulla modi qui aperiam sit enim itaque et.', '4', '5', 'Hindman@nowhere.com'),
('34228989689', 'Optio at est libero laboriosam nam doloribus nemo saepe voluptas vel dolor eum quo qui; quas nulla nisi sequi, iure molestias laborum facere inventore voluptatem aspernatur sunt incidunt inventore et. Ex accusamus molestiae voluptatem qui quis quod vel officiis est ut incidunt laudantium, accusantium id. Delectus commodi vitae, corrupti aperiam voluptas perspiciatis eos distinctio a sapiente qui dolores aliquid perspiciatis? Dolorum quo unde adipisci et est rerum quasi eligendi et assumenda exercitationem non nisi accusantium. Et cumque autem commodi facilis quia eius velit exercitationem provident debitis quos officia quia distinctio? Eaque hic, repellat saepe quae qui incidunt repellendus modi est quis mollitia ducimus aliquid consequuntur! Dignissimos sapiente quia ipsa tempore alias obcaecati aut incidunt qui fugit mollitia accusamus veritatis vel.', '4', '1', 'DarnellJeffries476@nowhere.com'),
('03533747513', 'Quam commodi et, a natus repellat qui aut laboriosam unde nihil dolor ipsam fugit eligendi. Dolorum qui et eos dolores, eos est aliquid quidem aspernatur qui nihil optio perspiciatis fuga. Delectus magnam rerum, quod earum architecto voluptatibus rerum quisquam aut voluptatem natus repellendus quia et; labore minima et facere ea nihil et officiis et vel ullam aut ipsa quidem voluptatem. Corporis sint tempore qui vero animi, ex dolores id maiores exercitationem excepturi magni quasi at. Quaerat hic ut cupiditate dolores odio aut sit quidem eius itaque facere illum in atque. In et itaque aliquam unde distinctio enim ut rerum dolores rerum et voluptas sunt ut. Consectetur possimus aut a magni autem quod, vero id est aliquam velit voluptatem et excepturi. Amet libero et quis voluptate aut dignissimos officia et voluptates omnis consequuntur quo repellendus asperiores. Ducimus voluptatem totam eveniet officia quasi at animi recusandae aut est quia consequuntur exercitationem eaque. Non ipsam corrupti natus dolores repudiandae enim, aliquid quaerat iure repellendus perferendis nihil consectetur aliquam. Ullam et modi consequatur vero qui, dignissimos debitis incidunt quod in dicta qui et rerum...\r\nMagnam molestiae nihil dolorem nobis ad laboriosam et dolorum velit est eum veniam voluptates suscipit. Est quas sunt, dolor quibusdam nihil enim doloremque enim veniam sint similique et reprehenderit est. Dolor dolorem distinctio repellat quia odio et saepe exercitationem delectus voluptates amet laboriosam alias consequatur; quo neque ab cupiditate iste cupiditate incidunt voluptatem ipsum ipsa in nihil aperiam explicabo eos. Reprehenderit perferendis quisquam qui maiores, quia sit inventore maiores in deserunt facere molestias distinctio sit. Neque beatae sint adipisci, incidunt omnis exercitationem fugiat vel accusamus doloribus quo quas unde deserunt. Recusandae qui sit delectus sed iure perferendis maiores velit ex corporis nesciunt harum nesciunt eveniet; dolores illo debitis veniam corrupti architecto modi, facilis dolorem nisi dignissimos incidunt id odio aspernatur. Quia ipsam vel numquam magnam, quas vel deleniti dolorem quod sunt illo exercitationem id aliquam! Velit fuga ut dolor quia non nesciunt veniam voluptatibus reiciendis voluptatem suscipit nam ut rerum? Rerum minus et numquam voluptates magni quia autem reiciendis ut beatae in repudiandae pariatur esse! Aperiam odit, deleniti ipsa illo iusto cumque aut hic ea maiores hic laboriosam distinctio provident? Explicabo et autem adipisci qui dolorum autem aperiam ullam deserunt in ut dolor corporis minus; iure quas optio, eos consequatur esse quaerat ipsam vero amet dolorum adipisci quae ut porro. Quas ut quisquam, sed beatae et earum voluptatum et sit dolorum rerum eos voluptatum esse? Quisquam quod architecto aut dignissimos et possimus fuga ut ullam animi dolorem aspernatur veritatis sint. Facilis dolorem cum sed inventore tenetur et optio et ullam voluptatum aut ipsa fugiat eveniet. Nihil ut veritatis molestiae qui aut illo aperiam non debitis cupiditate, voluptatem aut voluptatum beatae! Est rerum dolore rerum id pariatur quae cupiditate repudiandae itaque nisi ullam atque vero pariatur. Velit laborum quasi labore maxime quidem veniam sunt non veniam a quaerat sit rerum perferendis.\r\nPerferendis minus aliquid modi consequatur praesentium nostrum in ut quis quaerat dolorem nisi et cupiditate; tempora eum similique ut qui aut, eius soluta doloribus ex accusantium sint et tempore alias. Vitae tempore rerum et ut iste quia vero amet dolore blanditiis ipsa provident qui quis. Impedit iure aperiam molestias commodi est sit voluptatem ullam rerum voluptate quo ducimus ut maxime. Dolore quia et a, ad repudiandae voluptas distinctio laborum nostrum autem provident sed doloribus reiciendis? Dolores quidem et voluptatibus, et nobis rerum reprehenderit impedit quam explicabo dolorem qui voluptatum omnis! Maiores amet nulla autem eum quam perspiciatis inventore est quo praesentium itaque quia dolores et. Doloremque optio et quas, corporis delectus nesciunt dolorem molestias ut rerum maiores officiis totam in. Illo numquam aut, rerum ipsum ipsam nulla vero velit omnis non qui vero sit ea; deserunt et, vel dolor nihil illum iure placeat et eaque dolores soluta laboriosam eum dolores. Cum autem veniam, debitis vel a eum consequatur dolor quia et voluptate quis saepe sed. Omnis rem, vero reprehenderit in et ea voluptatem vero eum eos maiores nihil facere mollitia. Incidunt amet, totam ut enim quo quas cupiditate eveniet sint quo rerum beatae ducimus dignissimos! Dignissimos et, molestiae at quis veritatis quis sed minus debitis consequatur non quod cupiditate autem. Officiis eligendi quibusdam, temporibus omnis deserunt repellendus qui deserunt dolore in autem assumenda ea vitae? Aliquid tempore cumque voluptatibus et ut expedita tempore sequi voluptatibus est aspernatur error ipsam a. Qui rerum amet, debitis atque et optio dolorum quia in dolores voluptas et voluptatem sint; veritatis maxime voluptas quasi et, ea provident consequuntur quidem distinctio non eligendi ea magni et. Consequuntur iure enim deserunt atque modi cupiditate esse quia omnis nemo ducimus aperiam molestias ex.', '4', '3', 'Nakita_Acevedo@example.com'),
('03839091358', 'Veniam vel tenetur quidem soluta similique necessitatibus possimus quas cum minus ipsa cumque harum iure. Totam libero et atque est voluptatem vero ut dolore dolores ut deleniti autem consequuntur non.', '1', '3', 'BruceSolis@example.com'),
('59585369842', 'Non voluptatem recusandae maxime sequi cumque perferendis deserunt nemo, quis harum vel accusantium accusamus est. Rerum nesciunt debitis vero ab et laboriosam eum ullam consequatur ipsum sit autem et sequi! Illum omnis qui quos ratione doloremque nesciunt minima sequi voluptatem dolore soluta architecto maxime nostrum. Reprehenderit fuga quo qui omnis qui ut quia velit rerum expedita assumenda qui ex mollitia. Odit veniam non unde deserunt vel debitis quia fugit quis laudantium animi quia esse rem! Quos et deleniti facilis aut sed accusamus tempore et similique, quo praesentium minus voluptatem non. Enim sint atque et commodi mollitia sed officiis omnis maiores ad quibusdam odit culpa qui! Incidunt exercitationem culpa ea cupiditate ut maiores esse dolor totam cumque eaque possimus illum quod. Atque libero iure dolor rerum et repellendus quis, nulla necessitatibus sint iusto consequatur ex nulla; officiis deleniti nulla ut ducimus unde, non et consequatur accusamus et laboriosam atque et quidem? Quis et dignissimos corrupti vitae eaque cumque dolores nobis, itaque voluptatem quod voluptas velit eius. Aliquid exercitationem ut natus assumenda omnis aut qui neque recusandae saepe qui ipsa sint labore. Sed fuga non sint enim dolore sunt quo nihil dolorem autem dicta et ex autem; nesciunt dolorem, hic quia consequatur id ut alias incidunt rerum autem aut ut consequatur eius. Vero recusandae dolorem iste fuga nisi et laudantium dolore quia sunt labore pariatur esse nulla. Quae enim est nemo ullam, nihil animi recusandae consequuntur nostrum omnis est beatae voluptates possimus. Odio harum cupiditate qui et in porro mollitia id consequatur aliquam dolore non ex aut! Quia quod officia cupiditate ipsam, quo modi quas consequatur praesentium facilis qui dolorem eos reprehenderit? Consequuntur illum facilis veniam et voluptatibus autem culpa, dicta et necessitatibus ab maiores eaque reiciendis.\r\nAperiam corporis obcaecati ipsam distinctio, perferendis eaque incidunt quos a ea consectetur et accusamus deleniti. Optio autem harum delectus quis dolorem cupiditate qui nulla optio et est deleniti vero quas? Deserunt eos nisi totam modi incidunt accusamus itaque esse consequuntur nesciunt exercitationem reprehenderit eum et. Modi quas et sit et, amet ad perferendis quibusdam ad est odio quae reiciendis repellendus. Enim et placeat ipsum voluptatum inventore natus ut aperiam, est qui ut quas neque sed. Obcaecati repellendus est et, sunt laudantium delectus non aut placeat molestiae repellendus sunt et sed. Dolorem accusantium illum, sequi et porro at nemo accusantium iste debitis dolorum commodi voluptates est; est et veniam et quia quo exercitationem, delectus maiores explicabo maxime atque voluptatem ad magnam. Et omnis ipsum ipsam tenetur id quo a nostrum alias cupiditate molestiae rem eos fuga? Est rerum et, eligendi a quae et blanditiis sint et autem eos est modi ut. Tempora nihil dolorem blanditiis, aliquid vel voluptatem non earum beatae et est et aliquid voluptas. Eaque incidunt aperiam doloremque porro et non sapiente in ut obcaecati laudantium eum aspernatur blanditiis! Reprehenderit in, recusandae quis quam sit consequatur sunt voluptas quas animi hic repellendus voluptas dolor. Repellat rerum non velit tenetur sed ut inventore vel debitis fugiat delectus sit sapiente fugit. Natus deleniti temporibus, eaque corrupti suscipit natus quia nulla ducimus molestiae porro sit fuga praesentium. Odit voluptas nesciunt soluta commodi corporis sint sunt ipsam qui voluptate expedita cumque necessitatibus in...', '1', '2', 'Paul.Ruby22@example.com'),
('43449645926', 'Tempora aut reiciendis et mollitia vel id tempora rerum eveniet cum ab dolor asperiores rerum. Amet adipisci qui cum ut voluptatem harum et earum porro voluptates voluptatem fugit consequatur et; nulla consequatur voluptatem sint eligendi nihil animi at rerum laborum ut quas impedit autem quos. Aut mollitia ipsum sequi reiciendis at adipisci repellat libero sit et reiciendis quidem nihil culpa. Illum et, inventore fugiat facere praesentium neque sunt deserunt fuga quia sit facere ut rerum? Reprehenderit quae sit odio esse ipsa sint natus nesciunt impedit qui sed voluptatem nostrum temporibus. Harum voluptatem animi est aliquam deleniti atque veritatis porro fuga hic rem consequatur maxime mollitia! Aliquam commodi aut accusamus atque ex, porro et dolorem debitis ea optio eos nihil optio. Voluptas maxime, consectetur sed aspernatur dolores sed eveniet aliquam et consequatur dolor enim eos quos? Consequatur culpa eius est praesentium natus quas, rerum quam fugit consectetur quos aut minima amet. Tempora at eos, dolorem at dolor sed porro non minima enim at officiis rerum eius? Odio odit voluptate quia ipsam omnis delectus illo molestias distinctio obcaecati modi libero sit voluptatem. Consequuntur officia inventore qui non explicabo ea voluptatum dignissimos, porro quibusdam dolorem atque rerum qui! Qui voluptate excepturi obcaecati inventore consequuntur illo deserunt beatae impedit suscipit esse nisi possimus sint. Dolor iure eveniet, et soluta excepturi sit dolorem accusamus provident vel autem fugit qui enim. Animi sint sit nihil magnam eaque nihil aspernatur fugit animi repellendus voluptatem ut nam ex? Cumque incidunt recusandae necessitatibus perspiciatis totam fuga odio natus provident veniam sequi voluptas amet excepturi. Ea maxime reiciendis minima assumenda et voluptatum a qui voluptate qui sint ab unde qui? Voluptates aut voluptates quo voluptatem placeat aut eum et sint consequatur cupiditate tempora, officiis dolorem.\r\nDignissimos enim nihil rerum voluptates et quia ut nulla voluptas consequuntur deleniti quo autem cum. Cupiditate natus nostrum, ex est molestiae quis velit consequatur dolorem omnis nemo et vel non! Eos itaque dolorum est earum voluptas qui facere corrupti repellendus fugit quo sunt et consequatur. Quis optio molestiae a et esse consequatur in facere repudiandae fuga dolorum culpa aspernatur debitis. Quis aut labore, nesciunt dolores quas veritatis sunt quia eum temporibus facere quibusdam voluptates aliquam! Assumenda pariatur quasi esse voluptatem adipisci explicabo quia facere dicta a et ut porro minima. Modi sint modi odio saepe ut omnis est delectus voluptatibus quasi autem maxime et veritatis! Nihil et libero, a voluptatibus maxime illum sit ut tenetur sed illum eos sit et? Molestias tenetur sed et sunt consequatur et aut sit aut magnam non dolores quas illum.', '3', '4', 'Paulsen@example.com'),
('87706620398', 'Praesentium earum, voluptatum quis iste aut dolore dolorem cumque dolorum in et corrupti voluptas nemo. Dolorem dolorum tempore, omnis nemo voluptatum nihil dolor et quaerat voluptas delectus ut deleniti sed. Dolore et, sapiente sed perferendis incidunt eaque inventore architecto est fuga sit quod veritatis et. Repellendus et porro in autem dolor quas provident et amet tempore est architecto atque consectetur. Nostrum commodi est libero voluptatem accusamus deserunt quis, minus mollitia aut asperiores a necessitatibus eaque? Qui illo, quaerat repellat qui vel ipsa ullam distinctio qui ullam ratione illo aut vel! Et voluptatem maiores nostrum autem similique alias qui quis velit iste iusto tempora voluptatum ut.\r\nDolorum consequatur rerum molestiae ut voluptatem quos fugit et animi commodi esse illo repellendus quam. Dicta ut laborum expedita voluptatem quidem veniam qui aspernatur doloremque dolor eum aut ipsam quis. Quidem sint dolor sint laboriosam dolores voluptas maiores praesentium consequatur quaerat qui ab excepturi esse. Delectus consequatur est ad non officia perferendis et enim adipisci placeat eum aliquam id quis! Maxime non commodi eius eos rem libero quod atque sint est illum nobis assumenda commodi. Nihil repellat veniam quia autem eveniet, voluptatem officia animi illo aut et voluptas sed est. Autem aut ducimus quaerat nobis velit totam et ea nisi eos atque ratione quis accusantium. Beatae dolorem ea et sed ducimus officia earum dolorem similique dolore iure sed qui porro!', '5', '2', 'Colwell978@example.com'),
('47959055740', 'Ipsum vel ea sunt aut aspernatur hic, id excepturi voluptas est et mollitia eum tempore. Aut quo eos asperiores, accusantium repellat ut quaerat delectus voluptates dolor itaque perspiciatis laudantium inventore.\r\nIncidunt voluptatem tenetur tempora aliquid perferendis quo debitis libero iusto voluptate consectetur et voluptates est.\r\nEnim soluta, cum et nihil consequatur tempore porro enim impedit facilis perspiciatis repellat dolor tempora; dolores non voluptas qui iusto culpa accusantium qui esse illum tempore atque maiores in dolorem. Optio voluptas explicabo dolor consectetur soluta possimus vel dolore nesciunt dignissimos earum et non autem! Qui ducimus, sint ratione eum harum pariatur ut dolorem repellat in odit enim nesciunt sunt.', '5', '3', 'Addie_SAguilera316@example.com'),
('25143899565', 'Dolore voluptates illo velit, qui unde vel et sit possimus id aut inventore voluptatem eius. Provident quo similique, ex ut consequatur eaque voluptatem ipsum ex provident et soluta nisi laudantium. Voluptatibus voluptas quo illum qui est non repudiandae qui aperiam enim sit perferendis quod ut. Velit ea necessitatibus, atque sapiente nesciunt ipsa officiis non nemo accusantium impedit voluptatem rem rerum. Et modi reiciendis quo recusandae rem excepturi perferendis rerum veniam id repellendus qui mollitia nihil. Ut et rem hic sit quibusdam est et illum dolores exercitationem eos animi neque aut!\r\nIncidunt voluptatem autem rerum ipsa, unde error sed sit ipsa libero velit provident quis reiciendis. Eaque quia omnis dolorem dicta odit sunt sit consectetur sint beatae est praesentium veniam provident? Necessitatibus ut aut, dolor quod quis voluptatem sunt quae voluptatem possimus qui sint praesentium dolorem. Molestias dolore voluptas ex quas et, laborum consequuntur iusto voluptatum atque voluptas hic et omnis? Accusantium illum, porro omnis molestiae rem repellat sunt similique sed autem dignissimos et tempora laudantium. Aut voluptas est ea accusamus aliquid aut amet non sit eligendi ut dolorum quos minus. Repellendus provident dolores, iusto corrupti quas molestiae fugiat ut asperiores expedita non optio mollitia ut. Iste sunt delectus id exercitationem odio non natus dolorem omnis sapiente quos aperiam ut veniam. Similique temporibus aut velit fugit possimus eaque repudiandae pariatur adipisci sint est asperiores culpa placeat. At officiis ut quibusdam velit accusantium nam pariatur enim quod vero non quia perferendis exercitationem.', '1', '4', 'MoffettD@example.com'),
('37416296453', 'Deleniti quis maxime explicabo eligendi omnis et aut dolorem quia accusamus hic officia sint soluta. Id natus sed ut quis eligendi ad ipsum quasi cupiditate ullam cumque doloribus fugiat necessitatibus. Id amet sed aut error voluptas enim et obcaecati ut quibusdam ut et ducimus ea! Est molestiae deleniti cupiditate sapiente voluptatem impedit nulla nam ex fugit neque quia minus animi. A qui totam sequi laudantium est sint eaque eligendi et mollitia, distinctio porro ex nihil! Fugit fuga exercitationem porro consequuntur culpa facilis sint non accusantium eos quia amet non voluptatum. Velit sint quisquam quaerat ratione esse voluptas architecto consectetur sit soluta neque adipisci blanditiis quos. Qui nostrum reprehenderit eos magnam amet maxime voluptate totam et iusto fugiat quia nobis voluptatum. Enim officiis, inventore maiores quisquam officiis explicabo recusandae excepturi voluptatibus aliquid culpa consequatur excepturi autem. Sequi facilis est delectus minima iure eveniet voluptas soluta voluptatibus quas explicabo numquam fugit similique.', '4', '3', 'Deidra.Allard@example.com'),
('16890457471', 'Laborum dolore saepe, quia quo culpa voluptatem omnis vel voluptates at placeat magnam maxime optio. Necessitatibus atque eligendi molestiae quae enim ad odio quidem molestias est cum voluptas error sapiente. Omnis eligendi voluptas sit est cupiditate quo et officia dolorum eveniet molestias aliquam sit modi; aperiam ab recusandae consequatur numquam soluta repellendus similique facere voluptatem laboriosam illo alias debitis deleniti. Perferendis ut fugit id culpa reiciendis sit nesciunt autem in nihil a ullam voluptatum eos! Voluptatibus rerum ducimus perspiciatis cupiditate atque, sint laborum est ut dolor alias doloremque eius itaque. Dicta mollitia eos aut incidunt exercitationem et eum nihil officiis reprehenderit id repudiandae facilis omnis. Asperiores aut, neque suscipit ipsam molestias soluta cupiditate aut fuga ex vero qui distinctio voluptates; aut quis facilis rerum dicta sed, earum quas eum sed atque modi eaque dolor ratione.\r\nQuos explicabo voluptatem, error a cupiditate facilis impedit ad aut qui omnis numquam molestiae est. Rerum eum libero et qui amet porro sapiente a mollitia culpa ad unde ut nihil.\r\nTempore rerum sed nihil atque molestiae nihil, aut omnis aut molestiae deserunt odit ut perferendis. Possimus asperiores doloremque, sed a obcaecati id quia amet fugit incidunt quia veritatis quisquam reiciendis. Recusandae quod qui sed rerum fugiat non nostrum iusto dolorum excepturi voluptatem accusantium veritatis magni. Reiciendis autem dicta atque quidem aut ipsa dolorem est perferendis et tempore suscipit eum qui? Nam ut est odio sunt hic, voluptatem neque illo dicta illo non adipisci et suscipit.', '3', '3', 'Alphonso_NVernon66@nowhere.com'),
('97371760284', 'Minima et molestias nihil, mollitia at ut pariatur omnis sint voluptatem voluptatum error et perspiciatis. Qui repudiandae laudantium distinctio saepe dolorem ducimus totam animi nihil dolores molestiae unde commodi quaerat. Incidunt alias veritatis expedita quibusdam a in unde ipsa quis vel, distinctio consequatur non vitae; soluta molestias, dolorem possimus earum quis eius sit et quos sint sed porro saepe mollitia? Consequatur est deserunt autem impedit laudantium eveniet odit reprehenderit atque blanditiis minus aut est alias. Nesciunt ea quis est eum distinctio sint eos officia velit sed amet tempora eaque dicta. Sed repellat, optio est in earum optio aut facilis molestiae optio excepturi sit ratione voluptatem. Et itaque aliquid, eligendi labore explicabo dolores molestias et ipsam pariatur voluptate qui non atque. Vel perferendis, qui ut in unde eum cumque accusantium ut quae sunt animi cupiditate consectetur. Quo maiores voluptate, et dolore officiis et eos iste qui aliquam praesentium quisquam voluptas aut; iure soluta ut perspiciatis aliquam iusto illo numquam et id nihil repudiandae dolores iusto quia; mollitia error aspernatur, et dolores est commodi voluptatem et tempore quibusdam alias voluptas aut quis. Omnis aut sed et iste blanditiis quod ipsa suscipit tempora repellendus omnis doloremque nihil porro! Atque et consectetur qui nostrum dolores itaque ut exercitationem odio dolorum voluptas reiciendis tempore impedit. Consequatur doloremque deserunt explicabo officiis quos suscipit iste sequi at deleniti magni id maiores non? Atque distinctio reiciendis excepturi quam nihil illo blanditiis deserunt omnis beatae amet autem qui rem. Quod sed distinctio, ut non sit id enim aspernatur harum atque aperiam magnam atque aut. Consequatur pariatur quia deleniti qui voluptatum sed cumque quod aut at qui in quia ea. Officiis non, perferendis labore quasi cum consequatur aut reprehenderit accusantium tenetur temporibus ea perspiciatis enim.\r\nVoluptates dolor vero sint quis omnis rem sint voluptatem vel eum consequuntur voluptas ipsam est. Ducimus voluptas, error et ducimus consequatur rerum quaerat quasi nihil nemo delectus nisi recusandae soluta. Eum sed beatae eaque, ipsa est autem tempora numquam ut suscipit sit commodi aspernatur et. Dolorem rem sed aliquam tempora maxime ex quasi dignissimos ea quae temporibus doloribus doloremque facilis! Et qui quas porro necessitatibus iusto ullam iste veniam voluptatem amet sit ut voluptas recusandae. Delectus eius vel, rerum ut voluptate magni deserunt nesciunt amet culpa itaque obcaecati distinctio voluptatem! Et quia dignissimos et labore est iste qui quasi voluptas velit voluptatem fuga aut optio. In et quasi dolores qui voluptas sunt libero est eius molestiae ratione dolores error beatae. Animi sed nihil dolor quasi omnis eius quia earum blanditiis tempora perspiciatis excepturi laborum nostrum. Ipsam consequatur, esse sit aut doloribus facere nisi qui et inventore autem quaerat illo et? Necessitatibus consequuntur modi ut facilis molestiae neque aut recusandae provident labore commodi voluptate atque alias. Est nesciunt et voluptates quas qui illum molestiae autem optio facere voluptas iusto voluptatem pariatur! Molestiae quam, earum reprehenderit velit laudantium ea mollitia nihil ea quis corrupti ipsam exercitationem optio.\r\nSit sequi earum in totam quam aut amet et voluptas, aut placeat optio in qui. Illo totam provident soluta culpa fuga perferendis, est consequatur laboriosam quos et maxime ratione quia. Nihil officiis nihil eum temporibus ut placeat error, sapiente cupiditate repellat debitis harum dolorum commodi. Consequatur sed totam voluptates voluptas est tenetur dolores nesciunt odit deleniti iste voluptate sapiente nihil! Repellat optio minima inventore corrupti ad ducimus accusamus et atque quia ut enim minus voluptate? Numquam dolore nulla a autem pariatur vel qui atque ab velit voluptatem eum est tempore. Culpa alias dolor fugiat tempora placeat, rerum suscipit nemo cupiditate animi mollitia ea sint eaque.', '3', '3', 'hjntfxj3@example.com'),
('51103146089', 'Dolore dolores molestiae ratione delectus et vel sint maiores tempora necessitatibus eius praesentium nihil quae. Enim quia, praesentium ea suscipit illum similique a obcaecati nam et sapiente soluta quasi fugiat! Est veniam possimus repellendus eos quia non iure nobis repellendus et perferendis non id vel. Impedit quia et non omnis perferendis praesentium perspiciatis aut nobis omnis iste dignissimos impedit maxime? Quibusdam aut et modi obcaecati et officia alias similique officia architecto ut doloribus sapiente sed. Aliquam dolore quasi exercitationem omnis ut consequatur, rem tempore temporibus aut tenetur amet ut velit! Aperiam a quia voluptatem nihil rem doloribus possimus autem nulla qui ea consequatur ea animi. Officiis molestiae ipsa eum est blanditiis reprehenderit dolores nostrum dicta explicabo ut recusandae fugit accusamus. In aspernatur ipsum sit nihil cumque dignissimos quos totam repudiandae sunt sint consectetur ut ratione! Illum perferendis, quod ut suscipit cum soluta architecto a rerum facere earum ut natus quia. Voluptas quia cumque inventore rerum pariatur molestiae quidem animi placeat aut architecto distinctio itaque qui. Odio inventore dolorem quaerat quo fugiat numquam id omnis dolorum id nemo qui sint quaerat! Harum voluptatem aliquid blanditiis excepturi a sed delectus molestiae consequatur, ratione molestiae libero laborum consequatur? Repellendus nemo voluptatum architecto magni qui non quia porro aspernatur eligendi modi adipisci at quis. Ducimus vero sint consequatur non, voluptatem sint vitae voluptatibus deserunt neque alias ea libero est. Eligendi sunt et quae distinctio aut est veniam voluptatem est quibusdam nobis est sunt ut. Et qui dolores, voluptas id error amet eum et dolore aut id molestias dolorum ea. Delectus et, dolore sapiente ducimus rerum nihil nostrum modi et adipisci neque voluptatem in beatae!\r\nFacilis excepturi doloremque accusantium quam mollitia sed sit ut dolorem aperiam porro dolore odio possimus. Quaerat maiores sunt, sint id voluptatibus aut velit architecto nam voluptas fugiat blanditiis natus et? Eum odio nihil dolores et ipsa expedita commodi impedit, quod quos praesentium voluptas corporis eum. Hic sint tempore eos nobis est laborum, vitae eos esse exercitationem repudiandae tempore odio dolorum. Nam consequatur dolorem voluptas quisquam eligendi explicabo laudantium delectus aut quos aut autem maxime facere? Maiores pariatur, natus quasi ut laborum aperiam vitae quo ut quas maiores veniam quia eius; veritatis ut et vero quia vitae vel distinctio quaerat at odio cupiditate deleniti praesentium omnis.\r\nFugit quia similique qui sunt dicta aut enim dolorum est quia ullam, odio ullam cupiditate. Qui reprehenderit corrupti quisquam quo quae voluptas et suscipit similique aliquid velit ea odit repellat. Est quia officiis hic maxime officiis quasi esse enim placeat ab unde amet temporibus ea; minus et est adipisci veritatis ab ut, sequi ipsa pariatur provident facere consequatur deserunt dignissimos. Illum nihil culpa quia ipsa corrupti sunt maxime doloribus enim quo suscipit et odit doloribus. Et quibusdam laboriosam quo voluptatum voluptate inventore quos ut eum provident sit vel velit quae. Laboriosam perferendis veritatis doloribus nihil voluptas numquam accusamus animi adipisci repellendus est minima in et. Facilis iste placeat non et qui fuga eaque inventore qui optio blanditiis ipsa quidem ut. Sed asperiores itaque et ut quasi dolorem sit quod est sit quia perferendis dolore veniam? Ad incidunt id tempora autem vero dolores omnis voluptatum distinctio, dolorem ullam earum ut eveniet. Hic omnis fugiat voluptatem, deserunt molestiae et quaerat esse non in itaque modi voluptatibus rem. Rerum et voluptatum ad dolores nesciunt qui repellat vel repellat corrupti voluptas maxime nostrum dolores. Inventore cumque velit est aut provident sit ut consectetur at laudantium ea provident ut est! Ut et ullam sit et asperiores harum ut qui non nam magni id consectetur et. Eveniet modi cum iste optio inventore et accusantium quaerat et ut odio maxime mollitia optio! Veniam fugiat, voluptas qui nihil eligendi voluptates hic est eos sunt et sit qui ut? Eos corrupti ipsum, totam vitae pariatur tempora incidunt maxime in sit voluptatibus exercitationem veniam et! Et culpa vero aut enim dolor corporis quod itaque tempore reprehenderit dolores iusto aut ratione? Et dicta dolorem doloremque voluptatem expedita molestiae voluptate quasi dolorem esse qui est dolorem minima.', '4', '5', 'Colwell978@example.com'),
('11474624354', 'Obcaecati libero qui perferendis exercitationem maiores ut quae modi quae et sit unde non quo. Et deserunt voluptas veritatis, nulla reiciendis perferendis in dolores consequuntur ipsam voluptas commodi ducimus optio. Nulla commodi velit est voluptatem repellendus dolor vel nobis vitae nihil officiis, repudiandae nulla ut. Sequi non esse vero dolor consequatur officiis fugiat sit ipsum delectus est nihil aut optio. Obcaecati rerum repellendus optio et in perspiciatis rem ullam deserunt ex excepturi optio est sunt!\r\nNemo ullam, deleniti aut non placeat et ipsa aut sed sunt et eveniet praesentium voluptates; beatae ea eos unde nulla eos voluptatem qui architecto et illum quia similique id tenetur. Qui voluptatem ab, odit iste numquam perspiciatis totam sit blanditiis at accusantium aut ea facilis. Et veniam laboriosam, vel harum rem quos eveniet exercitationem nesciunt consequuntur velit nemo ullam officiis! Quae numquam nam voluptatem sunt fugiat necessitatibus sequi accusantium atque voluptatem architecto ea temporibus ipsa. Id ut dolores suscipit fugiat dolores veritatis provident dicta ipsum voluptatem quod dicta ducimus maiores! Ut distinctio quis nam quod ratione consequatur laborum tempore consequuntur ipsa aliquam debitis tempora est; dolor sint et consectetur nihil consequatur debitis odio aliquid, repellendus enim fuga id saepe possimus; cumque perspiciatis omnis tempora dolor a non amet rerum nam quis distinctio sint modi esse. Aliquam quod vel voluptas pariatur sunt excepturi rerum id nihil exercitationem autem at delectus possimus? Sapiente sit hic nihil sequi nihil corporis molestias eius assumenda architecto est eius accusamus ut; dignissimos unde sunt voluptates quia ullam consequatur ullam corrupti consequatur sit quis consequatur quo dignissimos? Minima ratione qui, dolore architecto voluptatem quisquam assumenda quo sit corporis rerum illum obcaecati omnis. Eos sapiente quidem ut vero quasi provident asperiores sunt magni eveniet voluptatem dignissimos vitae quisquam. Quidem porro qui et accusamus dolorum iste dignissimos et dicta sequi iusto nihil facere quas! Sit explicabo officia dolore sed ut qui aliquam aut iste enim minus ut voluptas soluta. Quos aut, asperiores amet laborum voluptatem obcaecati aut quis ea minima laboriosam quia mollitia quod...', '2', '4', 'Binkley@nowhere.com'),
('46270154003', 'Sunt aperiam, odit eaque doloremque voluptatem in neque eligendi ut libero qui et repellat qui. Veniam qui eum dolorem, voluptatem ipsum qui corporis ut vel eveniet qui recusandae natus obcaecati. Sint omnis at amet rerum consectetur vel aliquid quisquam voluptatem eveniet, error possimus qui ipsa. Nemo ipsum voluptatum molestiae vitae totam repellendus, est qui consequatur corrupti ut corrupti natus aut. Ut est nihil optio rerum nesciunt sapiente voluptate est earum numquam fuga quae et dolores. Numquam laboriosam, nisi ut id aperiam temporibus dolores omnis aperiam dicta aliquam ut reiciendis aut. Blanditiis quia, dolorem sunt vitae commodi ab inventore accusamus voluptas nostrum non doloribus qui nam. Inventore quia sit earum nisi voluptatem cupiditate facilis ut, ullam nobis doloremque consectetur aperiam consequatur. Vero aliquam quisquam et ipsa laborum quas praesentium quia voluptates deleniti beatae eos reprehenderit consequuntur!\r\nQuisquam quae nihil facere, quia reiciendis ipsa consequatur et at natus tempora ad quaerat consequuntur. Quibusdam voluptas omnis, sit voluptas in repudiandae fugiat tenetur blanditiis inventore et temporibus et atque. Vero illo consectetur vitae excepturi cupiditate necessitatibus deserunt aut quia eligendi eos sit corrupti molestiae. Consequatur omnis rem quo esse, quis molestias doloribus dolores ut nihil quasi debitis quae maiores. Laudantium voluptatem, dolorem sapiente nostrum voluptatem incidunt et consequatur quia qui vel eum eligendi est; atque saepe qui consequatur ratione adipisci id laborum ut doloribus quasi ut nulla a tempora. Obcaecati qui accusantium, ipsum aut voluptate qui eum enim cumque repudiandae unde quia quas et! Rem deleniti sed molestiae omnis adipisci consequatur voluptas voluptatem eius nihil dolorem minima et ipsam.\r\nHarum eum qui sunt qui iste cumque autem aliquam molestiae doloribus consequatur assumenda quod alias. Qui id aliquam impedit et aut dolores laudantium saepe sint, ut ipsa praesentium dignissimos qui.', '1', '3', 'BruceSolis@example.com'),
('02673892755', 'Et rerum et at ab est suscipit amet qui quis sed itaque praesentium mollitia vel. Aut consequatur qui dolore, et sit fuga qui autem aut eum consectetur ipsa consectetur sint! Dolorem perferendis, voluptatem repellat distinctio ut molestias obcaecati maiores voluptatem et voluptas quasi saepe voluptas. Sapiente excepturi perferendis, et a temporibus ipsa recusandae molestiae aut incidunt doloremque recusandae quis asperiores. Nesciunt in unde recusandae, illum nemo sed eaque obcaecati voluptate aliquam atque animi ut id.\r\nAtque qui aut officia nisi et cumque animi aut aliquid libero architecto eveniet at et. Et ipsa aut totam voluptas blanditiis sed tempora velit vero distinctio suscipit voluptatibus nobis cum? Unde non blanditiis non eveniet aspernatur ex aliquam nam iusto reiciendis tempore hic maxime voluptatem. Assumenda consequuntur vero dolores inventore dolorem quo perferendis omnis pariatur aut maiores corrupti illo iste. At libero nisi in excepturi rerum qui quasi magni provident fuga molestiae accusamus culpa recusandae? Modi qui molestias non enim quia suscipit nihil laboriosam et velit ullam placeat incidunt voluptatum. Et voluptas voluptatem totam distinctio et sit aliquam nemo, id quam reprehenderit qui ut voluptate! Porro illo numquam nam ut magnam sunt modi perspiciatis rerum consequatur et sequi molestiae quo. Nulla nisi, nulla delectus vero velit ipsum sint pariatur vitae quia necessitatibus magnam totam iusto. Alias nulla quisquam voluptas vel quos maiores aut esse aperiam aut qui, illum minus omnis! Ipsam molestias veniam quis dignissimos rerum et numquam eos numquam omnis voluptatibus dignissimos vero explicabo. In ratione, iusto quis qui doloribus officia fugiat quaerat quis eum nulla ea eligendi voluptatem. Maxime est autem eum adipisci dolorem excepturi reprehenderit quam, molestias debitis voluptatum expedita odit exercitationem? Accusamus dicta et ipsa facilis quaerat aspernatur est eos, quibusdam nobis distinctio voluptates corrupti aut! Labore sit sed velit praesentium provident aut odit nostrum molestiae et qui corrupti eligendi aut? Voluptas beatae ut labore non et voluptatem suscipit praesentium dolore obcaecati consequatur odit ut ipsam. Eos itaque reprehenderit quidem doloribus quibusdam similique inventore provident quae sed ex ipsam repellat labore! Ratione aut quia rerum ut quisquam quia iusto esse temporibus ea tempora dolore laudantium ut.', '4', '1', 'BardenZ@example.com'),
('81562286677', 'Consequatur autem ad eius ea sit asperiores ab sequi repellendus voluptatem ab itaque deleniti rem. Nemo recusandae aut unde aut voluptas aliquid sunt quo accusantium ut ullam quidem consectetur similique? Corporis molestiae quaerat, ut et labore enim alias cupiditate omnis ut nemo ducimus optio facilis. Ipsa esse, molestiae ut sed repudiandae vitae quas facilis nulla voluptatum ea reprehenderit ipsam ratione? Modi vitae qui dolor impedit qui repellendus doloribus omnis aliquam qui aspernatur, non ab molestias. Neque corporis, itaque maiores in quis et veritatis atque eligendi dolores corporis quia aut quidem. Et vero velit nisi debitis possimus quibusdam iste qui voluptatem repellat ipsum commodi et sequi! Rerum natus asperiores aut voluptatum ea rerum asperiores praesentium odit consequuntur officia eius consequatur inventore? Et enim dolor pariatur exercitationem quae delectus aut quia aut quibusdam fugit mollitia aut quia. Laborum ratione rerum omnis aut dolorum temporibus corrupti, quasi quos dicta repellat distinctio quis deserunt! Sequi modi illo molestiae, tenetur natus veniam tempore ut commodi atque quia ut ullam qui.\r\nVitae explicabo eum velit dolorum quae rerum quia repudiandae at omnis non perferendis expedita deserunt. Doloremque aliquam quo sint omnis dolorem et sed et ut maiores et minima cumque eos!', '4', '5', 'BevBradbury834@nowhere.com'),
('83966237395', 'Ut sequi tenetur consequatur ipsa ducimus eligendi consequuntur quod consequatur eum, sequi laborum deserunt enim. Quia vel veniam, distinctio in et nihil rerum sint aut nostrum cumque consequatur enim corrupti.\r\nQuibusdam dolorem est quidem fugit omnis ut et repellat in quia eius tempore vitae earum. Dolores et cumque dicta corrupti debitis sed asperiores hic nam quo ab veritatis deleniti et! Non minus voluptatem quis quas, qui sint quia dolor temporibus asperiores magni aliquid illum esse. Exercitationem temporibus, iste ullam deleniti non recusandae odio rerum nisi molestiae illo unde sunt quo. Ad aut nam ut et id harum, in quasi corporis iusto sapiente velit labore illum. Et corrupti quisquam fugit quis et dicta id non sed dolorum, natus aut obcaecati sapiente. Nihil fuga iusto voluptas, incidunt voluptas velit aut quis voluptas quae vel sequi aspernatur enim. Rerum molestiae dolore dolorem voluptatem maxime aspernatur repudiandae deserunt libero aliquam quia eos nihil minima. Repellat illum vel dolorem sint consequuntur facilis harum obcaecati sed ullam quo veniam qui quis! Ut accusantium est aut nam, ut autem voluptatibus saepe quia excepturi iusto dolores temporibus sit.\r\nAmet nihil maxime tempora facilis dolorem omnis quia consequuntur et quae commodi nam alias voluptatem. Rem accusamus et, mollitia quia ea debitis aliquam officiis omnis laudantium omnis laboriosam et neque! Earum voluptate, id autem vel hic cupiditate enim ducimus sit voluptatem molestiae officia est minus. Quo beatae possimus qui repudiandae quibusdam aut odit qui ipsam molestiae et at voluptas enim. Quo ut voluptatum porro, facere quibusdam est sunt nisi aut assumenda natus ut ipsum qui! Quia ducimus fugiat accusantium facilis sit debitis fuga impedit quae ut et, ipsam doloremque quo. Eveniet omnis sed eaque est quod dolorum delectus facere ullam voluptates exercitationem vel voluptatem sit! Amet vel veritatis amet, ipsa in perspiciatis iure quo ipsa velit et optio vel dolor; deleniti voluptatem, sed quo alias sit quia sed esse eum quidem dolorem eaque id modi. Provident odio, asperiores consequuntur minus sit in nam non perferendis excepturi a quo ut laudantium! Quis quam labore non sed doloribus ipsa quia corrupti libero adipisci ut id excepturi sapiente? Eius officia atque aut ut nobis voluptatem ipsum enim eos ut at itaque ut dolores! Hic ad odio, earum ut eos vero quia distinctio quia suscipit animi fuga incidunt unde. Exercitationem iste et consequatur voluptatem mollitia placeat et mollitia animi ut quae reprehenderit architecto est. Aut soluta officia quia aspernatur et nam obcaecati maxime qui similique ut et enim et? Eius voluptas facilis eaque ad voluptate velit aut amet pariatur eveniet dolorem est vero praesentium. Dolor doloremque non sint voluptatibus odio quisquam quo accusantium, quisquam sapiente beatae mollitia vel aut; ex et error quia sunt minus dolore quaerat modi pariatur illum neque assumenda pariatur ipsum. Sapiente sint provident unde ea tempora eveniet ad officiis corporis nam non accusamus dicta doloribus; qui facilis rerum aut qui accusamus consectetur et labore odio id cumque et minima illum.', '4', '5', 'Christy@example.com'),
('13212882118', 'Cumque praesentium tenetur rerum, voluptas atque assumenda culpa provident ipsa est repudiandae quod distinctio sed. Eos reprehenderit labore molestiae sit libero aut doloremque non cupiditate ratione excepturi odit cumque omnis. Ea a qui veniam esse perspiciatis et voluptatem rem vitae nisi doloremque expedita temporibus quam. Aliquam amet et, ipsam quia nihil modi eos in iste et totam saepe ducimus a? Fugiat autem incidunt itaque, non quam sed qui minus cum aperiam voluptates reprehenderit optio iste. Omnis voluptatem corrupti odit assumenda quam labore sit totam voluptas qui minus unde laudantium doloremque! Ut culpa eligendi sit voluptas nihil libero consequatur quidem aut unde obcaecati dicta accusamus repellendus. Eius sit illum, sint a voluptatum aut nulla minus nihil fuga omnis quam illo possimus. Numquam tempora aliquid assumenda eum ea optio minima voluptatem reprehenderit ut sapiente nulla ea est! Molestiae et voluptas veritatis hic aut sit ut culpa unde a odio accusamus labore aut. Incidunt voluptates reprehenderit nisi illo enim amet possimus voluptatem blanditiis ducimus repellendus amet dolorem consectetur. Voluptatem temporibus ratione qui nostrum et qui molestiae optio soluta consequatur dolores sint illo placeat. Voluptas debitis tempore aspernatur ut eos et non placeat eius harum explicabo nisi impedit et. Consequatur dolore non omnis tenetur minima saepe non dolore et nesciunt dolorem vel optio ullam. Ex dignissimos sapiente et praesentium debitis ullam libero molestiae, consequatur quia sed voluptatem nulla debitis. Et voluptatem ipsa qui omnis tenetur nobis vel et quia facilis quas error laborum maiores. Architecto unde blanditiis delectus non sunt eveniet aliquam corporis numquam eos et ut et fuga!\r\nDoloremque sed quibusdam ut qui earum quas delectus modi voluptate non labore quae facere voluptatem; commodi quibusdam et sunt alias itaque magni qui reprehenderit qui ducimus libero maxime nisi omnis. Provident et consectetur nostrum mollitia veritatis reiciendis repellat quaerat animi amet omnis tempora illum perferendis...', '1', '1', 'hjntfxj3@example.com'),
('88155283500', 'Culpa amet neque, odit voluptatum voluptatem cum et quia aut aliquid dignissimos ut molestias dolores. Recusandae minus et aut labore cupiditate libero, est sunt iure et nam ducimus rerum dicta. Optio odit eum necessitatibus vero cupiditate fugit tempora eveniet veritatis sapiente placeat ut assumenda mollitia! Eligendi aut quasi quos odit fugit et est optio sunt quia saepe voluptatem id harum. Ipsa reprehenderit quisquam non aut fuga incidunt magnam harum culpa ipsam ut tempora obcaecati reprehenderit. Dicta consectetur corporis vel et doloribus voluptatem culpa cumque quo earum vel autem ut dolor! Nobis porro doloremque impedit sint odit placeat adipisci nihil eos aut sed esse quo omnis? Id reprehenderit ipsa minima molestiae ea voluptates in veritatis magni corporis sint officiis voluptatem ut. Rerum nesciunt expedita quasi aut, quam corporis exercitationem incidunt repellat sunt ut tempora sunt voluptas? Sed quo aspernatur ipsam omnis alias autem nostrum sint dolores ipsa laborum nam similique et; voluptate voluptatem qui eos ad aut pariatur velit quod magni amet repudiandae ducimus harum quae; et reprehenderit amet corrupti commodi nemo aut maxime pariatur velit ut et deleniti nostrum at? Magni vel maxime omnis earum maxime sunt debitis omnis id odit nihil rem dolorem repellat. Voluptatem aut cum qui doloremque sequi quaerat ea dolor facilis sequi atque nesciunt omnis tempore? Nulla dolores fugiat in expedita ut magnam minus quaerat aliquam amet voluptatem quam quasi illo. Possimus reiciendis eum voluptatum aut consequatur ea temporibus rerum exercitationem pariatur sunt nulla deserunt necessitatibus.\r\nExercitationem rerum sint quia quibusdam eum corporis sunt dolor corporis aliquam rem eveniet praesentium ducimus. Corrupti corporis praesentium nobis vel facere sint eum mollitia aut quibusdam voluptatem libero illum aliquid. Libero aspernatur vero sit aut nihil totam tenetur aspernatur molestias ab quo omnis facere reiciendis. Ipsa eum aliquam enim, est magni et eos eum et rerum enim temporibus ea est. Molestiae pariatur omnis magnam eos omnis et temporibus aut ut neque mollitia quis sint quis. Natus vero quia impedit rerum vero in rem et voluptas et vel reiciendis ducimus dolor! Quos dolor blanditiis quia, ad suscipit culpa quia iure molestiae error praesentium ipsam repellat suscipit. Officiis aut asperiores exercitationem adipisci vel laborum aut quis eos aliquam voluptatibus repellat alias et; sed veritatis ad ipsum vel odio saepe aut non ipsum sunt quia ad voluptatibus quia. Corrupti molestias amet sit tempora voluptate quo fugit doloribus consequuntur dolore labore reprehenderit fugiat et? Expedita numquam possimus ut iure reprehenderit dicta ratione in dolorem ducimus quos perspiciatis est sit! Nisi facilis iusto in ipsa nostrum aut, cum ea est et ipsum et tempora qui. Voluptas sapiente mollitia nesciunt sapiente corrupti consequatur ut aut in maiores dicta ut sint repudiandae. Reiciendis assumenda ipsa ad eum, cumque beatae perferendis consectetur praesentium assumenda est et rerum et. Repudiandae qui velit consequatur ut consequatur neque provident aliquid sequi ut fugiat dolorem ut dolor.', '4', '3', 'kwer5@example.com'),
('11403086879', 'Rerum architecto corrupti qui aperiam rerum quae, sed quo cupiditate reprehenderit eum mollitia aut et. Quo vel eveniet culpa fugit omnis error maxime incidunt dolore at aut deserunt aut neque! Aut explicabo dolor consequatur, aut illum velit sed dolorum voluptatem nemo aut ipsa commodi possimus; et voluptates repudiandae ex dolorem quibusdam neque amet nam perspiciatis eaque fuga minima, vitae maiores? Et quia sit eaque nulla velit consequuntur rerum soluta doloribus mollitia pariatur in sunt maxime. Ab et, debitis ex vel repudiandae libero ratione voluptatem quos rerum ex iure qui dolor! Nulla voluptatibus dolorum soluta et odio sed adipisci ut commodi quis laudantium qui quia et. Error et veniam ut, et rem enim qui quasi dolorum nesciunt accusantium quia assumenda ipsum. Deleniti corrupti ipsam error dolorem ullam aspernatur natus non porro iusto et numquam aliquid nobis.\r\nMinima reprehenderit ut itaque ut repellendus, non eum hic ducimus beatae reiciendis in est harum. Aspernatur non iure, omnis autem ex assumenda modi dolorem ratione voluptates tempora non exercitationem sequi...\r\nQuidem dolore voluptas cum eos numquam perferendis voluptatum magnam delectus sit veritatis nobis nisi non. Id facere et omnis quod accusantium possimus ab fugiat consectetur nihil dolorem error quae aut. Velit quo sint cum ipsum atque consequatur suscipit eius eum incidunt eum ut maiores quia.', '4', '4', 'BruceSolis@example.com'),
('39352450193', 'Eaque quasi veritatis, nisi repellendus accusamus ut necessitatibus adipisci quos facilis ab veritatis asperiores nam; corporis aut dolorum, in et quia quisquam sit alias praesentium qui facilis velit quidem ut. Molestiae et eius molestiae ea et quia suscipit quae voluptatibus beatae aspernatur distinctio praesentium laboriosam. Dicta consequatur esse qui vero quia molestias laboriosam nostrum incidunt eaque saepe qui suscipit ratione; ad facilis, amet quo ut eligendi aperiam at quia explicabo asperiores dolor sed assumenda dignissimos. Consequatur non maxime delectus accusamus fuga vero inventore suscipit sequi quo sunt quos sint accusamus? Laborum quae non excepturi commodi rerum quos sed aut illum ut dicta incidunt dolor aliquam. Nam rerum eum aliquid fugit aliquid libero autem provident iusto ducimus ut fuga neque velit! Voluptatem consequatur ipsa ratione est ipsam quae quia facere, repellendus a omnis voluptas laborum voluptates. Aut sit sunt sed adipisci hic incidunt vero dicta et eius omnis mollitia eum modi! Eos et ea dignissimos quos corporis tempora et accusantium non rerum ut similique placeat rerum. Laudantium fugit fugiat ratione dignissimos aliquam doloribus voluptatem corporis, illum modi soluta quisquam voluptatum deserunt. Porro ut praesentium totam natus in, cupiditate repellat consectetur aliquid quo repellat cum laudantium ut? Eius porro cupiditate deleniti, rem vel nulla perspiciatis sequi facilis repudiandae qui aut nostrum sed! Quia et est, porro repudiandae voluptatibus est dolor excepturi voluptas nisi harum unde sequi doloribus? Et aut voluptatibus sint dignissimos iusto, corporis quo ipsam hic nisi ex harum omnis excepturi!\r\nQuae dolor qui et qui omnis unde eveniet natus asperiores quo et iste aut dolor. Quia quisquam ea sequi dolor velit obcaecati odit qui, et vel dolore quidem consequatur reiciendis. At natus ipsum, delectus ducimus consequatur minus dolorum laboriosam vel sed officia cupiditate eos ab. Rerum adipisci dolor eveniet quae molestias nam enim et, corrupti quos praesentium quo est voluptatem; aut quisquam sit nemo voluptates repellendus perspiciatis, sint quis amet necessitatibus voluptatem necessitatibus praesentium ut. Qui nobis iure sint qui ut aut ut enim quo ad ut deserunt ut est; quos temporibus id modi qui voluptates doloribus maiores quisquam ut similique iusto consectetur aut eos; consequatur quo nulla, tenetur nam eveniet nesciunt est et porro rerum incidunt laudantium expedita ut.', '4', '5', 'Christy@example.com');