USE db_public_transport;

--
-- Inserting data into table card_type
--
INSERT INTO card_type(cType, Expiry_Period) VALUES
('Standard', 1);

--
-- Inserting data into table driver
--
INSERT INTO driver(Driver_Id, Driver_Name, License_Type, License_Expiry) VALUES
('80460192228', 'Keitha Hoyt', 'Bus', '2023-09-10'),
('68490827623', 'Elliot Espinoza', 'Bus', '2028-02-25'),
('00368767478', 'Leighann Bird', 'Bus', '2028-03-14'),
('64449631587', 'Mazie Sides', 'Bus', '2030-06-02'),
('84009375351', 'Sharron Falls', 'Bus', '2027-06-02'),
('34115891693', 'Retha Dubois', 'Bus', '2024-10-17'),
('79570539869', 'Shakira Folse', 'Bus', '2026-12-13'),
('53293261764', 'Sydney Larose', 'Bus', '2023-08-17'),
('57335893201', 'Rodney Thrasher', 'Bus', '2023-09-18'),
('48823116874', 'Wilford Logsdon', 'Bus', '2027-06-13'),
('01414516278', 'Preston Ashley', 'Bus', '2023-10-15'),
('22183842355', 'Lanette Bernstein', 'Bus', '2021-02-22'),
('62976086964', 'Rema Embry', 'Bus', '2029-05-04'),
('65249368582', 'Cleo Herrington', 'Bus', '2021-01-17'),
('04878184404', 'Raina Maestas', 'Bus', '2027-02-13'),
('62008942994', 'Rick Waddell', 'Bus', '2021-03-09'),
('74266355509', 'Bernardo Carey', 'Bus', '2027-08-11'),
('89203167930', 'Edythe Irwin', 'Bus', '2021-01-07'),
('63438151769', 'Hunter Tennant', 'Bus', '2027-10-01'),
('27007622225', 'Kirstin Caraballo', 'Bus', '2021-02-20'),
('99070628884', 'Gertha Hatchett', 'Bus', '2025-04-11'),
('50437058002', 'Elise Hoffmann', 'Bus', '2025-05-03'),
('36884763047', 'Jeramy Cockrell', 'Bus', '2025-05-26'),
('15944328100', 'Angelyn Fleming', 'Bus', '2027-01-02'),
('27868892048', 'Erich Ferrari', 'Bus', '2030-03-24'),
('24810650561', 'Titus Scales', 'Bus', '2022-10-03'),
('41300364487', 'Karine Dalton', 'Bus', '2025-11-23'),
('98175045510', 'Venita Grimm', 'Bus', '2021-10-25'),
('63294076195', 'Betsy Dietz', 'Bus', '2024-08-02'),
('41724714178', 'Donte Stamper', 'Bus', '2023-01-07'),
('44786222330', 'Antony Avila', 'Bus', '2021-06-11'),
('03902968983', 'Beatris Alcorn', 'Bus', '2029-05-01'),
('73937286219', 'Tish Carmichael', 'Bus', '2029-05-31'),
('40421088056', 'Lesha Runyon', 'Bus', '2021-03-09'),
('59987909086', 'Hattie Greenberg', 'Bus', '2022-07-07'),
('03823586550', 'Gertrudis Mcneil', 'Bus', '2027-04-21'),
('18343228666', 'Dionne Sheridan', 'Bus', '2021-02-18'),
('90933765765', 'Neva Duval', 'Bus', '2025-09-06'),
('41095746857', 'Robin Mejia', 'Bus', '2021-12-09'),
('85547482635', 'Mariela Travers', 'Bus', '2026-04-18'),
('86309795357', 'Lasonya Zielinski', 'Bus', '2023-01-30'),
('14621640212', 'Emanuel Steffen', 'Bus', '2025-12-05'),
('50949104899', 'Birdie Sotelo', 'Bus', '2027-05-23'),
('36874051522', 'Yung Matson', 'Bus', '2026-09-09'),
('97679513520', 'Lenard Simmons', 'Bus', '2026-10-24'),
('14620830031', 'Colton Esposito', 'Bus', '2021-01-06'),
('86033027147', 'Duane Damon', 'Bus', '2024-03-19'),
('82066910841', 'Arica Hardesty', 'Bus', '2030-01-25'),
('00341090574', 'Jordon Nance', 'Bus', '2030-02-09'),
('99704973998', 'Amada Robinson', 'Bus', '2029-09-06');


--
-- Inserting data into table vehicle
--
INSERT INTO vehicle(Vehicle_Id, Vehicle_Type, Capacity, Status) VALUES
('31862300901', 'Bus', 54, 'active'),
('35508018570', 'Bus', 33, 'active'),
('23525376540', 'Bus', 43, 'active'),
('30588522663', 'Bus', 55, 'active'),
('44272168440', 'Bus', 38, 'active'),
('06826017524', 'Bus', 57, 'active'),
('82089106673', 'Bus', 37, 'active'),
('75905933566', 'Bus', 39, 'active'),
('31284772581', 'Bus', 51, NULL),
('35451896555', 'Bus', 53, 'active'),
('07607869895', 'Bus', 40, 'active'),
('70774903792', 'Bus', 51, 'active'),
('42290287881', 'Bus', 51, 'active'),
('84874371942', 'Bus', 32, 'active'),
('58930345302', 'Bus', 35, 'active'),
('23214513437', 'Bus', 38, 'active'),
('56993097150', 'Bus', 57, 'active'),
('73006712548', 'Bus', 45, 'active'),
('28755416416', 'Bus', 58, 'active'),
('67544682415', 'Bus', 38, 'active'),
('17667825062', 'Bus', 47, 'active'),
('70143697109', 'Bus', 60, 'active'),
('80750590876', 'Bus', 45, 'active'),
('56705034876', 'Bus', 39, 'active'),
('07396471162', 'Bus', 51, 'active'),
('48243472914', 'Bus', 35, 'active'),
('31973419588', 'Bus', 57, 'active'),
('49045495425', 'Bus', 51, 'active'),
('91438873044', 'Bus', 45, 'active'),
('94103420088', 'Bus', 39, 'active'),
('93128053611', 'Bus', 57, 'active'),
('82967611453', 'Bus', 43, 'active'),
('46020921138', 'Bus', 57, 'active'),
('07015514594', 'Bus', 35, 'active'),
('85955581191', 'Bus', 40, 'active'),
('71893635451', 'Bus', 33, 'active'),
('03346092863', 'Bus', 42, 'active'),
('50120435726', 'Bus', 50, 'active'),
('94046136857', 'Bus', 50, 'active'),
('09246286930', 'Bus', 38, 'active'),
('71867097394', 'Bus', 44, 'active'),
('05958768437', 'Bus', 31, 'active'),
('71662928697', 'Bus', 37, 'active'),
('32546094056', 'Bus', 38, 'active'),
('87456190345', 'Bus', 33, 'active'),
('03354631346', 'Bus', 52, 'active'),
('07476090961', 'Bus', 52, 'active'),
('00155416022', 'Bus', 52, 'active'),
('40207806577', 'Bus', 54, 'active'),
('95677984538', 'Bus', 40, 'active');

--
-- Inserting data into table travel_card
--
INSERT INTO travel_card(Card_Id, Balance, Status, Issue_Date, Last_Usage, Travel_Count, cType) VALUES
('96821128319', 108, 'active', '2020-05-07', '2018-06-22 09:50:17', 40828, 'Standard'),
('19812738115', 5, 'active', '2014-05-17', '2015-04-27 13:40:57', 6, 'Standard'),
('93811427274', 5, 'active', '2005-09-07', '2015-02-01 00:14:46', 4, 'Standard'),
('38989186758', NULL, 'active', '2009-05-26', '2018-10-20 21:06:26', 56377, 'Standard'),
('96067625316', 64, 'active', '2017-06-13', NULL, 5056, 'Standard'),
('75243486854', 116, 'active', '2018-11-13', '2015-02-01 00:01:37', 59585, 'Standard'),
('87087809695', 64, 'active', '2014-08-25', '2020-05-10 00:25:08', 17306, 'Standard'),
('19151365526', 119, 'active', '2017-11-22', '2017-03-13 20:08:17', 13717, 'Standard'),
('63739794967', 25, 'active', '2005-03-18', '2017-01-14 06:47:51', 20455, 'Standard'),
('32263891427', 50, 'active', '2005-02-08', '2015-02-01 01:55:06', 8270, 'Standard'),
('11796492527', 117, 'active', '2010-04-25', '2015-02-01 00:01:15', 9, 'Standard'),
('40789185392', 66, 'active', '2019-11-16', '2018-09-28 19:48:04', NULL, 'Standard'),
('56865934235', 107, 'active', '2013-07-04', '2015-03-19 10:04:33', 34605, 'Standard'),
('39099294903', 54, 'active', '2017-06-19', '2015-02-01 00:00:55', 8326, 'Standard'),
('13978253178', 0, 'active', '2014-03-19', '2015-02-01 00:00:09', 52274, 'Standard'),
('48851184866', 82, 'active', '2008-01-22', '2015-02-01 00:00:07', 30262, 'Standard'),
('93516146937', 119, 'active', '2009-08-19', '2018-07-07 02:19:15', 26440, 'Standard'),
('87380270878', 86, 'active', '2005-11-27', '2019-08-05 04:46:11', 36109, 'Standard'),
('29031799983', 93, 'active', '2005-04-10', '2015-02-01 01:02:25', 61526, 'Standard'),
('07308657980', 102, 'active', '2005-01-10', '2019-03-11 08:58:36', 452, 'Standard'),
('12641976951', 2, 'active', '2005-01-09', '2015-02-01 00:04:03', 291, 'Standard'),
('25546515419', 3, 'active', '2005-01-26', '2015-02-01 00:25:30', 19624, 'Standard'),
('45083937092', 106, 'active', '2014-01-18', '2015-02-01 00:04:25', 54314, 'Standard'),
('93611273822', 17, 'active', '2020-03-27', '2016-02-05 03:19:48', 65084, 'Standard'),
('51769480516', 96, 'active', '2006-11-01', '2015-04-05 11:57:39', 4034, 'Standard'),
('41832403126', 37, 'active', '2006-08-07', '2019-01-18 22:08:59', 62480, 'Standard'),
('18731439645', 0, 'active', '2011-08-24', '2016-02-17 14:12:35', 17035, 'Standard'),
('90500072866', 126, 'active', '2012-09-02', '2018-10-21 13:10:28', 11, 'Standard'),
('74625391967', 79, 'active', '2011-11-07', '2018-08-10 04:42:38', 4822, 'Standard'),
('18380476550', 94, 'active', '2018-12-16', '2020-04-23 22:07:11', 8485, 'Standard'),
('18295881787', 2, 'active', '2006-11-27', '2016-10-25 16:48:32', 8244, 'Standard'),
('56871682743', 74, 'active', '2005-01-08', '2018-07-12 05:09:15', 20429, 'Standard'),
('28802623219', 7, 'active', '2016-05-21', '2020-02-10 21:29:52', 53078, 'Standard'),
('82713728517', 106, 'active', '2005-01-13', '2018-10-03 23:44:43', 18195, 'Standard'),
('47291432387', 121, 'active', '2007-05-27', '2020-04-09 05:51:37', 26798, 'Standard'),
('10569447967', 127, 'active', '2018-02-22', '2017-10-21 00:42:54', 15311, 'Standard'),
('66728210014', 78, 'active', '2005-01-10', '2015-02-01 00:01:16', 24804, 'Standard'),
('30595506579', 72, 'active', '2014-07-29', '2019-12-28 11:07:22', 54, 'Standard'),
('06947685169', 122, 'active', '2007-12-06', '2020-01-07 09:05:40', 59345, 'Standard'),
('37938027235', 38, 'active', '2017-04-27', '2018-03-05 06:17:00', 5385, 'Standard'),
('84305896893', 39, 'active', '2006-01-09', '2015-02-01 01:24:16', 3335, 'Standard'),
('75515002604', 107, 'active', '2007-09-18', '2017-09-24 23:47:08', 64116, 'Standard'),
('27182172734', 85, 'active', '2015-11-24', '2015-05-11 02:33:23', 1, 'Standard'),
('21549106055', 116, 'active', '2008-09-02', '2015-02-01 00:02:56', 62138, 'Standard'),
('41591142794', 117, 'active', '2007-06-02', '2019-06-10 15:06:38', 0, 'Standard'),
('89158687739', 98, 'active', '2006-02-27', '2018-11-08 14:11:36', 905, 'Standard'),
('22614899724', 47, 'active', '2005-01-05', '2019-08-16 05:15:52', 990, 'Standard'),
('30177270644', 3, 'active', '2005-03-30', '2020-04-08 17:49:28', 58103, 'Standard'),
('81265930722', 91, 'active', '2011-03-28', '2015-02-01 00:13:09', 46954, 'Standard'),
('11389715532', 3, 'active', '2005-04-01', '2017-02-16 11:28:22', 48677, 'Standard');

--
-- Inserting data into table passenger
--
INSERT INTO passenger(Passenger_Id, Full_Name, Birth_Date, Card_Id) VALUES
('94630114500', 'Joel George', '1992-02-10', '30595506579'),
('82423495876', 'Julia Cobb', '1966-08-19', '87380270878'),
('70349273437', 'Merissa Scoggins', '1974-05-18', '25546515419'),
('35775784343', 'Cheree Royster', '1993-04-26', '41591142794'),
('89613999399', 'Jessia Coles', '1959-11-04', '66728210014'),
('74840538427', 'Etha Cross', '1950-01-21', '37938027235'),
('88798796848', 'Keith Powell', '2002-01-08', '93811427274'),
('61954770936', 'Jeremiah Charlton', '1997-03-30', '12641976951'),
('04079750930', 'Lera Luttrell', '1988-05-18', '96067625316'),
('49894434891', 'Ali Burkett', '1991-06-29', '81265930722'),
('50500709572', 'Gale Oglesby', '2001-06-05', '90500072866'),
('09286411796', 'Mary Heredia', '1950-02-03', '47291432387'),
('60024021470', 'Charlie North', '1990-01-12', '41832403126'),
('90652148115', 'Matilda Fullerton', '1950-03-25', '12641976951'),
('00663320864', 'Lynsey Becker', '2004-08-03', '96821128319'),
('78189454342', 'Kay Camacho', '1967-01-30', '84305896893'),
('33424239332', 'Cathern Metzler', '1990-10-25', '48851184866'),
('69113392183', 'Wesley Triplett', '1998-09-13', '93811427274'),
('50147865423', 'Trey Clinton', '2002-01-07', '06947685169'),
('97668822793', 'Hana Dupree', '1966-06-14', '87087809695'),
('14554811481', 'Jordan Macdonald', '1969-02-07', '07308657980'),
('66532944391', 'Jimmie Elder', '1987-03-09', '96067625316'),
('94668391620', 'Chance Neill', '1992-03-01', '37938027235'),
('76979355709', 'Velvet Mccoy', '1994-10-03', '13978253178'),
('05140961646', 'Randolph Rudd', '1971-03-15', '19151365526'),
('36854826635', 'Tim Presley', '1950-04-05', '32263891427'),
('95666895903', 'Manuel Boatwright', '1995-06-16', '40789185392'),
('27410903893', 'Lynn Mckinney', '1950-01-07', '10569447967'),
('70829870315', 'Verna Hook', '1993-08-14', '30177270644'),
('33372314168', 'Ethan Morley', '1976-05-06', '29031799983'),
('73633573382', 'Tisha Oreilly', '1984-02-24', '41832403126'),
('67355526605', 'Kyla Sterling', '1953-09-14', '66728210014'),
('66684823981', 'Pasquale Mcduffie', '1998-12-05', '45083937092'),
('71424510675', 'George Rankin', '2001-06-25', '32263891427'),
('14762193987', 'Gregg Whitmore', '2006-04-15', '11389715532');

--
-- Inserting data into table user_account
--
INSERT INTO user_account(Email, Password, Last_Login, Passenger_Id) VALUES
('Alexia_Dobbins8@example.com', '_3b_ZR95', '2019-09-15', '49894434891'),
('vnlx5987@nowhere.com', 'jy8LsgO2M', '2018-01-09', '27410903893'),
('Allen@example.com', 'RJ5h7Jn3Vvwx', '2018-07-23', '89613999399'),
('Bradbury@example.com', 'V596_0Fv6gfL', '2019-07-18', '36854826635'),
('Marci_Peterson485@example.com', 'D2pbvjPT_', '2019-07-11', '78189454342'),
('Tristan.Mcgregor65@example.com', '1cU6oJE3a5', '2018-04-20', '74840538427'),
('fjfn7678@nowhere.com', 'Oua87dPu38', '2018-12-07', '35775784343'),
('Abrams@nowhere.com', 'sa390_W3eM', NULL, '66532944391'),
('Arndt@example.com', '7BK581yt', '2018-03-04', '49894434891'),
('Burgess@example.com', 'VRlU31rXl_wD', '2018-01-27', '67355526605'),
('StefanieSpring@example.com', 'AW95II94NX', '2019-11-16', '00663320864'),
('WendellTalley@example.com', '6O2_mOq0nTKRX9ySa', '2018-06-25', '35775784343'),
('Demers@example.com', 'VLKO6Q66ob', '2018-01-20', '09286411796'),
('Marin2@example.com', '550S5Ke8P3L_S', '2018-12-01', '49894434891'),
('AdelaDoran@example.com', '3pzH39jC5P0z83Oli', '2019-06-27', '78189454342'),
('Cardwell@example.com', 'o5cWWfE9_V', '2018-05-10', '70829870315'),
('Anaya@example.com', '_TqUH3Fdy78', '2018-03-01', '78189454342'),
('Ferris@nowhere.com', 'X79F67qi', '2019-07-07', '66532944391'),
('AleciaAlston97@nowhere.com', 'njFAABvTf7', '2019-09-16', '76979355709'),
('Alaine.Block7@example.com', '109jIL_5wx_', '2019-06-06', '73633573382'),
('NathanDubose@example.com', 'A7LnwvQE_', '2020-02-04', '94630114500'),
('Brenda_Roderick35@example.com', '1dTN_Dy87U_7Fuplx_', '2018-04-24', '49894434891'),
('Gustavo_Monk@example.com', '1edAs9oesF_', '2019-05-15', '88798796848'),
('AdelaidaMorrow@nowhere.com', 'U1W1EPAi_pT0RA5Da4IR', '2018-09-14', '27410903893'),
('YungTerrell279@example.com', 'J8_9Ji11v56B6alKy2_Q', '2019-09-27', '70829870315'),
('Felicita.Amos@example.com', 'ZWwKDzQc', '2018-08-19', '14554811481'),
('Moore2@example.com', 'kO8_Df4cb7', '2018-03-26', '61954770936'),
('Thanh_Bullock522@example.com', 'H4Yh6li54ed1', '2018-09-05', '94668391620'),
('Hanks@nowhere.com', 'lKF6C846J', '2018-03-07', '50500709572'),
('uepqajr3283@nowhere.com', '4RqN9r4OK', '2020-01-27', '71424510675'),
('Penni_Elrod238@example.com', 'L3PaDg0f', '2018-01-03', '60024021470'),
('Abney@nowhere.com', '60E_VvN3', '2018-04-08', '05140961646'),
('Benson@nowhere.com', 'rF94SeXV7k1Y', '2018-11-16', '04079750930'),
('GeoffreySmalls@nowhere.com', 'hi_HA96S', '2018-04-26', '35775784343'),
('amner9923@example.com', 'c1ECa_7oxb', '2020-01-06', '66532944391'),
('Ness@example.com', 'Q_cuC_s6Pf7xPc', '2019-06-30', '14554811481'),
('AdanMount@example.com', 'Ykbq2qpw44C_', '2018-10-19', '71424510675'),
('Daigle792@example.com', 'I_ueadLJN', '2019-08-05', '89613999399'),
('AdamPham@example.com', '_0JU3vf_Cx_ub4d', '2018-01-02', '69113392183'),
('Blythe.Hahn@example.com', '73bn0xFW2yCr2_', '2019-06-17', '14554811481'),
('Naylor134@example.com', 'u58SQrvj', '2018-06-15', '05140961646'),
('Errol_Mckeown@example.com', '___beq4F', '2018-07-23', '04079750930'),
('Liliana.Timm742@example.com', 'Y8YV1u7Ep4M65', '2018-04-06', '49894434891'),
('DeshawnPMayo61@nowhere.com', 'I573me_5QYf_35Qv0', '2018-07-12', '94668391620'),
('Criswell@example.com', '45jg_6QU2l_Z', '2019-11-05', '94668391620'),
('Danuta_Aguirre@example.com', 'AmwX644_7zH', '2018-03-06', '67355526605'),
('AliceMontanez@example.com', 'o4O9Y887k24t_', '2018-01-03', '09286411796'),
('Acevedo@nowhere.com', 'Q54xRN3SAE4AH772pu', '2018-04-16', '74840538427'),
('Alethia.S.Murillo@example.com', '3Eo1l9SQAW2EXxM5R4T_', '2018-08-15', '14762193987'),
('aguh325@nowhere.com', '34P6_9DCSQlO', '2020-02-19', '88798796848');

--
-- Inserting data into table driver_drives
--
INSERT INTO driver_drives(Driver_Id, Vehicle_Id) VALUES
('86033027147', '07476090961'),
('57335893201', '31284772581'),
('89203167930', '73006712548'),
('64449631587', '30588522663'),
('98175045510', '49045495425'),
('99704973998', '95677984538'),
('97679513520', '87456190345'),
('82066910841', '00155416022'),
('14620830031', '03354631346'),
('36884763047', '80750590876'),
('62976086964', '42290287881'),
('63438151769', '28755416416'),
('14621640212', '05958768437'),
('65249368582', '84874371942'),
('27007622225', '67544682415'),
('00341090574', '40207806577'),
('04878184404', '58930345302'),
('18343228666', '03346092863'),
('50949104899', '71662928697'),
('99070628884', '17667825062'),
('63294076195', '91438873044'),
('90933765765', '50120435726'),
('48823116874', '35451896555'),
('62008942994', '23214513437'),
('84009375351', '44272168440'),
('01414516278', '07607869895'),
('15944328100', '56705034876'),
('41724714178', '94103420088'),
('27868892048', '07396471162'),
('50437058002', '70143697109'),
('36874051522', '32546094056'),
('34115891693', '06826017524'),
('44786222330', '93128053611'),
('41095746857', '94046136857'),
('24810650561', '48243472914'),
('03902968983', '82967611453'),
('74266355509', '56993097150'),
('22183842355', '70774903792'),
('80460192228', '31862300901'),
('40421088056', '07015514594'),
('85547482635', '09246286930'),
('41300364487', '31973419588'),
('73937286219', '46020921138'),
('79570539869', '82089106673'),
('59987909086', '85955581191'),
('86309795357', '71867097394'),
('03823586550', '71893635451'),
('68490827623', '35508018570'),
('53293261764', '75905933566'),
('00368767478', '23525376540');

--
-- Inserting data into table passenger_address
--
INSERT INTO passenger_address(Address_Id, Passenger_Id, Town, Neighborhood, Street, Number, X_Coordinate, Y_Coordinate) VALUES
('24032676453', '09286411796', 'Rutland', 'Zuni', 'WV', '08474', 94367, -19409),
('06901436668', '04079750930', 'Kirkcudbrightshire', 'Montara', 'IL', '88838', -49, -86808),
('55405910866', '69113392183', 'Wigtownshire', 'Dundee', 'MS', '64268', 83402, NULL),
('54938549929', '35775784343', 'Nairnshire', 'Gnadenhutten', 'MN', '81405', -13392, -15921),
('11812526614', '27410903893', 'Nottinghamshire', 'Adirondack', 'CA', '41060', 97565, 46264),
('12386048237', '00663320864', 'Berkshire', 'Rollingstone', 'PA', '39238', -14438, -3533),
('49469385585', '49894434891', 'Selkirkshire', 'Larned', 'OH', '50797', -92, -69007),
('40784958342', '60024021470', 'Lanarkshire', 'Dunedin', 'ND', '91546', -52549, 366),
('37324089908', '50500709572', 'Greater Manchester', 'Gobles', 'NV', '37670', NULL, -9),
('96617499115', '94668391620', 'County Durham', 'St Paul Park', 'MD', '43495', -76288, -9),
('24032676453', '60024021470', 'Down', 'Broomfield', 'TX', '88313', -1870, -88836),
('04710629448', '50147865423', 'Gwent', 'Dunellen', 'NC', '53708', -5351, -73898),
('92119089103', '88798796848', 'Dumfriesshire', 'Adna', 'ME', '30617', -12279, -24104),
('40784958342', '90652148115', 'Herefordshire', 'Osprey', 'LA', '25968', 348, 7467),
('16768196555', '97668822793', 'Tyne and Wear', 'Goddard', 'TN', '04508', 39334, -13127),
('52109280380', '90652148115', 'Lancashire', 'Rollinsford', 'CA', '29938', -20, 49),
('52109280380', '00663320864', 'Berwickshire', 'Montauk', 'DE', '14229', 79053, 5356),
('26724206225', '82423495876', 'Gwynedd', 'Wenatchee', 'KS', '82406', -91, -59783),
('06901436668', '61954770936', 'Hertfordshire', 'Osseo', 'SD', '39589', -57707, 904),
('01700680615', '14554811481', 'Dunbartonshire', 'Dunkerton', 'MS', '64539', 66889, -41276),
('82158001201', '70829870315', 'Hampshire', 'Larose', 'MO', '25196', -42276, 82481),
('54938549929', '70349273437', 'Orkney', 'Montcalm County', 'TX', '02189', 240, 75100),
('66336094854', '49894434891', 'Wiltshire', 'Roma', 'DE', '83724', -1, -98),
('12386048237', '78189454342', 'Aberdeenshire', 'Brooten', 'CT', '49021', 22456, -70239),
('87488339508', '89613999399', 'Tyrone', 'Godfrey', 'RI', '81074', 63502, -46905),
('49469385585', '50500709572', 'Shetland', 'Adona', 'WA', '25653', -9373, -9),
('23956922700', '76979355709', 'Worcestershire', 'Las Animas', 'WI', '47722', 5, -488),
('16765339854', '33372314168', 'Dyfed', 'Broseley', 'MN', '57745', -87242, -93303),
('12204010635', '05140961646', 'Oxfordshire', 'Montclair', 'AR', '37084', 7, -20182),
('15638752926', '66532944391', 'Cromartyshire', 'St Peter', 'HI', '25891', 35923, 23532),
('66336094854', '04079750930', 'Shropshire', 'Dunkirk', 'NM', '32435', 17388, -85439),
('14355122527', '74840538427', 'East Lothian', 'Ossian', 'MS', '49356', -23679, 80237),
('53067321519', '73633573382', 'Buckinghamshire', 'Las Cruces', 'WY', '47910', -21930, -60151),
('87488339508', '35775784343', 'Angus', 'Romance', 'AZ', '70449', -18135, 87542),
('44944818897', '36854826635', 'Warwickshire', 'Godwin', 'WA', '11545', -31568, -2309),
('44070951940', '67355526605', 'Peeblesshire', 'Adrian', 'WY', '28146', 22, -25068),
('92508760619', '33424239332', 'Leicestershire', 'Monte Rio', 'KY', '06998', -7879, -25251),
('37324089908', '09286411796', 'Bute', 'Dunlap', 'NE', '66725', -94521, 29578),
('11638861485', '94630114500', 'Somerset', 'Ossining', 'RI', '36010', 11690, -77477),
('30048581339', '71424510675', 'Perthshire', 'Rome', 'NJ', '02941', 95687, -9242),
('14355122527', '89613999399', 'Cumberland', 'Brothers', 'CO', '99566', -92664, -2197),
('37322771398', '95666895903', 'Suffolk', 'Goffstown', 'ND', '71225', -94, -5),
('59328446431', '66684823981', 'Humberside', 'Wendell', 'CA', '78765', 6, -49508),
('82800522846', '88798796848', 'Lincolnshire', 'Las Vegas', 'AR', '01116', 68843, -9336),
('87386095880', '14762193987', 'West Lothian', 'Advance', 'TN', '71922', -32665, -17006),
('82800522846', '74840538427', 'Essex', 'Broussard', 'TN', '76104', 10486, 98003),
('24323787987', '94630114500', 'Cumbria', 'St Peters', 'WI', '97681', -13, -87982),
('24323787987', '82423495876', 'Antrim', 'Wendover', 'DE', '64336', -14151, -18051),
('92119089103', '61954770936', 'Surrey', 'Dunn', 'UT', '20311', 30, -53778),
('26724206225', '70349273437', 'West Midlands', 'Afton', 'DE', '47617', -45231, 64608);

--
-- Inserting data into table passenger_phone
--
INSERT INTO passenger_phone(Phone, Passenger_Id, Phone_Type) VALUES
('0660463249', '09286411796', 'Preferred'),
('1405648859', '04079750930', 'Mobile'),
('6796191056', '69113392183', 'Pager'),
('4367505134', '35775784343', 'Pager'),
('6285252943', '27410903893', 'Voicemail'),
('8979666073', '00663320864', 'Pager'),
('0007180179', '49894434891', 'Pager'),
('4539976947', '60024021470', 'Cell'),
('2786876337', '50500709572', 'Voicemail'),
('4275445501', '94668391620', 'Toll-Free'),
('0660463249', '60024021470', 'Preferred'),
('9302538672', '50147865423', 'Preferred'),
('2284567808', '88798796848', 'Cell'),
('4539976947', '90652148115', 'Cell'),
('8534222326', '97668822793', 'Voicemail'),
('2990356780', '90652148115', 'Pager'),
('2990356780', '00663320864', 'Home'),
('3019996161', '82423495876', 'Personal'),
('1405648859', '61954770936', 'Toll-Free'),
('7756120367', '14554811481', 'Work'),
('1158392309', '70829870315', 'Home'),
('4367505134', '70349273437', 'Personal'),
('3278647383', '49894434891', 'Personal'),
('8979666073', '78189454342', 'Toll-Free'),
('3912169493', '89613999399', 'Voicemail'),
('0007180179', '50500709572', 'Fax'),
('6722201253', '76979355709', 'Pager'),
('0524244616', '33372314168', 'Home'),
('2045461226', '05140961646', 'Toll-Free'),
('7545669402', '66532944391', 'Mobile'),
('3278647383', '04079750930', 'Fax'),
('5234935930', '74840538427', 'Mobile'),
('6025564077', '73633573382', 'Fax'),
('3912169493', '35775784343', 'Voicemail'),
('0430967329', '36854826635', 'Voicemail'),
('7182885767', '67355526605', 'Fax'),
('6454081385', '33424239332', 'Toll-Free'),
('2786876337', '09286411796', 'Toll-Free'),
('5685708272', '94630114500', 'Home'),
('6483149959', '71424510675', 'Preferred'),
('5234935930', '89613999399', 'Voicemail'),
('2852360928', '95666895903', 'Work'),
('6574909328', '66684823981', 'Cell'),
('4332535066', '88798796848', 'Pager'),
('6511080227', '14762193987', 'Voicemail'),
('4332535066', '74840538427', 'Preferred'),
('7180246790', '94630114500', 'Toll-Free'),
('7180246790', '82423495876', 'Preferred'),
('2284567808', '61954770936', 'Preferred'),
('3019996161', '70349273437', 'Fax');


--
-- Inserting data into table travel_review
--
INSERT INTO travel_review(Review_Id, Message, Travel_Rating, Review_Rating, Email) VALUES
('01251271209', 'Officia eius molestias quae odit ut voluptatem nihil similique ad animi sapiente quod consequatur accusamus; libero fugiat voluptate maxime dolorem autem quisquam dignissimos harum doloremque inventore optio quidem exercitationem atque. Rem mollitia in qui atque vitae est repellat dignissimos facilis praesentium placeat repellat assumenda et. Quia omnis iusto doloremque, ab quia incidunt sint voluptatem deleniti quia quaerat dolores itaque saepe! Aspernatur nisi maxime est eligendi quisquam ut quisquam sit velit odio, incidunt omnis aut et? Vel quam ea repudiandae mollitia porro dignissimos perferendis autem nam nobis quibusdam voluptatem qui magnam. Minima repudiandae minima tempora, qui adipisci doloribus et aut atque quibusdam harum et atque est; quaerat et id molestiae dolorem minima ut expedita vel sed vitae repellendus distinctio tempore quo. Minus totam aut non quia aliquid est iste ipsam autem ut laudantium quia eligendi voluptatem; cum quam vitae temporibus vitae omnis doloribus ex porro doloribus eveniet harum enim autem ut.\r\nFacere sed nemo unde illo dolorem dignissimos ut beatae nulla autem id sed at sint. Asperiores voluptatem, optio id voluptatem sed eveniet iste ea minima magnam ut repellat iusto dignissimos. Error et velit deserunt maiores qui delectus ut quo praesentium nam doloremque molestiae consequatur voluptates. Incidunt commodi enim, delectus enim aperiam veritatis qui architecto nulla saepe dicta earum blanditiis necessitatibus! Voluptatem ipsa voluptas et sit rerum iure voluptas omnis voluptates voluptatem eveniet nisi asperiores et. Molestiae architecto pariatur est vel molestias consequatur, aut omnis enim id nostrum sunt maiores molestiae? A sit magni, vel optio et non accusamus aut iste velit iure facere similique perspiciatis. Quis numquam sint odit voluptas distinctio et sit explicabo provident totam culpa nesciunt fugit explicabo; quo doloremque rerum repellat rerum eaque eum qui ipsam dignissimos quidem aut libero non rerum. Et aliquam rerum quisquam quam in aut in molestiae officiis voluptates sunt et sit corporis. Voluptatibus qui et officia porro magni expedita sed quos consequatur ducimus voluptatem repudiandae eum tenetur. Eum libero odio eaque aspernatur iusto numquam magnam saepe quia distinctio quia, ut necessitatibus mollitia.\r\nUnde iure tempore, expedita culpa rerum ut laboriosam eum cumque quos ipsa obcaecati sed laborum. Qui consequatur iste nihil placeat magni ipsa aut dolores esse et facilis ea porro praesentium. Quos debitis est dolorum et aut praesentium quia culpa delectus voluptatem ea eos consequatur sed. Corporis natus mollitia, odio perferendis cumque totam ipsum est veritatis iusto omnis earum consequatur corrupti. Et dignissimos voluptate sit hic eaque dolore, quibusdam iusto sit vel iure labore quia itaque. Officiis molestias commodi, consequatur laudantium ut esse fugiat eos omnis voluptas et sed ut et! Doloribus optio ut et impedit quidem consequatur quo asperiores aspernatur quo est maiores earum possimus. Et omnis ab, et officiis in explicabo omnis voluptatem sint incidunt vel repellat eos est. Quam quae facilis harum, dolorem aut laborum quisquam repudiandae quidem a eius commodi qui dolorem; animi et voluptates qui et qui aut fuga nam quo provident amet numquam et ipsam. Sunt fugit aut sint repudiandae, voluptatem id unde omnis voluptas aut corrupti mollitia numquam rerum! Natus qui eos exercitationem voluptas voluptate laudantium maiores excepturi et omnis vel dolores ullam eaque. Omnis similique est beatae laborum repellat est blanditiis provident et aut ad molestiae nulla illum! Eum voluptatem autem consequatur quia nihil, sit fuga placeat velit suscipit modi aut numquam molestias. Sed et iure magni, dolor doloremque cupiditate sunt quia non debitis minus repellendus perferendis veritatis.', '5', '1', 'Arndt@example.com'),
('65612367915', 'Pariatur vel suscipit esse optio repellat doloribus ut quo ab facere sit cumque voluptatem ea. Sit aliquid hic aut accusamus sed ducimus sequi rerum sequi deleniti saepe et quasi molestiae! Et laudantium, inventore nobis et excepturi deleniti neque sunt repudiandae dolore dolor in voluptas culpa. Facere dignissimos error consequatur vel est dolor repellendus quod consequatur ut quasi consequatur et consequatur.\r\nVeniam commodi adipisci numquam placeat magnam dolores et eveniet mollitia voluptates quasi cumque optio qui; vitae magni dolore earum provident eos temporibus recusandae omnis eos voluptatum explicabo quia ut et. Esse qui non dolores ut quisquam qui animi et odit veniam tempore iste officia impedit; minus porro, ullam nam nesciunt iure ullam perferendis enim iste dolores cum officia doloribus et. Repellat quos beatae eveniet inventore, vel quia quod iusto placeat eos suscipit quisquam et dolore! Iste illum omnis, quis molestiae facere voluptas exercitationem rem ea ad impedit perspiciatis ipsam laborum. Vitae culpa consequuntur delectus dolores qui corrupti porro animi quis vel ut quis quibusdam voluptatum. Ex veritatis quam non dicta, nisi eos natus pariatur quia dignissimos quis beatae mollitia inventore. Error assumenda eos in, rem harum ducimus quo placeat et libero quos commodi est magnam? Temporibus ipsa voluptas nisi qui sit dicta necessitatibus voluptates dolor consequuntur qui voluptatem praesentium ullam. Adipisci aut autem qui totam autem dolor autem quisquam excepturi nulla reiciendis ut veniam ut! Quidem reiciendis, nemo repellat deserunt aliquam sequi aut ea ullam numquam mollitia ut nostrum et. Enim pariatur porro minus qui aut maiores alias et quas non et repudiandae quibusdam optio; commodi adipisci velit pariatur et esse, blanditiis velit voluptas qui tenetur rerum repellat voluptatem aut; iste aut, sunt distinctio modi quia odio eos rerum nihil ut laudantium aut sequi omnis. Voluptates est vero temporibus commodi velit adipisci delectus natus et dignissimos sed ut quasi quia. Ratione quod hic excepturi eum rerum molestias debitis facere eos et inventore deserunt consequatur ratione; sunt fugiat obcaecati velit, aliquam at et alias rerum pariatur officiis possimus placeat voluptatibus voluptas. Non quia dolores qui odio nihil consectetur id aut exercitationem rerum ad sit rerum quam.', '5', '1', 'fjfn7678@nowhere.com'),
('65635715755', 'Omnis non id quos ut rem aperiam voluptatem esse harum aut sed enim molestias ut. Necessitatibus deleniti laborum facilis quis nemo magni quae autem qui consequatur voluptas accusamus est in. Harum a tempore quisquam veniam rerum eius est cum doloremque blanditiis illum et eos inventore. Consequatur architecto consectetur iusto ex dolore nesciunt quis quo vel dolores cupiditate quia quos repudiandae! Illum aut, minima magnam sed ipsa ullam in natus quia odit eveniet minus vel doloremque. Ut soluta modi vero deleniti architecto, qui esse animi et quo facilis architecto veniam accusamus. Eos fugit ut eius tenetur sit repudiandae harum nihil voluptatum quia labore qui aut reiciendis! Sint iusto soluta minus maiores ipsum ut praesentium sint sed architecto ipsa dolore et ex.', '2', '2', 'Arndt@example.com'),
('30584699098', 'Beatae sit assumenda at soluta cum doloribus consequatur dolore quisquam rerum ipsa distinctio magnam aut. Ea eveniet magni incidunt, et natus perferendis aperiam sit sunt dolorum voluptatum autem voluptas dolorem. Voluptatum delectus commodi est earum magnam autem velit excepturi consectetur deleniti et sint ut laborum! Quod libero provident est expedita est ut ad eaque quos quia eum incidunt voluptas soluta. Necessitatibus rerum molestiae consequatur atque cumque sed est, beatae esse expedita quo mollitia eveniet aut. Exercitationem officiis tempore dolores impedit ut ea repellendus laboriosam omnis perspiciatis soluta natus qui aliquid. Et incidunt dolores, est temporibus ipsum ut quibusdam et dolorem quibusdam eos omnis et voluptatem. Ipsum eligendi possimus vitae et atque maxime vero cum amet illo maiores magnam est laboriosam! Numquam voluptas, repudiandae minima laboriosam quam minima dolores accusamus similique doloribus laudantium perferendis laboriosam debitis. Numquam eos perspiciatis magni, aut ut saepe impedit illum quam commodi nihil commodi quisquam molestiae. Ea vel qui voluptatibus perferendis sit voluptates est sequi et corrupti quam ipsum debitis fugiat! Facere assumenda aut possimus ullam quae corrupti atque beatae quae quisquam at culpa optio molestiae...\r\nSunt debitis iusto id natus explicabo modi ut nihil sequi eius ut ipsum molestias et. Vel et eum et sit ad aperiam laboriosam saepe consequuntur animi est blanditiis quaerat vitae. Cum in perferendis et nihil debitis velit nihil commodi ut doloremque inventore illum voluptas tenetur! Voluptatem saepe, dolore odit debitis adipisci tempora cumque qui ex cumque ipsa iure qui nihil. Est ad omnis est asperiores libero sapiente velit deserunt nemo aliquam quidem similique est sit. Aut dicta ut rerum excepturi totam vitae nemo fuga consequatur quia dignissimos officia natus et. Quisquam non et eveniet ea corporis facilis voluptatem quia alias aperiam omnis qui nam est!', '4', '2', 'NathanDubose@example.com'),
('32988871040', 'Non ipsam, est quaerat odio autem sint vero aperiam unde est sunt doloribus praesentium perferendis. Est possimus accusantium et explicabo in, ea doloribus corrupti labore facilis suscipit atque vel sunt. Aperiam nisi deleniti dignissimos nulla laborum commodi optio quo saepe vero maiores aut dolores eos. Et aspernatur voluptatum qui, ipsa iure voluptas consequatur sint doloribus voluptas a velit et soluta. Voluptas iste est ipsam saepe, expedita sunt nulla voluptas possimus sapiente illum nesciunt et debitis. Vel ab, repellat sit pariatur exercitationem corrupti harum adipisci ea laboriosam commodi reiciendis nulla labore. Eaque quia ipsum doloremque est ut sint beatae consequuntur qui velit totam rem eveniet aut! A est eaque obcaecati rerum modi magnam voluptate est nemo quasi quibusdam reprehenderit fugit et. Omnis nesciunt reprehenderit exercitationem quo et accusantium quaerat omnis nemo culpa sequi praesentium at ex. Sunt minus ea sapiente amet impedit, ut explicabo numquam voluptatem saepe inventore rem maxime repudiandae. Obcaecati iste explicabo, et ipsum beatae excepturi harum nesciunt rerum et tenetur eveniet enim et. Beatae rem magnam sit doloribus dolorum autem ut quaerat vel esse excepturi libero asperiores cum. Odit veritatis minus accusantium unde sint odit labore nemo sit est ex asperiores soluta esse; nihil temporibus doloribus reprehenderit ullam non, veritatis vel necessitatibus maxime impedit excepturi consequuntur quo qui.\r\nIn aut iure, molestiae ut libero sed inventore odio eos sint rerum numquam rerum officia. Architecto doloribus unde neque qui suscipit aut provident laboriosam blanditiis ut sit pariatur corporis ut! Iure ut qui quam voluptatum et voluptas ut rerum ad et sint magnam et aut.\r\nDoloribus velit quia quo nesciunt laudantium enim quia ut fugit doloremque laudantium sit voluptas libero. Qui porro voluptatem et quasi rerum nesciunt et error eaque distinctio aperiam dolor architecto ut; hic asperiores nesciunt architecto, cupiditate et quasi ut repudiandae qui suscipit fugit incidunt necessitatibus voluptatem? Velit quis eius iste, ducimus voluptates itaque sapiente doloremque pariatur cumque deleniti cum consectetur porro! Iste non nihil est dolorum optio repudiandae, distinctio rerum deleniti et molestiae et hic voluptatem; placeat aspernatur suscipit possimus voluptatem nulla nihil aut error magni sed, odio doloremque et maxime. Natus maxime eligendi, aliquid magni corrupti sint ad qui ex saepe nemo expedita distinctio laboriosam. Nisi dolores qui, soluta deserunt provident et quia beatae aperiam quos et omnis ea quia; excepturi corporis quis ex voluptates et qui quod fugiat necessitatibus consequatur omnis animi enim temporibus. Assumenda minima nihil unde eum nihil quos voluptatem quo numquam aut possimus ipsa expedita molestiae. Sint atque, dolores et optio possimus aut aspernatur est magni autem in expedita est voluptas; repudiandae est cum quia molestias nihil aperiam ut aliquid laboriosam aut iure aspernatur tenetur ipsum.', '5', '2', 'Alexia_Dobbins8@example.com'),
('52912370566', 'Eum nam magni inventore ut perspiciatis fuga molestiae dolores exercitationem voluptas quaerat dolor non aliquam. Quis voluptatem, expedita non odit inventore atque quisquam dolorem ab odio quis aspernatur tempore qui. Rerum illum doloremque velit repudiandae qui omnis laboriosam voluptates aut dolores accusamus quia culpa voluptatibus; autem consectetur nesciunt quasi ab excepturi quia commodi iusto ex alias, reprehenderit delectus molestiae repudiandae.', '5', '4', 'Alaine.Block7@example.com'),
('72288306272', 'Nisi nam ut nostrum laboriosam et dolores nemo quos ea voluptatem et voluptatum non asperiores. Fuga molestias placeat ea et culpa et eius asperiores at ut laborum sed minus enim. Eius voluptas voluptatem reprehenderit labore quam quos quae sunt, voluptates quisquam nihil dolorem quae inventore. Nisi iste facere ea quis id debitis libero rem cupiditate quia sed voluptatem placeat fugit; aut consequuntur rerum in accusantium ut, vel iste neque nam nesciunt voluptatibus quo quis quasi. Maxime repellendus consequatur at aut, rem praesentium ex dicta et voluptate exercitationem rerum atque beatae. Minus soluta sit voluptatem ex voluptate reiciendis ipsum modi eligendi placeat quisquam unde nisi quod. Perferendis sed maxime, non cupiditate architecto est optio et voluptatum temporibus asperiores velit nulla unde? Reprehenderit rem eaque fugiat cum facere incidunt nihil fugit architecto pariatur animi at a dolores. Eum doloribus enim modi qui expedita possimus quo rerum odio beatae, consectetur doloribus est quia. Ut quasi ab similique ipsum rem non illo iste aliquid sit omnis cumque reprehenderit tempora. Laboriosam reiciendis aliquid quas quia aut velit aliquid id omnis nobis aut repellat tenetur ratione? Magnam architecto veritatis nobis, autem minima labore doloribus eos odit est quo aut non ullam. Ea odit voluptatem possimus qui deleniti est saepe recusandae iste esse totam laudantium molestiae vitae? Perferendis rerum nesciunt dolor quia quod qui non aut voluptas aspernatur alias repellat inventore praesentium. Et aut voluptatibus optio aut architecto pariatur velit fugiat aliquam aut hic consequatur fuga qui. Earum animi facere ullam vero eaque, sint recusandae tenetur voluptates sit voluptatem atque delectus qui.\r\nMolestias harum et placeat ut dolores exercitationem, sint rem dicta id quod molestiae qui illum. Exercitationem atque ut reiciendis sint ut beatae sint ad debitis quod aperiam adipisci omnis iusto? Quia aut qui dignissimos doloribus iste odit accusamus praesentium excepturi, ipsa temporibus in laudantium facilis. Quo ullam maxime nemo quo, id ut officiis error obcaecati maiores earum et eos ea. Quia eum, nesciunt in temporibus officiis libero rerum et quo quam laudantium ea sit consequuntur. Non aut voluptas incidunt ipsa aut libero et quia enim ab accusantium magnam ipsum ea; sequi est soluta corrupti ea aut molestias quibusdam asperiores est rerum esse corporis suscipit doloribus; natus alias ut rerum sed possimus ex deserunt vitae ipsum aperiam aut deleniti et aut. Quia doloremque nihil sit vitae exercitationem officiis quaerat qui similique ab obcaecati incidunt mollitia rerum? Neque molestiae nisi beatae sit unde ad earum modi itaque iusto fuga autem sed et. Enim sapiente ea doloremque non excepturi voluptas et tenetur sed dolore voluptatem possimus atque enim. Dolore suscipit alias aut nesciunt sit vel porro assumenda in labore culpa assumenda velit quisquam.', '4', '2', 'vnlx5987@nowhere.com'),
('25239805833', 'Maxime laudantium quia ut rerum unde pariatur libero consequatur sunt eos aliquid voluptatem aliquam quasi. Quas eligendi facilis ab voluptas quidem laborum sunt exercitationem eius ipsum autem ut placeat est. Nihil eaque eveniet sunt nemo, qui eaque eligendi nostrum omnis assumenda aliquam libero voluptas ab. Provident possimus provident cumque sit optio facere sed voluptas nostrum ut omnis reprehenderit similique molestiae? Repellat dolores obcaecati ratione aut, voluptatem eaque odit officia similique aut at voluptatem amet incidunt. Quis accusamus nemo adipisci non rerum nobis enim ullam consequuntur aut tenetur et ab rerum; ut eum velit animi officia, nam autem fugiat modi corporis aut et dolores in rem. Quisquam fugiat cum sunt mollitia aut sequi porro reiciendis ducimus tempora maxime nemo incidunt saepe. Similique necessitatibus, obcaecati quam alias et autem quae possimus fuga amet fugiat qui omnis excepturi. Rerum et eaque distinctio qui, et facilis fugit ipsa eius autem qui ut consequuntur earum. Vero repellendus corrupti, vero reiciendis esse dicta qui consequuntur velit atque delectus tempora quis blanditiis? Magni consectetur facere nostrum ipsam et tempore ex quis incidunt iure provident et tenetur reiciendis; autem vel ducimus ratione nihil tempore rem totam eos est dolorem enim iusto autem in; odio fugiat expedita nihil mollitia et quis explicabo odio aut et debitis fugiat at obcaecati. Pariatur inventore amet vero labore dolores totam quam sint ut dolorum quia ab atque suscipit.', '5', NULL, 'Errol_Mckeown@example.com'),
('08340028065', 'Et dolor enim, officiis veniam ut non quam quia placeat sapiente nostrum sunt atque repellat. Itaque quia similique ratione unde qui dolorem rerum ab nemo labore alias perspiciatis quia ut.', '5', '3', 'Felicita.Amos@example.com'),
('21643324242', 'Perferendis quae natus, error obcaecati voluptatem molestiae dolorem placeat voluptas est dignissimos rem doloremque adipisci. Aspernatur sed alias fugit rem sed hic labore aspernatur amet eos inventore, deserunt assumenda quia. Voluptatem provident voluptates consequatur dolorem totam quod dolore quo quasi velit officiis vel maiores a. Qui voluptas iure eum quia, ratione ipsa qui dignissimos aut labore maiores aperiam distinctio doloremque. Qui et vero ut suscipit esse possimus enim laudantium dolorem quia sed iste amet error? Hic enim, qui voluptate aut expedita illo porro a quia ut autem quia repudiandae corrupti. Dignissimos consequatur vel omnis voluptatem perferendis voluptas asperiores est earum aperiam eos repudiandae quia velit? Non sed, doloribus soluta possimus itaque aspernatur at mollitia quia provident ipsum quia dolores nobis! Expedita sunt recusandae et sunt laudantium esse voluptatem maxime iste harum accusantium debitis sint autem. Commodi dicta nemo possimus sed fugiat debitis pariatur aliquam sint nostrum molestiae et molestiae minus. Dignissimos nostrum assumenda, vitae eos molestias perspiciatis sint esse consequatur placeat similique voluptatem id consectetur. Unde est odio ipsam rem deleniti maxime voluptas et id dicta dignissimos non numquam aperiam. Quos aut minima sed et ratione odit quas ex accusantium eos velit aspernatur fuga quis. Cum nemo sed est voluptas dolorem adipisci voluptatibus reprehenderit hic repudiandae minima iusto magni libero. Eos quasi provident molestiae accusamus consectetur tenetur quidem cumque tenetur, omnis quo earum illo voluptatem!', '5', '3', 'Naylor134@example.com'),
('11456020536', 'Delectus eos inventore quo in placeat pariatur magnam quis sed nobis dolores sit ratione sunt. Et nihil quia hic qui laboriosam omnis quia porro non qui enim cupiditate neque illo. Dolore ipsa, ab nesciunt repellat consequuntur et quae quia rerum eaque voluptate fugiat commodi veniam? Molestiae qui esse voluptas quia eos quis nulla quae dolores placeat ut id in quos. Nemo distinctio molestiae sit ipsum, dolore aut repellendus tenetur distinctio consectetur eos iusto accusantium vitae. Ut odio qui, quia magni voluptatem numquam vel praesentium voluptate non similique qui eaque non. Voluptatum sed sequi amet laborum voluptatem nihil et optio explicabo et vel natus quod ipsum. Aut ut nihil ipsam totam eaque error laborum consectetur qui in similique vel enim possimus! Facilis voluptatem omnis soluta recusandae sed mollitia, velit voluptates illo natus accusamus non pariatur beatae? Quis officia iste sint nemo in nihil est neque beatae et temporibus nemo sed non. Similique sit laborum omnis quia ex, velit voluptates fugit molestias aut aliquid dolore repellat quibusdam. Porro aliquam magnam ducimus voluptas obcaecati cumque molestiae vitae id vero ut aut temporibus et. Obcaecati expedita ipsum ea hic et, quo et est et quaerat saepe sunt ad aliquid; qui alias qui doloribus illum exercitationem numquam qui magnam laudantium quidem eum suscipit explicabo non. Earum sed cupiditate deleniti tenetur et enim pariatur sit perferendis dignissimos illo expedita qui tempora.\r\nOdit consequatur suscipit ut non sunt, quasi corporis quis autem quibusdam consectetur autem aliquid culpa. Suscipit quis molestiae voluptate laboriosam libero blanditiis molestias dolorem ea tenetur mollitia reiciendis fugiat sed! Laudantium alias modi atque vel laudantium quis mollitia praesentium enim qui velit voluptatem sint non. Sit aliquid et quam praesentium non et est non laborum odit et voluptate recusandae praesentium.\r\nEnim est, doloremque sint ut totam maxime voluptas molestias quaerat voluptas minima fugiat natus amet.', '5', '2', 'Penni_Elrod238@example.com'),
('69752994923', NULL, '4', '1', 'AdamPham@example.com'),
('39290570427', 'Labore laboriosam sed, voluptatem velit error ea fuga nesciunt aut sint in neque doloremque rerum; harum ut consequatur a ut voluptatem et distinctio eos atque sunt inventore consequatur aut et. Sed inventore, laudantium omnis rem itaque expedita enim qui est minima praesentium quasi vitae repudiandae. Quia aut dolor sed nihil nam dolorum quis sint provident dolorum iste optio dolor aut. Dolor provident doloremque omnis inventore maiores recusandae officia, aut necessitatibus odio optio laborum velit obcaecati! Nihil ea eius sit vitae et aut eos sint in debitis velit dolor sapiente vel. Non et eligendi recusandae qui non consequatur molestias aperiam et rerum ex quia laboriosam sunt. Atque nesciunt et reprehenderit consequatur accusantium doloribus voluptatum ut iusto maxime omnis enim earum ipsa. Veniam quae voluptate, omnis et eum doloremque repellat sed placeat voluptatem aperiam porro quae et? Voluptas ut tenetur fugiat nihil ad ipsam illo magni placeat hic reiciendis sunt laborum suscipit. Vero et dignissimos ut nesciunt ut rerum accusantium est impedit maiores illum praesentium tempore et; nesciunt qui deleniti architecto cum, similique dicta voluptatem in sunt ut sit mollitia odio dolorum. Eius quaerat, esse rem voluptatum odit quas obcaecati rem voluptatem ex dolor quam est excepturi; soluta deserunt inventore assumenda, ipsa deserunt omnis ea et magni non nobis hic itaque quisquam. Et eos tempore quia pariatur voluptatum quo in omnis officia ipsam vel laborum rerum tenetur. Voluptatem aut dolores velit perferendis recusandae quia sit est rerum autem qui repudiandae et dolores. Nihil neque itaque voluptas voluptatum facere voluptatem nostrum amet ut eveniet natus quisquam sit alias! Et adipisci mollitia sint asperiores quidem doloribus vitae quisquam odit dolorem sunt, sit et distinctio.', '2', '1', 'Abrams@nowhere.com'),
('35607835986', 'Quis et sit veniam asperiores illo vitae quae praesentium ipsam quidem quaerat rerum dolore inventore. Distinctio numquam sit dolor, molestiae ratione rerum rem molestiae expedita suscipit omnis itaque aliquam eaque. Rerum eos nesciunt sunt et qui perspiciatis qui molestias, iusto omnis quibusdam voluptatem in maxime? Molestias et eligendi et commodi et dolor praesentium expedita est et iusto sed veniam maiores. Molestiae dignissimos autem doloremque quidem quia eligendi consequatur placeat minus amet laborum totam amet ex; modi quod, porro dolores beatae eos in doloremque sequi veritatis aperiam explicabo dolores temporibus exercitationem. Dolorem maxime, sint praesentium repellat velit sint optio asperiores voluptates id alias enim omnis autem. Velit doloribus dolore ea quisquam molestias deserunt ipsa id minima laborum dolores autem ut nemo; libero aspernatur porro, ut consequatur enim qui dignissimos corporis dolorem aut doloremque quia ipsam officia. Neque quod ex eum recusandae fugit corrupti dolor non mollitia reprehenderit, ut architecto natus totam! Facilis ut aliquid esse cumque ex dolores quo ullam fugit est aspernatur distinctio et sit. Non maiores dolor perferendis doloribus optio dolores molestiae et consequatur sint saepe dolorum et ad? Cupiditate sint est magni nobis dicta quo cum, modi rerum ex inventore voluptate et iusto. Quae itaque non similique eos, ipsa vel quo quam est minus consequatur dolorem ut qui. Esse libero atque voluptatem voluptas et, libero distinctio libero consectetur eaque explicabo non illum vero. Est deleniti maxime quam atque incidunt alias sint aliquam voluptates voluptas omnis obcaecati dolores nisi; dolorem voluptas dolorum dolor aut veniam impedit tempore inventore at commodi dicta consequatur aut ipsam. Rem aliquam eius reiciendis ratione sed facilis, ipsa et ab perferendis doloribus suscipit non recusandae.\r\nIste nam minus eum distinctio, quis aliquam enim aperiam sit sunt tenetur consequuntur sit laudantium. Consequuntur natus voluptate sit quia error ducimus, nihil blanditiis rem quia voluptatibus rerum distinctio ea. Maxime tenetur omnis laudantium, molestiae aut recusandae voluptatem temporibus quidem eos quaerat autem esse nostrum. Quaerat ut illum, eveniet ut magni ad aut tempore excepturi et sed nulla beatae sequi! Qui ducimus quo sunt ipsa hic aut et nemo ipsum nostrum sint dolore omnis temporibus? Enim non fugit dolores numquam at totam tempora quisquam omnis minima assumenda libero dolor quisquam. Impedit voluptate tenetur ut dignissimos ratione ad aspernatur rem architecto fugiat temporibus eius mollitia ut.', '3', '5', 'WendellTalley@example.com'),
('02619383581', 'Hic quis, id modi laboriosam ullam esse quaerat quo quam veniam dicta quibusdam veniam fugit. Vitae quis veniam est quis ut nam deserunt ab impedit voluptatem quaerat accusantium praesentium sit! Qui aut exercitationem quasi sint nihil iste numquam soluta itaque ipsa animi sapiente distinctio officia? Ut dolores, amet sapiente rem tenetur in ut et dolore repellat quam voluptates magnam voluptas. Sed est praesentium fugiat dolores quaerat laboriosam est error deserunt doloribus enim laudantium qui quis! Autem eos nulla iusto vitae eum esse ut fugit rerum eius quia error nobis aut. Qui aut omnis minus velit, non qui sed odio repellendus atque perferendis similique vel cupiditate. Et aliquam, dolores vel provident et ut sed molestiae ipsam sit eos temporibus sit consequatur! Consequatur sunt velit inventore voluptas omnis enim non rerum facilis modi aliquid adipisci qui et.', '3', '1', 'Alethia.S.Murillo@example.com'),
('60750000604', 'Aliquam voluptas consequuntur dolorem voluptatem earum laudantium possimus consequuntur tempora aperiam placeat eligendi laboriosam quasi. Sint a ab quos aperiam aut aperiam tempora velit laboriosam nesciunt, natus ut vel aut. Ducimus suscipit aliquid quis excepturi fuga sint ad, sapiente ipsa mollitia cum commodi repellat et. Sed et obcaecati odio, explicabo impedit asperiores quia dolorum rerum velit excepturi qui doloremque fuga. Ut vel debitis rerum et illo dolore assumenda nesciunt ipsum dolores facilis aut voluptas aliquid! Vitae tempore eum quo facere enim rerum ipsa dolorem quae sint totam et nostrum labore. Hic at cumque quisquam et ex dolor aperiam, cupiditate hic ut possimus ab aspernatur minima! Quis ut cumque, saepe non et non deleniti necessitatibus omnis voluptas enim sapiente ratione voluptatem? Et fugiat et non eum omnis minus, at expedita commodi minus at quas minus officia! Recusandae minus magni sunt dicta dolores ut molestias a amet eligendi ex tempora harum eius. Qui voluptate itaque non totam placeat rerum eum id tenetur odit et dicta a consequatur? Tenetur nostrum placeat quis temporibus minima voluptatem itaque at consequatur explicabo autem facilis dolorem exercitationem. Ratione eos, debitis aut illum non aliquam deserunt quibusdam earum ex voluptas perferendis quia ut; totam eius obcaecati voluptatum ab ipsam sed eius corporis exercitationem quisquam id labore maxime aut. Dolor eveniet fugit, consequuntur voluptas quia vero corporis quas ipsam voluptatem eligendi voluptatem deleniti et; non dicta facilis, quia aut eum sed sint molestias odit quae nihil voluptate ipsa ea. Sit reprehenderit, placeat excepturi sint et ipsum quisquam molestiae et libero architecto voluptatem sit et. Quia dolorum quae quaerat recusandae vero fuga tempore omnis aspernatur et, possimus quo ut nam; saepe quo, earum fugit tempore itaque aut porro aut quia et tempore enim et fuga.\r\nAccusamus id maxime eaque eius ducimus repellat voluptatem ex error qui consequuntur recusandae enim maxime; quis dolores eos cumque in ea est, eum sunt voluptatem ipsam eos sed et omnis. Rerum enim ut et accusantium repellendus ut laudantium ut quia fugiat praesentium laborum atque omnis! Qui sit vero neque sequi molestias dolore et id sit cupiditate repellendus consequatur ratione expedita; obcaecati saepe ex voluptatum impedit sit cumque sint, sunt magni nihil dolore ea non nemo. Dolores amet dolorum consectetur nesciunt quis quae minus sint voluptatibus quia veniam porro similique atque? Nostrum voluptate inventore et qui iure adipisci, qui dolores esse voluptatem dignissimos ut magnam ducimus. Autem aut autem culpa perspiciatis quia voluptatibus voluptatem cum nihil optio repellendus quidem beatae earum! Omnis praesentium in suscipit similique esse consequatur dignissimos voluptates unde ab et sint et eveniet; porro qui voluptates velit itaque omnis eius mollitia placeat dolorum nam eligendi optio architecto non. Et non esse suscipit, esse nisi delectus rem laudantium officiis atque eveniet esse temporibus ut.', '2', '3', 'Allen@example.com'),
('41106311969', 'Fugit inventore cum ut molestias autem mollitia sit voluptatem molestias architecto nihil est non pariatur. Quaerat vero enim blanditiis aut sunt beatae repudiandae est sint eum voluptatem harum velit voluptate! Maxime officiis quas ut quia provident fugit rerum illum aut temporibus ut sunt rerum at. Enim voluptatem qui aut magnam explicabo mollitia id modi dolor neque perspiciatis non natus qui!\r\nPlaceat maiores distinctio quis eaque, qui ut iste architecto voluptatum quod fugit est eum eius. Dignissimos omnis, harum error iste est dolor et quia vel sit impedit ipsam odio ea. Recusandae aut facere tempora sunt quo cumque dolores amet iure temporibus laudantium et eos tempore. Odit et natus enim aliquid nam qui eum voluptatem commodi perferendis quaerat qui dolorem expedita; corporis et dolor, enim hic temporibus optio magnam asperiores odio nobis non tempora veniam ut.\r\nModi non vero qui blanditiis necessitatibus eum exercitationem minus officiis est dolores dicta quia sed. Molestiae asperiores sit, quo similique commodi ipsum eveniet esse explicabo dolorum consequatur dignissimos aut necessitatibus. Et sit corporis alias, aut a enim saepe ea soluta esse sit in et aliquid? Sunt et, magnam asperiores voluptatibus quia et saepe velit voluptatem ipsum eos architecto maiores quod. Ipsum quia vero sed consequatur mollitia et velit quis aut cupiditate quo rem, est maxime! In qui vel sit amet qui aut dolor mollitia excepturi voluptatibus, dolore unde blanditiis enim? Dignissimos eveniet vel omnis illum libero quas quae fugit voluptatibus laudantium nisi ut aut aspernatur. Nihil animi aut eos quia ex est aperiam non animi optio magnam consequatur sint voluptatem. Cumque corporis sed consequuntur velit quisquam recusandae sed consequatur harum modi neque deleniti perspiciatis aut? Quasi laborum ullam a commodi illum id ut voluptatum eaque temporibus nobis et eaque non.', '2', '3', 'StefanieSpring@example.com'),
('32628581732', 'Aut ab eum expedita similique laboriosam aut ut assumenda quia dicta laborum sint dolorem vel. Minus voluptatem, est commodi sit ducimus nihil amet voluptate dolorum saepe dolor ut voluptas ad; rerum earum perspiciatis ipsa quae consequatur laboriosam temporibus non ab odio sint neque ipsum aspernatur. Modi sunt nobis, rerum dolor ullam rerum quia ab perferendis eius excepturi aliquam ea reiciendis. Animi facilis, enim quibusdam voluptatum consequatur recusandae veniam qui in expedita voluptas impedit sequi est. Dolor totam optio quidem voluptas placeat ut et voluptatem molestiae porro fugiat amet et qui! Aut perferendis non quia similique ut quaerat unde harum tempore veniam autem pariatur aliquid et. Distinctio sint et perspiciatis perferendis voluptatem et expedita quae ut harum officiis alias nobis qui! Doloremque ipsum ea ad eos mollitia iure dolorum voluptate aperiam delectus perspiciatis assumenda ab enim. Voluptatibus saepe dicta ut quia officia illo esse ducimus nisi similique aspernatur expedita perferendis explicabo? Ad et illo delectus magnam sed facilis earum cum, minus quis perspiciatis consequatur aut dolores; sunt velit placeat eos nam quae dolor modi id nam quia nobis qui earum culpa. Suscipit dolorem est tempora quam eaque quis deleniti ratione optio rerum fugit vel amet deserunt. Et laborum placeat possimus qui optio consequatur quos eos numquam quas aliquid enim reprehenderit exercitationem? Nesciunt dolor, ut omnis nam dicta sit rerum eaque dolores fugiat dolor iste illum dignissimos. Voluptatibus velit quia ut adipisci assumenda, debitis aliquam voluptatem amet doloremque dolor rem dignissimos rerum? Deserunt aliquam est, sapiente adipisci dicta autem placeat magni ex sunt suscipit sit quasi placeat! Delectus modi perspiciatis sit doloribus officia repellat omnis magni sit obcaecati nulla ut, voluptatem hic.\r\nUnde libero recusandae repellat dolorum aut et eius ad voluptas doloremque, consequuntur aperiam quia unde. Dolores similique delectus et dolore cupiditate vitae reiciendis itaque dolorem ab laudantium iste ratione fugiat. Ut nihil neque asperiores aliquam voluptatum dolor aut architecto maxime, ullam nostrum ipsum est quibusdam! Beatae et cumque nostrum quibusdam harum qui doloribus magnam quia debitis porro veniam sunt dolorum. Doloremque iure enim dolor sit quia sapiente quam commodi in odit est et pariatur et. Iusto blanditiis, nam perferendis consequuntur dolorum mollitia deserunt ipsum voluptatem qui autem dolorum et consequatur. Eos eius et assumenda sint qui dolor illum sed sint rerum enim quaerat deserunt est. Atque et in delectus praesentium et at rerum nemo maiores natus vel obcaecati qui veniam...\r\nCommodi sit ut soluta numquam eius libero quidem commodi doloremque ut repudiandae ut minus animi. Voluptates rerum quia sit, dicta quo nihil quisquam ut mollitia corporis minima dolorem sunt dolor! Reiciendis modi, est quia odit dignissimos praesentium possimus sunt magni quis rerum quisquam enim qui. Et minus aut provident nulla est voluptas harum soluta est quas mollitia exercitationem et delectus! Quas autem amet sed blanditiis rerum velit labore deserunt non aut quae iure sit aut; praesentium tenetur sit quaerat id voluptatem ratione odio quis saepe voluptatibus voluptas est officia consequatur. Soluta culpa qui, ab eos dolore aut et in non labore in tempore dignissimos sed! Adipisci quasi sunt, velit voluptas omnis qui aut et provident velit qui sunt numquam neque. Voluptate debitis cupiditate perspiciatis rerum animi blanditiis earum architecto dolorem quisquam dolores atque fuga ex; rerum perspiciatis assumenda perferendis maiores sit accusantium aspernatur delectus non magni aperiam laborum minima pariatur. Nulla sit qui inventore ut maiores dolorem eos doloremque corrupti amet voluptatum aliquam tenetur totam.', '4', '2', 'StefanieSpring@example.com'),
('60239723491', 'Sint nesciunt vitae animi obcaecati et odio modi aut optio facere et magnam et fugit. Qui tenetur placeat sed quis minus quia sunt dolorum sint commodi corporis quo sit facilis. Quia est maxime consequatur non nesciunt error est, omnis ad nihil excepturi velit ut et! Odio rerum maxime quia itaque mollitia excepturi et magni a sed minima necessitatibus pariatur dolor. Asperiores et recusandae, adipisci quisquam velit blanditiis aut et architecto amet eum quas nisi minima. Consequuntur veritatis nostrum maxime molestias qui quibusdam consequatur fugiat id tenetur repellendus nesciunt culpa rerum. Rerum sapiente animi rerum quo asperiores nulla reiciendis velit quo provident, reiciendis et ipsum quod; provident magnam velit nihil pariatur minus cupiditate ut laborum itaque earum quis ut est quaerat. Consectetur neque repellendus nam, esse et exercitationem accusantium excepturi ea dicta qui odit aspernatur dolor; non qui omnis id cumque, corrupti magnam voluptatem reprehenderit molestias quia blanditiis autem id autem. Neque rerum dignissimos earum et corporis incidunt ipsa quia est aut facilis provident omnis repudiandae...', '1', '5', 'AliceMontanez@example.com'),
('94207801487', 'Eaque tempore impedit sint qui eius et sapiente rerum ut iure distinctio consequatur et id. Nemo eligendi eveniet quo, quia accusamus aliquam voluptas officiis enim voluptatum nostrum repellat blanditiis inventore. Et vel sint distinctio ut inventore rerum molestiae ea debitis deserunt amet vero obcaecati non. Consequuntur doloribus saepe eligendi odio, vero nihil ipsa nam quis est iusto qui sequi rerum; dolorem animi placeat dignissimos et est ut quaerat distinctio numquam quo consequatur suscipit quasi officiis. Animi sit quia incidunt qui tenetur ea expedita ea eum et saepe ea deleniti qui. Magnam nihil aliquam officia inventore molestiae mollitia est facere vel eius nobis sit enim dolorum! Accusantium dicta quod magni architecto debitis voluptas alias porro ipsum fugit velit dolore facilis ut.\r\nImpedit ut et nemo odio velit, alias consequatur tempora error eum nisi accusamus aliquam consectetur; molestias quia debitis dolorem vel ut minima modi consequatur doloribus in commodi, repellat omnis sapiente. Hic fugit unde animi quia dignissimos id eligendi officiis et esse iste quia dolorum aut. A tempore totam molestiae ab voluptatem perferendis aut saepe qui quia et laudantium expedita veniam. Et a aspernatur fugit facere nulla dolorum cupiditate cum eos sit ut eaque expedita saepe. Sed ex iste, laborum et laborum corrupti obcaecati sed id cum animi et tempore inventore. Voluptates voluptatem quisquam ullam eius voluptatem omnis libero molestiae voluptas consequatur consectetur repellendus incidunt et.\r\nAt quo vel nemo ipsa quae quos aliquam mollitia aut sed libero aut autem aut. Ut nostrum iste facilis quam nesciunt corrupti ut pariatur accusantium unde tempora incidunt quibusdam amet. Doloribus illum quibusdam molestias aut voluptate aut minus non quod cum ex accusamus perspiciatis amet? Architecto est saepe, dicta laudantium facilis voluptatem omnis quibusdam necessitatibus porro ut fugiat quibusdam placeat. Consectetur nobis molestiae, rerum odio vel autem ducimus consequatur error est illum corrupti soluta iusto. Voluptatibus exercitationem placeat voluptates qui in perspiciatis et fuga sint dolorem dignissimos cum aut saepe. Soluta facere delectus fuga aspernatur minus, nisi sunt quia ut corrupti eos ut unde nihil. Adipisci aut, debitis vero quas sed dolorem rerum saepe hic obcaecati repellat soluta animi et. Quos cum eius debitis recusandae at laudantium optio numquam maiores sequi velit debitis illo sunt.', '1', '5', 'Marin2@example.com'),
('53430082967', 'Unde aut fugiat aut sequi est nisi ut voluptas perferendis dolores sed delectus quidem aperiam.', '3', '4', 'amner9923@example.com'),
('35244221164', 'Vero ratione, cupiditate nemo dolores vel facere commodi numquam sunt inventore labore qui molestias vero.', '5', '4', 'Hanks@nowhere.com'),
('74269748493', 'Ipsum velit qui sit perferendis, et qui dolorem ut inventore accusantium reiciendis inventore architecto quidem. In fugiat esse quo eum ipsa quis sed corporis harum labore qui suscipit id qui. Amet accusantium, totam dolores facilis ut error et recusandae qui debitis vel distinctio dolores doloremque. Voluptatem consequatur sed expedita fugit provident officiis enim maxime ut reiciendis quis ut consequatur eaque! Enim sit, maxime quo molestiae atque aspernatur facilis et ut maiores sunt qui porro aut? Soluta accusamus quo, quia recusandae obcaecati natus ut fugiat amet eveniet veniam eveniet accusamus rerum. Quia molestiae facere quia unde recusandae et ut est neque blanditiis tempore blanditiis minus maiores. Id temporibus repellendus facere necessitatibus et ea et officia voluptate iure et veritatis atque tempore. Quis et a ut officiis quos deserunt officiis et aliquid quam sit tenetur consequatur molestiae. Est rerum numquam maiores corporis corrupti veniam voluptate nostrum quam vitae maxime nam sunt omnis. Vel qui itaque quia, a quo dolorem aut iusto et consequatur at qui vero dolor.\r\nDicta perferendis corrupti eum, odio aperiam nostrum eligendi sunt pariatur esse laudantium molestiae officia qui. Vitae natus et molestiae qui voluptatem aut nostrum dolorem aut nemo saepe libero natus amet? Et saepe, quia rerum inventore nisi aut nesciunt error et similique reiciendis dolor aspernatur delectus! Et sint debitis ut illum, consequuntur nostrum natus eveniet nisi blanditiis et aliquam quaerat possimus; sed laudantium atque corrupti animi, amet minus id magnam odit labore eaque doloremque sequi sint. Tenetur voluptatem dolores, esse ipsa vel quo omnis quia maiores dolores assumenda blanditiis enim quia? Sed assumenda, earum atque quis qui quisquam dolor molestiae quia explicabo eos aut ut autem. Omnis explicabo vel ipsum odio iure in harum libero enim nobis distinctio cumque quo facere. Temporibus quia dolor qui delectus quidem perspiciatis consequatur eos repudiandae atque ducimus a omnis eveniet; nulla obcaecati voluptatem quo qui porro molestias magnam fuga natus eos molestias, fugit dolor quia. Fugit optio et facilis, ducimus facere porro alias aut aliquam laborum facere consequatur non est! Alias facere, consequatur neque sunt unde non voluptatem officia porro impedit consectetur ut quam et. Obcaecati culpa ipsam ut facere voluptates aut praesentium odio rerum labore dolores odio laudantium natus. Aut ut perferendis, ipsa velit cumque voluptatum nobis nisi harum tenetur sequi adipisci fuga eos. Dicta veritatis sunt qui, inventore alias et beatae sed soluta iusto eos voluptas dolores voluptate. Deleniti aut explicabo est quia vel necessitatibus sint et accusantium fugiat minima reprehenderit non molestias. Porro quisquam ut perferendis aut tempora non quam deleniti in sit cum rerum quae dolorem...\r\nEt dolor maiores nihil alias ipsam impedit consequatur exercitationem rerum ad eligendi tempore repellendus tenetur. Maiores porro optio qui dolores blanditiis voluptatem cumque praesentium temporibus expedita necessitatibus unde voluptatibus consectetur! Corporis minima ipsam dolores quia et praesentium nulla obcaecati exercitationem praesentium facilis temporibus omnis nesciunt. Beatae unde voluptas fuga sed modi, quas veniam voluptatibus inventore quo ullam esse corrupti aut! Enim dolores laudantium consequatur qui sunt rem libero error voluptas porro officiis debitis quia recusandae. Animi ullam, temporibus placeat pariatur molestiae amet ex illum voluptatem quam minima provident et possimus. Quia esse voluptatibus qui nemo a laborum adipisci iusto suscipit fugiat beatae temporibus corrupti pariatur; corrupti odit ut voluptatem laborum voluptatem expedita placeat aspernatur aut adipisci laborum eveniet et laudantium. Impedit aliquid quam quia odit eos alias eos optio modi culpa cupiditate delectus magnam facilis. Dolorem dignissimos nihil dolore quia fuga maiores veritatis commodi quos mollitia et ea non consequatur. Blanditiis cum non possimus sint quo est veniam, vel consequatur doloribus omnis incidunt quae neque. Aut eligendi a labore et est aut omnis dolor eligendi voluptatibus cumque distinctio nihil nobis. Numquam magni officiis, qui dolorem vel voluptatem similique id voluptas accusantium ad dolor eaque eligendi. Ut rerum repellendus vel et mollitia porro, accusamus exercitationem rerum incidunt assumenda tempora id rerum. Sed voluptatem tempora consequatur quidem facere corporis culpa vitae quas numquam minima molestias laborum quis. Esse tempora, voluptatum laborum exercitationem maxime quibusdam nemo harum consequuntur dolorem reiciendis et autem quia! Numquam delectus rerum aut eaque ipsa accusamus dolorem itaque provident voluptates aliquam vitae repellat cumque.', '5', '5', 'DeshawnPMayo61@nowhere.com'),
('17645611436', 'Iste rerum nihil molestiae non adipisci sunt nihil itaque dolor ut labore voluptas dolore adipisci; eum ipsa maiores ea excepturi sunt molestias quasi voluptatem quae molestiae modi eum aut eos. Blanditiis dolore aut quas modi officia assumenda dolores blanditiis quia ut enim doloremque quibusdam minima. Officiis praesentium ipsa nobis, voluptas saepe dolores odit molestiae vel est debitis dolor est sapiente! Ipsam quis aspernatur officiis doloremque tenetur quas maiores doloribus est explicabo cupiditate architecto tempora aut. Voluptas voluptatum quod quam sunt, voluptas quia tempora assumenda veritatis ea blanditiis quidem distinctio aspernatur. Ullam omnis blanditiis autem ut reiciendis voluptatem aut dolore ullam sint et iste excepturi corporis. Est delectus eum cum et iure velit est fugit quia et totam ea voluptatum possimus; impedit cumque sapiente quo adipisci ipsam voluptate vel, sit maxime perspiciatis ratione et consequatur nihil. Fugit et assumenda magnam placeat non placeat et sequi error repellendus excepturi illo aut consequuntur; molestiae inventore modi sequi porro corporis mollitia dolorum facere sint blanditiis quas quod at ut. Quo assumenda dolorum modi nihil sint voluptatem voluptas dolorem nihil qui vel fugit repellendus dolor. Sed suscipit, repudiandae delectus ut aut sunt repellat incidunt qui eum autem voluptas vero porro.', '4', '5', 'StefanieSpring@example.com'),
('90278832049', 'Ut neque consequatur deserunt quas, officia assumenda amet explicabo qui voluptatem qui esse doloribus suscipit. Explicabo repellendus libero, corporis exercitationem eos fugiat qui et asperiores et recusandae soluta veniam voluptates! Et corrupti officiis quis odit minima et eaque vel enim sed aut in at nam? Officiis cum suscipit non beatae quae quas sed porro consectetur eos non quam eius praesentium! Quam obcaecati autem laboriosam ut aliquid placeat, molestiae aut nam veniam fugiat sit officiis culpa? Sit consequatur a inventore quis minus reiciendis temporibus facilis quasi asperiores totam dicta itaque maiores! Explicabo alias odit laborum suscipit voluptatem ipsa maxime mollitia dignissimos beatae maxime quis repudiandae possimus. Ut aut modi repudiandae vero aut qui pariatur harum aut quis est possimus nisi ea? Id consectetur saepe necessitatibus quidem aut, eius ratione magni omnis perspiciatis recusandae voluptatibus magni aperiam. Consequuntur dicta debitis nulla molestiae corporis molestiae soluta expedita enim non odit ipsam impedit velit. Asperiores sed eos modi nemo pariatur porro dolorem maiores ex cum et autem consectetur nam? Illo expedita, harum reiciendis itaque maxime illum enim quidem id accusantium totam ipsum cum id; aperiam error aspernatur totam et in omnis tenetur alias aut officiis tempora illo repudiandae deserunt. Odio dicta, error illo ea omnis asperiores assumenda dignissimos voluptate recusandae aspernatur repellat architecto dolor. Vel eaque natus explicabo ullam et natus sapiente non provident dolor obcaecati nihil laboriosam voluptatem? Est ipsa, consequatur non enim rem minus inventore praesentium omnis est fugit est laudantium perspiciatis. Et animi eum cum autem ut voluptatem minus consequuntur odit qui minus eaque quo molestias.\r\nQuia molestiae aut maiores numquam, ut nemo velit saepe minus molestias et sequi eius ut. Officia aspernatur quibusdam, voluptates atque incidunt fugiat ipsum nesciunt quis dolore rerum quasi iusto magnam; inventore velit ut repellat perspiciatis magnam ut laboriosam et ipsum officiis illum expedita accusantium fugiat. Quibusdam ut quae aut cumque et molestiae repellat aut, laborum consequatur ad aut dolor vero. Perferendis aperiam eligendi dolore enim harum blanditiis magnam et quasi est inventore alias accusamus exercitationem! Et omnis illum rerum blanditiis quo recusandae maiores ut autem quo tempore praesentium odit incidunt. Blanditiis veniam officia nam architecto, repudiandae assumenda id qui aut ut maxime aut nobis et. Rem iusto distinctio et omnis earum ea maiores, error et id numquam dolores molestias eos. Tempora praesentium omnis commodi cupiditate nobis voluptas earum laudantium inventore, alias necessitatibus adipisci nam perferendis! Provident ab in et velit deserunt provident, dolorem voluptas dolore est reiciendis quam qui quos. Qui minima ut porro, temporibus molestiae eveniet quia minus voluptatem quisquam veritatis eum alias sit. Doloremque omnis unde quam et at sed, dicta aut eius tempore voluptatem est ut assumenda. Voluptates est, et atque nihil dolorem laudantium molestias architecto recusandae consequatur quia fugiat est in. Quae ut, sed eligendi porro ipsa facere eligendi temporibus aliquid est vitae est ab quam! Eius esse unde tempora error harum voluptatum earum eos nobis sit qui nisi labore blanditiis.\r\nPlaceat excepturi aut iste facilis deserunt doloribus quaerat suscipit aspernatur vel itaque iure error magnam. Voluptate illo, aut qui non officiis est maiores enim qui dolorem dolores suscipit accusantium expedita? Quis molestiae blanditiis, veniam eos maiores saepe odit esse nemo itaque quidem explicabo consequuntur ratione. Dolor qui, assumenda sit aut omnis nihil consequuntur iusto ea facilis repudiandae at et quia? Earum repellendus at et quibusdam tempore, commodi sed nihil rem beatae labore exercitationem deserunt rerum; corrupti enim quaerat nobis ex sapiente dolore dolor, et culpa explicabo laboriosam perspiciatis nisi error. Exercitationem hic officia maxime sequi et vero voluptatibus sed atque dolor numquam libero quae hic. Iste a fugit et officiis omnis est et similique distinctio et magnam rerum reiciendis dignissimos. Voluptatibus dolor quasi qui dolores sit autem odio quia eaque deleniti non sapiente praesentium dolores! Nostrum veritatis repudiandae ut nulla vitae vel ut deleniti assumenda doloribus culpa molestiae cupiditate harum. Vitae beatae itaque sed dolor dolorum est ut est eligendi officia asperiores dolorum aspernatur enim. Et quam explicabo et dignissimos qui et ea sint esse, in neque accusamus ea voluptas? Minima nihil et qui aut, qui similique quas deserunt nisi ipsum cupiditate nesciunt ipsum magnam! Labore impedit veritatis nihil et amet pariatur veritatis aperiam rem est atque officia exercitationem et. Quo minus nulla culpa cupiditate harum, et dolore aut omnis vitae optio voluptatem repellat facere. Ut fugit ipsa reiciendis sed ea omnis sed iste voluptatem aut dolorem quam iusto nesciunt. Nemo omnis et dolore soluta commodi voluptates molestiae tempora nisi, in quam molestiae aut quas.', '4', '4', 'StefanieSpring@example.com'),
('25887840448', 'Perferendis reprehenderit et sunt voluptatem nemo libero aspernatur distinctio neque unde quaerat doloribus sapiente aliquid; quae rerum voluptate ut nihil et nesciunt, esse et eos ex repudiandae omnis et non. Quibusdam quo velit assumenda necessitatibus ut tempore obcaecati facere sit sapiente explicabo asperiores ab dolorem? Quaerat aut vitae et nihil a iusto optio itaque ipsam dolores doloremque suscipit ea omnis! Nemo sapiente, voluptatum voluptatem ab eos consequatur aut aperiam qui voluptatem quasi sunt aut eum. Sunt rem quae molestiae, delectus amet quia voluptatum vel soluta earum nesciunt explicabo ut modi! Repellat inventore non dignissimos excepturi saepe ut vel omnis iure cupiditate commodi autem sint et. Suscipit voluptas pariatur nisi est laudantium commodi tempore dolore labore explicabo alias odit aut perspiciatis. Error quia non nihil fuga quas sunt explicabo dolorem facilis ut omnis magnam iste nostrum. Non velit sint aut, necessitatibus ducimus repellat incidunt aut blanditiis excepturi molestiae reprehenderit necessitatibus facilis! Et iusto eveniet consectetur atque ut velit et asperiores numquam eligendi dolor consectetur ut cum; optio sed dolores, molestias quaerat velit nisi voluptas enim vitae et sit officia est et. Ab ad fuga vero et aspernatur blanditiis est iusto quas quos sint rerum exercitationem aperiam. Expedita asperiores qui a odio asperiores dolores eos vitae excepturi architecto voluptatem architecto iste sapiente. Quam natus, est ab reprehenderit praesentium et quod id placeat et consequatur cum dolor sit. Magnam animi minus et veniam eum aliquam atque iusto esse deleniti in atque in eveniet. Voluptatem doloremque culpa doloribus, eligendi aliquam aliquid mollitia similique rerum sed architecto eveniet nulla non. Rerum id voluptatum vel eum voluptates beatae et enim inventore aspernatur officia non temporibus maxime.', '3', '5', 'Gustavo_Monk@example.com'),
('81668612688', 'Eveniet tempore consequatur dolorem perspiciatis ut error illum vitae enim culpa officiis aliquid voluptas aspernatur. Eligendi odio earum minus, voluptatem autem unde debitis vel at quia et architecto quod doloribus. Debitis deserunt a culpa quidem quis neque eum aut quis beatae est nam repellat quo? Aut voluptates quisquam, aut asperiores fugit aperiam dolores eaque earum eligendi excepturi at maxime et! Excepturi praesentium illum quos eum voluptatem at sunt dolor, nam blanditiis optio dolorem sapiente consequatur? Aspernatur fugiat possimus natus nisi doloribus libero eaque explicabo inventore, exercitationem ipsa numquam possimus architecto; aperiam non molestias et est inventore cupiditate unde ipsam nemo quasi animi in officiis enim. Aut harum tempora error odit reiciendis quas accusamus facere aliquam quod voluptas harum officia dignissimos. Cumque sunt hic et tempore veniam et nobis omnis ut dolores, laudantium sequi quas praesentium. Ut perferendis, corporis quasi sunt veritatis quisquam facilis cumque sapiente omnis voluptatibus minima eum blanditiis.\r\nDelectus vero voluptatem omnis et beatae odit adipisci eos excepturi eaque ad voluptatem ad eveniet. Nobis nisi consequatur dicta sequi est at excepturi dolor quas ullam labore dolorem nam qui; cupiditate sed nemo sint dolor, vel odit quis eum et ipsam obcaecati non laborum sed. Tempore omnis at neque eum voluptas quod ut numquam eveniet atque laboriosam aperiam nam excepturi. In qui cumque non architecto est quis quia omnis sed dolorem et obcaecati totam labore. Eveniet quam molestiae aliquid saepe quas consequatur rerum sequi, est fuga fugiat earum sunt atque! Molestias voluptas dignissimos consectetur id omnis velit dolorum repellat et voluptas aut et praesentium et? Sed similique quo velit esse enim facilis illum dolores est cupiditate qui voluptatem ipsum eveniet!\r\nSed ut necessitatibus obcaecati aspernatur impedit labore eius ullam iste laboriosam quisquam quaerat animi et. Quis delectus laboriosam quidem voluptas corporis autem quo ab ut qui illum officiis molestias consectetur! Modi voluptatem maxime, officiis nihil consequatur inventore vitae magnam sit consectetur aut natus voluptatem cupiditate. Eveniet dolorem, nulla sit temporibus ab nihil animi omnis nulla autem explicabo voluptas deleniti exercitationem! Nam dolorem veritatis non expedita rem adipisci at vero voluptas quibusdam non in dolorem expedita. Pariatur odit et iure ut accusantium veritatis possimus aut deleniti et qui soluta dolorum quod.', '5', '5', 'AdamPham@example.com'),
('58880360789', 'Enim totam doloribus architecto ad ab illum necessitatibus repellat veritatis ea recusandae culpa minus odit; tempora asperiores quae corrupti quae, in autem aut reiciendis quos est eos et ipsam rerum; earum cupiditate et maxime aperiam dicta quia ad enim autem temporibus ad nobis consequuntur atque; quo nihil, error est similique in iste voluptatem quo distinctio dicta culpa modi est iusto. Veritatis quia qui molestiae et distinctio doloribus natus sed voluptas nesciunt commodi veritatis quia omnis; sed quisquam perferendis impedit, sint molestiae non omnis impedit iusto similique ratione omnis voluptatem omnis. Repellat quis ut dolorem excepturi sunt nulla omnis et dolorum ea numquam omnis et est; nisi autem voluptas accusamus debitis neque architecto alias sit esse saepe perspiciatis et ut voluptate. Commodi culpa itaque velit suscipit sit consectetur ratione pariatur quod sed nam est officia recusandae? Est commodi ipsam, ratione adipisci minima quia sunt voluptas fugiat placeat asperiores eveniet quaerat illum. Neque ut laboriosam ipsum voluptatem ad iure earum ipsum fugiat possimus aut explicabo quam aperiam. Quia velit voluptas expedita dolores error aut non nisi omnis doloribus consequuntur et vel fugit.\r\nNon assumenda, est ipsa quod rerum quia natus aut corporis et sit tempore delectus aliquid. Qui est error consequatur eos obcaecati delectus aliquam in soluta aliquid ab similique beatae provident. Iste voluptas vel qui, sed vel sapiente harum aut sit est voluptate ullam ut numquam. Temporibus eum, explicabo quam consectetur accusamus similique quo cum voluptatum aperiam illum qui rerum corrupti; optio qui facere, est sit enim dolores nulla a facilis et assumenda omnis animi commodi. Inventore omnis sint ex ullam fugiat tempora vero eos omnis, ea laboriosam rerum sunt quae! Eaque aperiam eligendi dolor assumenda illo commodi omnis eligendi et porro quaerat voluptatem ex labore. Quibusdam vel sequi quae consequuntur esse eius quisquam qui exercitationem quae corporis neque sint quam! Quaerat laborum laboriosam et accusantium quo dolor in, illo dolor sed qui omnis obcaecati ut. Iste fugit quaerat accusamus eligendi eum, similique dolorum qui odit soluta dolore sit consequatur ut.', '3', '1', 'AliceMontanez@example.com'),
('26853374395', 'Sint dolorem corrupti consequatur qui vel doloremque ratione aut ex aspernatur blanditiis dolores tenetur laboriosam; qui et necessitatibus qui quo optio qui quia consectetur reprehenderit quia minus aut eum repudiandae. Non deleniti maiores est ut odit id sint molestiae sapiente quia nemo quia nisi accusantium! Omnis maiores excepturi iste similique voluptatem dignissimos quod repellat optio cumque ratione sit laudantium id. Est sit voluptate aut, consequuntur rem omnis quos molestias quia incidunt possimus perspiciatis quos explicabo. Voluptas quod non neque quasi dignissimos cupiditate illum porro placeat non qui reiciendis ipsam alias? Architecto velit similique commodi voluptas voluptate hic qui odit dolores sint et iste porro earum. Minima ut commodi consequatur veniam voluptatem accusamus facilis reiciendis amet ratione minima culpa quia quaerat!\r\nQui id distinctio ut aut reiciendis possimus, deleniti harum quod quia id veritatis harum voluptas. Et quidem dolores eveniet ea consequatur libero cum iste et quis assumenda cumque quo blanditiis? Dolorem ut maiores cum dignissimos sint natus consequatur sit aut quasi vel nulla aspernatur dolor. Qui doloremque optio consequatur quaerat quia inventore est sunt, aliquam alias velit asperiores facilis nemo. Aliquid optio asperiores mollitia, omnis autem eaque pariatur voluptatem et harum natus corrupti commodi omnis. Ut culpa distinctio minus incidunt vel omnis aut dolorum et libero recusandae tempora neque voluptas! Ut saepe obcaecati expedita quia id aut facere aut eum similique sapiente dolorum corrupti repudiandae. Aspernatur est, odio et in temporibus neque explicabo doloribus voluptatem quas autem corporis odio omnis; rerum expedita vitae qui dolore dolores sed repellendus, blanditiis eaque aliquid consequuntur quo qui reprehenderit. Aut laborum ratione, sunt illo voluptatem aspernatur pariatur maiores quae quisquam doloremque quo molestiae voluptatum; culpa labore explicabo distinctio fugiat molestiae sed labore aspernatur non natus vel dolorem a ut.', '3', '4', 'Gustavo_Monk@example.com'),
('36367459132', 'Aut possimus earum nulla enim veritatis consequatur enim neque et vel soluta placeat dolores rerum. Sed alias vel eius recusandae, voluptas voluptatum voluptas assumenda non enim ex accusantium et sed. Et mollitia nisi itaque sunt earum voluptatem voluptatibus ipsam illo neque et qui optio aut. Rerum pariatur et, sapiente et dolore ea consequuntur ipsam enim est saepe quidem minima non. Sit quo nostrum delectus aperiam nesciunt, sit nostrum facilis tempore laboriosam qui facere animi laborum. Quas est sed suscipit pariatur nostrum id possimus, sit aut culpa illo eveniet dignissimos architecto. Impedit sunt omnis dolorem nesciunt dignissimos cupiditate ut quas impedit sint beatae cupiditate ex aliquam; temporibus alias delectus velit quia assumenda, et repellendus rerum eum consequatur est perferendis nostrum est. Soluta et ipsa animi sint repellat eos corrupti dolore voluptas iste et enim iure illo. Veritatis nesciunt saepe tempore molestias numquam cumque autem commodi similique molestiae fugit ut nesciunt voluptas. Rem similique molestias, quia possimus est harum inventore voluptas nesciunt exercitationem accusantium provident aspernatur cupiditate. Eum aut quia error incidunt omnis eum exercitationem obcaecati quis consequatur modi necessitatibus consequuntur aut. Voluptate optio aperiam tenetur ipsa quo et qui ut non accusantium quos non unde expedita. Beatae magnam molestias quo molestiae, assumenda expedita maxime tenetur error pariatur id consequuntur quidem debitis. Veniam voluptate qui dolor minima qui velit minus voluptatem ex amet minima quisquam ab eos. Enim aut et natus eveniet fuga magni ea unde dolores eos recusandae quasi et officiis. Est rerum quo atque, enim et autem quam in est ut perferendis nesciunt ut voluptatum. Et molestiae laudantium ut rerum dolorem, ex cupiditate ipsam magnam mollitia impedit eaque odit ea! Error velit distinctio reiciendis incidunt sunt et rerum optio soluta consequatur totam qui quia architecto. Provident maiores, adipisci sint quaerat aperiam omnis atque provident magnam in velit commodi consequatur neque.', '5', '5', 'WendellTalley@example.com'),
('35180420728', 'Distinctio ut consectetur voluptatem temporibus molestias voluptates sed vitae, doloribus culpa amet ut corrupti cumque. Necessitatibus doloremque et sed natus qui id magnam ut reiciendis fugit repudiandae aut ut recusandae. Sequi ut est eum pariatur sapiente, saepe et vel ea aut tenetur quam esse rerum! Doloremque in numquam, corrupti nesciunt aut perferendis nam et nostrum corporis voluptas molestiae libero tenetur. Qui nobis officia quos expedita doloremque velit expedita et, sit qui nisi alias incidunt sunt. Ad veniam, sunt qui ratione vero autem corrupti qui aperiam iure perferendis explicabo harum quo. Vitae in libero consequatur quia eius ullam, provident deserunt exercitationem quasi qui inventore voluptate quibusdam. Nesciunt non voluptatem consequatur voluptatem enim delectus ut vitae iste perspiciatis pariatur unde obcaecati est. Sequi expedita qui obcaecati sequi dolor reprehenderit impedit cupiditate natus quam unde impedit dolor adipisci. Pariatur nostrum culpa iure quae ad ut enim amet odit obcaecati quia minima vel at; dolorem explicabo id repellat sed error repudiandae rerum corrupti beatae illum rerum ut eos soluta. Quasi minima eum modi voluptatem ullam voluptates velit delectus veritatis assumenda provident adipisci odio a. Quos quia deserunt voluptatem nam ipsum molestiae maiores totam suscipit, doloribus eaque architecto nobis voluptates. Tenetur ab, dolore ducimus iusto sed earum molestias quas voluptate quidem corrupti unde et praesentium! Voluptatem placeat, explicabo sapiente deleniti velit aut nihil excepturi ad illum ut soluta rerum esse. Officia fugit dolorum labore qui repellat nostrum velit molestias modi maxime aspernatur ut eum velit; rerum natus ipsam doloremque impedit deleniti, sequi rerum nihil nemo cupiditate unde non vel qui. Error optio alias ullam incidunt error voluptates reprehenderit accusamus, nemo modi accusamus vel dolorem aperiam. Id accusamus corrupti consequuntur, quaerat asperiores totam esse vero eaque iste aut quis distinctio veritatis!\r\nNihil fuga voluptatem vel eligendi veniam voluptas dolores eaque excepturi at sint quae voluptate quidem. Adipisci totam corrupti cumque id qui eos quae similique rem sed suscipit sed harum voluptas. Est aut voluptas cupiditate, tenetur consectetur nisi et quibusdam voluptate obcaecati dolore illo ad velit; laudantium architecto quia nulla ea nemo tempora necessitatibus omnis voluptates molestiae ullam asperiores perferendis harum. Qui in dignissimos commodi, asperiores est consequuntur qui ut tempora omnis ipsum vitae optio voluptatem. Perferendis commodi dolore, enim ullam consequatur aut et quam recusandae quas fugiat voluptas perspiciatis quas. Et eos pariatur sed a officiis itaque nulla eaque animi consectetur qui sapiente doloremque perferendis. Soluta dicta harum, deleniti repellendus suscipit et vero minima placeat laborum est nulla velit assumenda; molestiae qui esse obcaecati omnis obcaecati necessitatibus et adipisci non mollitia et quisquam praesentium est.', '3', '4', 'AdamPham@example.com'),
('96727914467', 'Corporis voluptas nisi aut placeat dolor ea et error, dolorum dolor omnis quae molestiae nam. Id vero voluptatem sunt velit eos vel sed assumenda ut maxime rerum voluptas debitis voluptatum! Et eos quo temporibus exercitationem quae doloremque consequatur voluptas qui autem ab autem sint quis. Sed culpa et incidunt sed, esse delectus quasi sequi est sit et dignissimos quod et; autem ea eius rerum delectus veritatis sunt et consequatur qui corporis quaerat velit debitis rerum. Officiis et blanditiis sint, labore modi obcaecati quos nostrum numquam dicta ut ipsam accusamus atque. Consequatur saepe nesciunt officia quia ipsam maiores voluptatum nihil a reiciendis aliquam rem est hic. Qui odit eos officia doloremque fuga dolorem, libero non libero fugiat debitis aut laborum temporibus. Culpa at iusto veniam deserunt amet ut deleniti quia ipsum odit et autem nostrum voluptatibus. Cum molestias ea illo voluptatem et delectus ipsam, accusantium dolores est quibusdam tempora voluptas quod. Eos dolor sit sunt debitis ullam accusamus sed optio hic est a est doloremque qui. Consequatur animi nam quia, accusantium corporis fugit eius cum itaque earum assumenda omnis voluptatem ex! Voluptatum voluptas iste dolores, sint dicta ullam quia est saepe aspernatur temporibus explicabo laborum laboriosam. Ut et ratione et ut itaque culpa eum odit nam, voluptatem dolor explicabo earum sed.\r\nAut cumque veritatis et enim delectus reprehenderit debitis accusamus consequatur aliquam iste minus accusantium minima. Dolores sit fugiat non ea atque est et delectus qui rerum expedita eveniet id illum? Id quae recusandae expedita atque laboriosam sequi nobis voluptates et temporibus autem sapiente beatae dolorum.', '1', '2', 'Moore2@example.com'),
('28691543178', 'Qui numquam dignissimos temporibus sed, ipsum eum quia rerum pariatur qui soluta dolor et fugiat; id facilis dolorem asperiores minima commodi, rerum nemo dolore ipsum qui aut qui atque nobis. Consectetur in consequatur corporis magnam qui et explicabo ut molestias totam vel aut atque consectetur.\r\nAutem fuga officia ut repellendus ullam corporis possimus eos commodi magni laboriosam fuga recusandae reiciendis. In maiores molestiae corporis sint, pariatur voluptas rerum ut mollitia modi odio quo cum aperiam. Eum velit, voluptatum enim maxime animi tempore quidem fuga et cupiditate et ipsam modi qui. Et sit assumenda qui, officiis soluta et temporibus consequuntur quia sint aperiam necessitatibus omnis quidem? Et corrupti necessitatibus dolor illo eos, aperiam expedita praesentium nobis quos autem excepturi quis consequatur! Doloremque impedit sint at nulla eos qui sit sunt et harum in provident nam labore.', '2', '3', 'Ness@example.com'),
('72970763907', 'Non et necessitatibus adipisci accusamus aperiam maiores maxime dolore eos at ex commodi nostrum quia. Sed nulla, ut sunt in et dolor ut nemo rem sint accusantium inventore atque facilis. Voluptatum nostrum dolores dolor tenetur facilis rerum labore fugiat natus omnis illum commodi consequuntur id! Tenetur incidunt et eum autem facilis quia autem tempore quis qui reprehenderit est quidem et. Deleniti omnis, deleniti aliquid dolorum magnam sapiente omnis iste ea et necessitatibus est et ut. Vel harum, a illum ipsa et alias eius omnis eaque ratione vitae ut vel et. Nostrum et voluptatem veniam vel et dolorum impedit nemo debitis magni atque odio quia eius. Qui sunt ut vel fugiat cupiditate unde aliquid, et facilis quia quo nesciunt enim animi. Tempora maiores dicta beatae quia pariatur natus assumenda expedita ipsam recusandae esse maiores porro eveniet! Officiis molestias consequatur nihil optio dolor quam doloremque aut autem repudiandae id velit sapiente voluptates.', '3', '4', 'Criswell@example.com'),
('68081889226', 'Qui ex, ea illum aperiam nostrum error accusamus voluptatem qui rem consectetur laborum enim sit. Natus aut eum praesentium exercitationem fugit at molestias dolorem nisi laborum nihil id perferendis exercitationem. Eum cumque laudantium esse repellendus earum nulla sunt ullam mollitia qui doloribus fuga esse aperiam. Voluptate nulla ratione itaque sit et ut eveniet est consequatur veniam eaque molestiae animi fuga; sunt adipisci nam, dolorem recusandae ea repellat nulla numquam sint dignissimos earum sint in harum; aspernatur iure recusandae, deleniti perspiciatis delectus aut totam sint asperiores iusto illo nostrum omnis placeat. Consectetur sed molestiae, voluptatem et velit totam cum non impedit ipsam repellendus eligendi voluptates sed. Sit consequuntur numquam optio aliquid et pariatur cum et magni quasi assumenda similique velit deleniti. Eum atque ut repudiandae eum, debitis facilis aliquam molestiae officia in est et illo perferendis! A assumenda cum, ut earum doloribus et debitis sit et hic nobis impedit dolorem autem.', '4', '1', 'NathanDubose@example.com'),
('68357193143', 'Qui optio facilis praesentium officia a qui voluptas repellat velit reprehenderit accusamus et est consectetur. Et consequuntur dicta alias odit omnis et exercitationem quo dignissimos vitae ut laborum animi odio. Perspiciatis minus sed quod voluptate officiis eos aspernatur deserunt deleniti nihil quia iusto quidem obcaecati. Repellat odit cumque nulla quas eveniet sit non qui hic aliquam debitis magnam quod et.\r\nAnimi vel consequatur et quia magnam quos est quo quia cumque magni reiciendis aut eum. Id nisi nobis repudiandae quo, itaque ratione eius quaerat quod saepe quidem sint voluptatem ipsam! Aut temporibus quia et sunt velit quasi vel illo dolor iste eos sunt quo magni. Corrupti tempore enim nisi sed et rem nostrum eum odio, totam et consectetur maiores commodi; ullam velit, id corporis nulla perspiciatis id dignissimos ex minima expedita reprehenderit maxime aut itaque. Excepturi autem consectetur nihil dolore nihil incidunt ut quae temporibus tenetur dolore nihil tenetur et! Sit maxime alias, error omnis incidunt quae quasi dicta dolore et aliquid veritatis quos placeat. Sint delectus exercitationem autem qui fugit quibusdam est similique quis explicabo saepe quo molestiae ut.\r\nSunt ullam est deserunt omnis et ratione autem est delectus iusto est consequuntur voluptatem illum. Ut id et saepe, atque est mollitia alias qui iusto consequatur voluptas facilis expedita odit. Ipsum rerum odit dolorum incidunt, voluptate sed in repudiandae animi molestias neque ut impedit quasi. Ab ad error est excepturi sequi maiores sit vero esse consequatur cum sunt rerum corporis. Pariatur aut eveniet neque voluptatem eveniet eius sapiente, dolor tempora aut corrupti qui rerum maiores! Adipisci consequatur doloribus modi repudiandae consectetur maxime est fuga amet quia repellendus odit fugiat nemo. Velit quaerat soluta pariatur dolorem rerum ut odio consequatur architecto veritatis quae, voluptas aperiam fuga. Ipsam id ut, harum quia officia at rerum molestiae laboriosam commodi earum inventore qui et! Rerum vel odio aliquid voluptates odio velit qui ipsum ea dolorum rerum dolor quasi ipsa. Voluptatem tempora et qui eligendi et aliquid eligendi facilis error sit sed facilis fugit est. Asperiores corrupti qui atque sint temporibus culpa voluptatem doloremque, ducimus totam debitis sunt id velit. Temporibus eum, dolorem cum nulla asperiores aut sit quae cupiditate nihil impedit saepe expedita ad.', '1', '3', 'amner9923@example.com'),
('19405223389', 'Laborum voluptatem pariatur incidunt dicta qui molestias iste quis libero obcaecati non voluptatem voluptates ut. Soluta dolorem ad praesentium id, rerum ut magnam eius iure voluptatem laborum velit tenetur magnam.', '2', '5', 'Cardwell@example.com'),
('13898034161', 'Suscipit magnam iure animi doloremque modi nulla molestias id aut vel nihil obcaecati similique natus. Harum explicabo tempora non excepturi aut ut unde voluptas dolor accusamus blanditiis dolor sapiente laudantium. Eius cumque fugiat distinctio quia asperiores itaque nam voluptates numquam pariatur ducimus aut corporis consequuntur. Rerum illo, dignissimos impedit esse consequatur officia sint nihil consequatur accusantium ut sit ullam cupiditate? Consectetur nihil autem, suscipit dignissimos et deleniti reprehenderit esse aut voluptate minima sint ullam ipsum. Nulla pariatur iste, corporis eos a fuga tenetur sit voluptas hic eum sit itaque et. Ut cum totam voluptatem, tempore unde provident voluptatem corrupti maxime ex et accusantium omnis aut; accusantium quas debitis magnam vero autem unde aut, non nulla esse vel aut ut in. Dignissimos veniam soluta nisi reiciendis, qui ipsum veniam ut ipsam quia ducimus nobis animi repellat.\r\nExplicabo consequuntur nisi eos et eos inventore, labore vel debitis iusto magni minima nesciunt nihil; et mollitia suscipit, rerum qui neque culpa itaque vitae eum fugit provident quis natus officiis. Suscipit sit velit, omnis aut et ratione consequatur culpa suscipit libero sit enim sunt distinctio? Quia animi eos ut eligendi aut unde eveniet sit qui magni odit eum ullam accusantium. Necessitatibus ut placeat dignissimos quaerat sed error soluta repellat et suscipit fugit dolor voluptas similique. Mollitia optio nam, architecto aut a et esse omnis et sit perspiciatis fuga nihil accusamus. Et dolorem fugiat blanditiis eligendi non similique facilis eum distinctio dignissimos consequatur id est quia. Quod numquam sint et, eum et fuga ea eius adipisci modi sit vitae voluptas velit! Aliquam consequatur et qui fugit libero quam autem nostrum modi consequatur enim esse voluptate laudantium. Dicta impedit ipsam et incidunt, esse sit magnam laborum repudiandae ut numquam non quam omnis? Blanditiis perferendis odio quos qui quia sed dolor voluptas quia ipsum nemo harum eum aut. Laboriosam quos rerum sit velit sequi pariatur fuga ex ea autem odio doloribus dolorem omnis. Quod tenetur vel animi, ut culpa ut illo odio ratione voluptas autem eveniet doloremque eum. Eos est quae temporibus reprehenderit omnis, reprehenderit at voluptas facilis earum illum repellat at itaque...\r\nNon ratione voluptatem, voluptates vel animi a voluptas modi aut iste ab molestias molestiae non. Dolores natus est repellat culpa natus rem facere eum aliquid laudantium et quos odio facere? Sunt mollitia in consequatur perspiciatis obcaecati eveniet qui voluptatem nostrum explicabo similique magnam unde ullam. Ut quidem possimus ratione maxime vitae voluptatem et earum adipisci voluptates et facilis excepturi porro. Temporibus reiciendis voluptas commodi facere animi fugit, laboriosam laborum consequatur velit dolorem quasi non rerum.', '5', '4', 'Marin2@example.com'),
('34119783985', 'Quis ut eum, ut voluptas ipsa non sit eos et voluptatem adipisci incidunt voluptatem pariatur. Eos ducimus, tempora reiciendis quaerat quam nihil facere consequuntur laboriosam quo hic dolore magni asperiores! Quisquam dolorem et voluptates nesciunt et aut ut qui laborum ut dolores vitae aut dolore. Iure et quos reiciendis aut dolores magni rerum et eos amet dolores repellat iste velit! Numquam blanditiis pariatur similique enim praesentium enim voluptatum et quod assumenda sint ipsa et esse. Est et eum, qui et dolores magnam sed molestiae facere qui officia et dicta nostrum; nihil corporis, soluta velit ut sed facere ullam et est repellat placeat a et velit. Dolore quisquam placeat omnis porro voluptate, ipsam eum rerum voluptatibus quidem eveniet hic mollitia tenetur. Minus quibusdam enim et fugiat sed vitae officiis nobis laboriosam veritatis laborum doloremque voluptatem autem. Quae quia cupiditate animi quas, sit et rem optio excepturi officia sit quia ea eaque! Pariatur blanditiis vitae non rerum est accusantium assumenda deserunt provident debitis non repellat quos eligendi. Aut consequuntur, eum laboriosam maiores unde placeat perferendis impedit reprehenderit vel nihil et impedit pariatur. Obcaecati explicabo sunt eos quam qui, optio iste repudiandae incidunt aut qui ut ad aut. Quasi sunt et consequatur molestias aliquid et cum inventore ex quis error quia omnis facilis. Molestiae et blanditiis officia est sunt ea aut vel, natus quos ex tenetur dolores laboriosam.', '2', '5', 'AdanMount@example.com'),
('48531367933', 'Perferendis voluptatem qui fuga molestias sunt facere sunt qui aliquam dolore quaerat enim sint similique. Optio id soluta adipisci quos repellat nemo est beatae aliquam nulla nisi est, sequi eius! Rerum explicabo fuga ducimus molestias quam quia similique dolorem atque hic quo architecto aliquid explicabo. Eos obcaecati maxime porro eligendi deleniti dolorum aliquid est ullam sit maiores facilis odio alias. Enim necessitatibus, praesentium incidunt quia molestiae ad soluta unde ut dignissimos asperiores nulla deleniti doloremque.\r\nAliquam corrupti, odio sed odit corporis veritatis enim animi et sit aut voluptates magnam laudantium. Eum porro exercitationem iusto nobis commodi dolor id nisi et suscipit sunt ut animi aut. Eos est magnam unde commodi rerum aspernatur sunt omnis assumenda est totam dicta quisquam a. Obcaecati esse ut minus repellendus rerum expedita voluptatem impedit harum facilis dolorem sed rerum fugit. Nemo est eaque, modi nesciunt eum a quos sunt sint sed voluptate qui ullam voluptates. Asperiores quo quis vero molestias et similique qui in non et sapiente et ex quo. Voluptatem iure et aut et veniam voluptates sunt quas expedita eum ipsum velit sunt laboriosam. Animi beatae tempora laboriosam rem facere in nesciunt minima voluptatem voluptate sint, nihil commodi sed. Doloribus sed sit, quo tempore aliquid quaerat est perspiciatis laudantium voluptatem beatae magnam ducimus vel. Quo expedita voluptates sapiente illo itaque ullam vero optio reiciendis tempora voluptates magnam vel quia...', '1', '2', 'Errol_Mckeown@example.com'),
('54950580484', 'Vel quisquam nobis dolor alias reprehenderit sit rerum dolorum non aut sit libero amet neque. Natus enim ea, nulla enim ut consequuntur exercitationem et reiciendis ad maiores repellendus consequatur nostrum. Nihil dignissimos a voluptatum id architecto quaerat alias eum, nesciunt minus ullam est obcaecati debitis. Et maiores deserunt, totam ullam ut magni id at ex voluptates necessitatibus facilis nam et. Sit odio perferendis dolores et optio atque eum magnam sit et saepe adipisci molestias sed; doloremque molestiae a atque quod inventore molestiae id magnam molestiae mollitia aut cumque voluptatum ea. Perferendis nobis sunt nostrum modi quod repudiandae debitis voluptatem consequatur possimus vero non velit rerum; ipsum rerum, voluptatibus qui quo provident veritatis reprehenderit est repellendus ut laboriosam sunt adipisci quibusdam; sit perspiciatis quod nobis et accusantium et nobis vitae beatae voluptas quidem sunt ut suscipit. Atque hic voluptatem id ipsum qui sed officiis sunt aperiam vero deserunt officiis accusamus laborum.\r\nVoluptate dolores dolorem, laudantium quia ea aliquid vero sapiente tempore sit saepe aut labore quod. Ut repellendus, at pariatur voluptates qui aut eos et dolor praesentium nihil aut perferendis quo; temporibus ut reiciendis et aliquam, inventore consequuntur praesentium enim ipsa et nihil culpa est qui; quas non ipsa totam veniam quia aut consequatur praesentium laudantium corporis fugit voluptas ut modi. Dolorem aut ducimus magni impedit consequatur placeat provident est consequuntur et quidem vero aut aperiam. Qui cumque et rerum, aut dignissimos voluptatem omnis aliquid eos dicta ducimus tempore et aliquam. Ratione dolor sit velit eum molestias reiciendis dolorem quo doloremque eveniet labore esse corporis et. Omnis voluptas odio neque perferendis ducimus, odit reiciendis possimus temporibus minus eos praesentium commodi obcaecati. Laboriosam soluta quae aspernatur hic aliquid, vero harum est dolor maiores rerum excepturi facilis numquam. Voluptates ab voluptas dolorem doloremque et adipisci possimus labore molestiae laborum et nemo facilis minus. Non qui modi tempore est enim qui vitae omnis ut porro harum facere et sit. Et fuga consectetur velit beatae voluptatibus id perspiciatis inventore sunt quibusdam aut harum sunt dolores! Vel placeat ut sapiente enim, atque doloremque beatae voluptas sed vel sit quod debitis veritatis? Quia at distinctio unde delectus repellendus, inventore sint vel velit nisi error non cum et! Nisi non et deleniti dicta vel et sit quasi obcaecati velit quia sed velit atque. Minus quia soluta, iste excepturi at voluptatibus aut optio qui minima vitae tempora quasi enim. Perspiciatis sint fugit accusantium quis atque rerum molestiae ea qui quia dicta ea doloribus omnis; ullam culpa excepturi eveniet maiores dolores velit voluptatem voluptas iste nobis voluptas aspernatur sit quia. Provident error excepturi ipsam eius aut illo odio aut numquam id est labore quia et! Nam illum aliquid a voluptatem ut et ut velit qui consequuntur voluptatibus modi illo sit.\r\nQuis quo omnis, vel vero voluptatem voluptas incidunt id numquam repellendus impedit voluptatem quo assumenda. Necessitatibus assumenda quos distinctio voluptates enim iste excepturi sint corrupti aut voluptatem nobis et non. Quo nulla ut molestias sed, et reprehenderit id alias esse consequatur animi corporis alias rerum. Molestias harum, necessitatibus non nobis sapiente quasi recusandae suscipit sequi ut in sed ut cumque. Sequi quis quibusdam quos earum, nisi et ullam rerum est dicta est repudiandae voluptas quas; officiis non et nemo ut quisquam sint eos esse fugit repudiandae distinctio alias deserunt consequatur. Non nihil totam harum non ducimus qui iusto voluptate velit nihil libero architecto dolorem aut. Veniam ab et, quis itaque aliquid animi neque culpa qui aut et rerum suscipit voluptatem. Ab iusto distinctio corrupti nihil, placeat veniam laborum nam ratione sequi tempora quaerat nulla accusantium.', '1', '2', 'Hanks@nowhere.com'),
('88336504979', 'Et eligendi repellat sed consequatur accusantium molestiae iste pariatur ut quidem qui maxime sed ea. Harum illum in, eum maiores officiis maiores accusantium ea placeat magni nam aspernatur itaque dolor.\r\nNobis cupiditate ut omnis magni tempora voluptas molestias et cupiditate dolores eum qui culpa temporibus. At quae laborum amet natus dolore ut repellat esse quisquam quaerat sint iusto distinctio voluptatibus? Sed delectus mollitia ut voluptates qui sint sit nostrum, ea est iusto iure expedita tempora. Nam quae quia asperiores repudiandae non qui consequatur culpa et aperiam tempora repellendus libero fugit? Inventore provident laboriosam quia quae aut dolor ad magnam nesciunt qui aliquam quia qui recusandae; adipisci aliquam reprehenderit est tempore esse repudiandae omnis aperiam, nesciunt eligendi in vel sed eos. Deleniti commodi sit ipsum, nihil saepe nihil quibusdam nihil odit soluta necessitatibus autem voluptas blanditiis. Voluptate est, debitis consectetur sit iure odit nisi consequatur adipisci enim aspernatur quod cumque enim. Quia nesciunt, eum fuga dignissimos eos et voluptatibus nihil eveniet natus maiores reprehenderit est maxime!', '2', '5', 'Tristan.Mcgregor65@example.com'),
('49370504891', 'Autem ut iste, culpa quaerat id magni reiciendis quia nostrum quo dolor velit quis dolores. Repellat rerum commodi, ad numquam ad voluptas quia quos qui veniam aspernatur laudantium omnis nostrum! Eligendi praesentium neque nesciunt natus et rerum et sint corporis sit ut minus accusantium aliquid. Dolorem sint est modi ut consequatur sequi omnis, veniam quis magni blanditiis quo qui et. Similique nisi ducimus possimus aut dolor quam fugiat velit omnis corporis voluptas blanditiis, quas nostrum; quasi libero ad, voluptatem ut magnam reiciendis eaque quod error voluptatibus earum non provident alias. Modi quae consequatur, dolorum nemo tenetur consequatur aliquid distinctio qui quos explicabo magni quasi tenetur! Quam quos sapiente cum eligendi sunt enim assumenda atque est quia et non ea officia. Eaque vitae, nihil non voluptate non blanditiis ut ad qui autem cum vero enim nulla! Obcaecati ad et temporibus iusto, enim debitis architecto asperiores tenetur corrupti odit error dolor ut. Ipsam sit, autem numquam et alias autem tempora hic iste eveniet asperiores sit eos et.\r\nMagnam et exercitationem voluptatem minus rerum dolorem veniam quo amet deleniti dolorem pariatur ducimus consequatur. Labore aspernatur odio repudiandae assumenda, autem neque repellat sint ut molestiae rerum ducimus similique aut. Sit molestiae quia hic ex et consectetur omnis quis quam sint veritatis ducimus eveniet accusamus! Nisi quidem at aut, quis quas aut beatae non reiciendis earum voluptas expedita et rem. Obcaecati et, qui perspiciatis quo corporis dolore et ad nulla hic dolores repellendus ipsum nihil. Id excepturi, voluptatum facere et aut consequuntur velit accusamus veritatis ullam necessitatibus omnis aut exercitationem. At porro voluptas possimus qui quidem velit dolor veniam fugit iure nemo dolorum enim ratione; ab sit doloremque libero quaerat quia omnis magnam autem quisquam accusamus molestiae fuga illo omnis. Sapiente modi debitis, esse sunt odio eum doloribus est quaerat aut soluta aut consequatur iure. Rem explicabo, a dolorum illum culpa molestiae recusandae minus id inventore excepturi ex modi ex; et aut earum, repellendus numquam ipsa asperiores doloribus illum exercitationem asperiores sit ut molestias id? Minima veritatis corporis molestiae perferendis qui nihil dolor et voluptas rerum ducimus ad amet aut. Eos enim veniam sint deserunt odio quis sed error ducimus aspernatur rerum quis, laboriosam earum! Ipsam beatae quia minima qui ab accusamus aliquam ex harum vel eveniet assumenda asperiores qui. Nemo quia vero rerum nobis est at velit iure aut culpa, numquam earum dolores rerum. Totam velit id facilis ab iure dolores sit minus debitis molestiae eum ea est molestias! Ipsam possimus laudantium eum maxime voluptate dolores voluptatem ut minima autem neque perspiciatis assumenda quam. Consequatur id, magnam inventore optio unde et praesentium et eum accusantium est esse ipsam id; dolores iure consectetur assumenda quae voluptatum necessitatibus et dolorem quis qui aut veritatis reiciendis dignissimos. Illum quia expedita consequatur ut est, pariatur et rerum dignissimos delectus itaque sed autem repellat!', '3', '3', 'WendellTalley@example.com'),
('41436352849', 'Nam nihil iusto, totam dolor et sit ducimus rem natus quidem soluta ullam ex non. Dolorum nobis fugit quaerat totam veniam rerum itaque voluptate, ratione dolor cumque cum excepturi natus? Officia perferendis ratione vel et libero tenetur cum et itaque excepturi et quas earum nesciunt. Consequatur magnam dignissimos dolorum tempora beatae omnis modi ipsum eos maxime reiciendis totam quae distinctio! Dolorem ad excepturi provident velit cupiditate cumque enim mollitia sed non voluptatem eos quia obcaecati. Enim quidem impedit beatae minima saepe aliquid enim quae accusamus quia quo accusantium quibusdam ut; dolorum aut nobis corporis omnis rerum id ducimus in architecto vero aspernatur est recusandae quia. Sapiente iste velit nihil eum inventore minima aspernatur non dolores mollitia vitae doloribus facilis quo. Quis cupiditate neque sint molestiae placeat et sunt aut omnis explicabo commodi eum sapiente repellendus! Expedita quia et enim at iste quam mollitia enim et sit accusamus sed minima maxime? Qui consequatur suscipit dolor enim et dolor nobis libero ut tempora accusamus magnam id ipsa. Qui cupiditate dolores sint, fugiat quae enim et quos ipsum rem eos quae impedit velit. Fugiat corporis illum aut et quod ipsa aut nemo omnis beatae magni quidem autem dicta! Hic enim aut quisquam aliquam velit blanditiis ipsam aut qui voluptates nihil esse dignissimos quaerat. Illo debitis, autem et praesentium et aut ullam consectetur iste quo et est a veniam. Magnam qui quis fugit architecto itaque nam reprehenderit tempora quia aliquid animi amet quo molestiae. Sit voluptatem ut magnam aut, et similique velit id delectus quis sit est ut quisquam? Eligendi nesciunt, aut adipisci nostrum quos facilis ut quia sit suscipit illum fuga dolore obcaecati.\r\nAut fugit nesciunt quasi laboriosam quasi aut similique quisquam consequatur similique iusto nihil quia libero. Omnis harum consequuntur modi reiciendis deserunt quia sed modi et consequuntur consectetur quasi quis neque. Molestias quidem deserunt dolor unde asperiores sunt voluptatem excepturi quae esse consequatur id qui aperiam. Recusandae et quam ratione nulla voluptatibus quasi veritatis fugiat sed voluptate voluptatibus eveniet nesciunt aliquam. Nemo distinctio asperiores dolores omnis, fugit et assumenda omnis dolorem sunt quae molestias eum sint! Veritatis libero cum et, sed distinctio debitis enim aut quas at ut ad fugiat qui. Suscipit quam maxime ducimus sed fuga sit quaerat et sed et vel libero quaerat voluptatem. Sit fugit consequatur magnam commodi sequi minus beatae quo vel a, quam omnis et aut. Quia facilis porro velit illum ad ipsa ipsum aperiam officia quaerat nam voluptatem vel voluptas. Et dignissimos aut fugit velit culpa est aut consequatur laudantium sed maxime ad maxime cupiditate.', '1', '3', 'Anaya@example.com'),
('67127588324', 'Adipisci labore id ab, nulla ut amet pariatur quasi architecto itaque dolores quis soluta sed. Sit quos illum in odit at aut ipsam officiis consequatur illum adipisci sapiente aliquid neque; consectetur possimus eius quia molestias consequatur eum iusto ullam dolore sit facilis suscipit facilis est? Architecto laborum dolor omnis non omnis non perferendis officia repudiandae impedit quia aspernatur rerum quidem! Illum qui ipsam quia qui sint totam et quod ratione unde vel consequatur quidem nihil. Eius iusto quas id eos ab modi sint consectetur quisquam incidunt voluptate, quo est repellendus? Qui sed, ut quis et quis aut nemo ea quibusdam consequatur eligendi sapiente harum et; voluptatum quos praesentium odit architecto consequatur dolor et temporibus consequatur et possimus voluptatibus vel similique. Qui saepe eos voluptatem laboriosam, iusto modi eligendi et corporis molestiae consectetur est aliquam ex? Est eveniet non atque et corrupti pariatur accusantium ea sed et itaque culpa nobis itaque. Quia iste, et voluptas perferendis omnis illo sapiente odit consequatur et tempore aspernatur est rerum. Repellat voluptatem obcaecati molestias dignissimos velit ut deserunt velit aut repellendus ut provident doloribus labore. Suscipit tenetur excepturi adipisci tempore accusamus facilis, illo neque consequatur officiis earum cupiditate quo est! Est qui et sit quia rem accusamus doloribus est repudiandae beatae aut cumque odio numquam. Sunt rerum enim recusandae autem delectus voluptas repudiandae obcaecati consequatur nihil eaque fuga aperiam corporis. Rerum sunt, est dolor et ut odio velit voluptas unde est voluptate rerum praesentium omnis? Possimus enim non praesentium, similique qui nihil earum et temporibus libero sapiente quo et aut. Rerum magni exercitationem ipsam, id odit vel qui dolorem voluptatem ea praesentium blanditiis fugiat ut.\r\nEt cupiditate, sunt non nam consequatur non delectus dolor ea sint est quod obcaecati quasi. Ea reprehenderit nihil molestiae aut praesentium dolorum ex iure odit laboriosam sed distinctio quos et? Aspernatur nemo autem, et nisi sequi quisquam placeat ut eum sint delectus nihil vitae sint; non voluptas aut dignissimos a quaerat iusto sunt repudiandae delectus vero voluptas quos maiores et? Qui quo quia quos illo amet tenetur nihil ad alias assumenda nesciunt recusandae voluptates dicta. Sunt architecto eius deleniti possimus nulla obcaecati libero qui consectetur rerum perferendis nobis velit quae. Esse beatae earum corrupti et earum minus et veniam distinctio et aut totam consequatur ex. Qui fugit aliquid quibusdam asperiores similique officiis et repellat qui id et pariatur soluta distinctio! Ut qui ducimus deleniti nesciunt nostrum maxime voluptatem aspernatur et omnis quo voluptatem eius quos. Similique et quasi obcaecati dicta modi nam sapiente voluptates et repellat autem aut quia qui. Molestiae et quisquam molestias temporibus error, quod a qui eius molestiae vitae commodi magnam voluptas? Omnis similique est voluptatem molestiae sapiente et consequatur commodi eum sed quidem architecto placeat facilis. Nihil qui nulla eaque et, possimus eum vero repellendus laboriosam quia ratione totam at saepe. Sint omnis obcaecati explicabo nesciunt repellat nisi, saepe facilis quo corporis reiciendis ad et quo? Ducimus est expedita dolore est sint et sed dolor minima fugit rerum commodi alias repudiandae.', '4', '2', 'Acevedo@nowhere.com'),
('77294564616', 'Provident sint itaque voluptas sed vel perspiciatis et modi quam maiores voluptatem velit harum sit. Facere corporis aut illo sit architecto rerum eum voluptatem non ratione laborum enim rem nisi. Qui dolor repellat asperiores quod temporibus neque ut suscipit praesentium repudiandae est natus architecto in. Error qui, facere corporis voluptas asperiores et voluptatem aut omnis voluptatem odit commodi atque reiciendis! Minus odit quia perspiciatis accusamus optio ab necessitatibus et error est vitae at eligendi ut. Delectus qui sed ut qui consequatur nesciunt, dolore est ut totam mollitia qui explicabo omnis. Expedita fugiat reiciendis natus laudantium, tempora laboriosam similique optio blanditiis impedit voluptatem aut nihil quis! Vitae mollitia est, architecto quam quasi ut soluta ut doloremque minus libero impedit nihil accusantium. Culpa nostrum eveniet recusandae quo dolorum delectus in quia non ea officia mollitia enim ipsa. Quas quia earum ut dignissimos corrupti repellendus, velit dicta non tempore non perferendis est cum; aut mollitia, consequatur perferendis veritatis ad quidem est explicabo hic aut placeat facere harum impedit. Nostrum ea quasi alias sint quia minima eius exercitationem itaque iure illo laboriosam quasi ut. Adipisci fuga vel facilis quam natus eveniet consectetur facilis eaque beatae dolore illum voluptatem deleniti. Dolores rerum magni doloremque et explicabo harum expedita vel velit similique tempore temporibus aut deleniti? Inventore rerum sint nesciunt sint quia eveniet modi ut assumenda voluptatem minus unde quas sint. Quisquam sapiente molestiae totam praesentium omnis consequatur, et saepe nam temporibus iusto alias explicabo ex; numquam accusamus sequi incidunt voluptatum quam aut quo quas quae rerum perferendis tempora quisquam alias.\r\nDebitis nihil dolorem ut deleniti qui quae inventore vel numquam sint rem sunt voluptas praesentium. Velit corporis aliquid nobis quae beatae dolore sit dicta ex nesciunt facilis deleniti fugiat aut! Consectetur similique saepe quaerat est alias voluptatem nesciunt et quia amet expedita reiciendis praesentium quis; impedit quas dolorem mollitia alias aut suscipit id, quod sint quia tenetur quisquam sed soluta. Et consequatur rerum rem et sit repellendus aut repellendus ut nam adipisci nisi ipsum molestiae. Veniam quia temporibus, ut neque rerum aperiam dolore vel qui autem natus ratione cupiditate aut. Debitis mollitia magnam, odio omnis rem impedit ea mollitia impedit voluptatibus velit recusandae eum atque. Quod accusamus laboriosam, pariatur eum magni quam quidem eaque nihil numquam animi dolorem et harum. Velit eius, quaerat ea vero ea iusto esse corporis fugiat et cupiditate in amet omnis. Sed quisquam omnis deleniti nostrum ducimus quis facilis similique ullam vitae distinctio quia porro qui. Commodi cupiditate ratione ut officiis dolorum maiores omnis voluptatibus fugit in enim natus culpa doloremque. Facilis dolorum et rerum obcaecati alias cum et error reprehenderit libero eos quia maiores et. Ex doloribus quis autem dignissimos magni quo quam vitae aut omnis ut officia deserunt et. Fuga qui non qui quia totam qui sed aut autem inventore corporis natus quod vel! Maiores laudantium inventore consequatur sunt nemo molestiae ullam aliquid optio consequatur ea ut exercitationem hic? Minima ut, neque provident id facere dolorum blanditiis hic architecto consequatur qui fugit corrupti maiores! Eos sequi, quod eius possimus et eius esse ducimus non accusamus expedita qui explicabo facere.', '5', '5', 'Marin2@example.com'),
('20857687396', 'Officia quisquam et reprehenderit alias officia fuga nostrum maxime iusto sit reprehenderit voluptates praesentium eaque. Inventore sequi iure natus accusamus cumque molestias qui laborum cumque nostrum nihil rerum commodi modi. Voluptatem quidem est hic nostrum ducimus voluptatem est id provident autem nobis consequatur qui eius. Sint beatae non fuga odio tenetur necessitatibus modi et aliquam repudiandae debitis voluptatem cum non. Nostrum ut expedita necessitatibus incidunt, consequatur voluptatem rerum numquam earum sed fugiat expedita ut doloremque! Aspernatur eveniet, ipsa animi est voluptatem exercitationem et ut voluptatem vitae ipsum quae ut aut. Qui sunt voluptate libero quas distinctio quis qui, corrupti sequi velit nisi officia doloribus in. Blanditiis veritatis, est accusantium et porro pariatur optio quia voluptas asperiores consectetur quidem itaque magnam. Dolor quis, dicta et sint architecto mollitia aut fugiat et ut amet dolores id ea; libero iusto odio et sequi unde nulla aperiam earum iure ea quasi laboriosam distinctio itaque. Porro sequi voluptas omnis totam dolores odit quo quia recusandae aut esse magnam vel inventore. Voluptatibus et nostrum quaerat quo minima pariatur qui labore similique est sed blanditiis quo rerum? Ratione possimus nulla quidem vel molestiae id autem et pariatur impedit doloribus est cupiditate similique! Eligendi nisi veritatis dignissimos in officiis modi exercitationem cum aut ut quaerat et voluptatem est. Sed quia est officia qui aperiam deleniti molestiae quia temporibus cum voluptate illo unde magni. Omnis et dicta impedit optio delectus nesciunt quaerat tempore nulla in veritatis voluptas corporis iusto.\r\nAd minima consequatur aliquam in, omnis dignissimos recusandae mollitia sapiente sit sequi id explicabo fuga. Pariatur quaerat molestias dolore nobis odio enim est reprehenderit esse qui et id temporibus voluptates. Nesciunt molestias, praesentium rerum animi quis ab praesentium modi eveniet error sit officiis et ut. Non mollitia minus est qui omnis et repellendus consequatur et ea et consequatur a commodi! Explicabo autem repellendus voluptas velit modi porro reprehenderit porro labore omnis exercitationem ut neque velit. Blanditiis eos saepe suscipit aperiam non ut obcaecati et est aut facere et eveniet minima! Quae maiores in fugiat doloremque et aspernatur accusantium labore minus voluptatem sit similique fuga ex. Corporis sequi reiciendis, earum delectus eos quos et exercitationem similique et iure velit perspiciatis modi. Et consequatur at deserunt distinctio ut nobis ipsam soluta corrupti laudantium eaque velit dicta et. Error totam, accusantium dolorem incidunt velit sed quod commodi provident minima dolorum iste ut iusto. Laboriosam officiis ducimus quas cupiditate labore maxime voluptatem sint et molestiae at sed earum labore? Enim amet fugit, officia tenetur hic explicabo minus rem qui facilis vero quis sed modi! Eum iure quia et eos ut eum accusantium, quis autem illum nesciunt maxime sint animi. Perspiciatis voluptas, dolor delectus dignissimos quia facilis sed nam dignissimos omnis eum perspiciatis ipsa vel? Rem doloremque eum veniam fuga pariatur sint beatae pariatur maxime ab officiis et optio soluta. Voluptatem sunt, deleniti magnam in non sit culpa dolorem eius doloribus dolor consequatur libero culpa. Culpa et esse neque sit provident doloremque aperiam impedit autem, odio tempore ea atque ratione.', '1', '2', 'Abrams@nowhere.com'),
('40135345500', 'Non voluptatem quia similique voluptatibus quasi dolores dolor soluta qui voluptas ea nesciunt modi molestiae. Et accusantium provident sint velit provident laborum numquam officiis rerum nemo adipisci corrupti voluptatibus perspiciatis. Sed vero ipsa consequatur est, laboriosam quis vel natus assumenda aut voluptatibus dolores possimus dolorum. Dolor atque ad, ut eaque aut est possimus voluptas quasi modi sapiente asperiores dolor repellendus. Id ut ipsum amet debitis repellendus et quia incidunt ut odit magnam neque a fugit. Distinctio aut facere doloribus, excepturi recusandae earum at voluptatem maiores a maiores cupiditate aut fugiat. Voluptatem illum fugiat laborum ipsa numquam, explicabo repellat ut eos laborum consequatur reiciendis autem dolore! Sapiente et exercitationem beatae voluptatem voluptate dolores rerum consectetur qui molestias minus dolorem ut inventore; porro illo, similique impedit ex voluptatem reiciendis consequatur modi quia repellat illo ratione dolor ducimus. Ipsam voluptas et impedit, est molestiae ut quisquam numquam maxime ut illo et quasi ut. Ipsam maiores, ullam voluptatem repudiandae blanditiis adipisci quis ea veniam porro quidem at delectus eaque. Voluptatem veniam molestias rem earum culpa tempore nemo quo nobis non est beatae quia voluptatem! Aut nobis maiores quia consequatur sequi optio minima natus voluptatem sed corrupti sed qui omnis. Placeat odit quae, vel similique non aliquid assumenda minima nemo ut vitae magni vel numquam. Amet provident voluptas rerum excepturi et labore sint ea nulla, explicabo aliquam ut exercitationem atque.\r\nPorro dolorum rerum voluptas beatae perferendis officia quidem quis blanditiis voluptatum omnis aut ullam quia; ullam aut velit vel et enim doloribus consectetur est vel laborum reprehenderit deserunt, sit minima. Qui id nulla asperiores et facilis adipisci quia doloribus qui earum eum hic, maiores tenetur. Consectetur amet, id esse et enim dolorum vel consequatur adipisci est aut illum nihil delectus. Eius laboriosam id illum voluptas doloremque delectus dolores neque voluptates doloremque ullam consequatur totam qui? Voluptate magni illum voluptatem omnis nulla incidunt est voluptatibus sit et ex a explicabo aut. Culpa iusto, minus ea natus repellendus rerum et voluptate in beatae repellat nesciunt soluta omnis. Cumque earum nihil nostrum quibusdam, sit dolores sed impedit eaque culpa tenetur commodi sapiente officiis. Aut qui, nam aperiam mollitia explicabo maiores est delectus deleniti voluptas possimus nesciunt facere voluptas. Assumenda et quas unde deleniti laborum assumenda et deleniti quam aperiam possimus placeat voluptatibus voluptates. Sed quisquam cum possimus quidem enim saepe eos ut obcaecati enim voluptatibus et autem quod? Accusantium corporis ea voluptas quae dolorem molestiae laboriosam inventore mollitia et unde aspernatur excepturi dolor. Eos itaque reprehenderit rerum dicta ex expedita assumenda velit rem fuga est nam cupiditate velit! Itaque at esse tempore vel nihil consequuntur, ut saepe consequatur dolorem et rerum placeat ea. Et aliquam iure id voluptatem qui dolorum atque, magnam magni molestias in fugiat hic est. Laudantium omnis qui ea nemo iusto ipsam incidunt est iure cum magnam, voluptates et doloribus. Aut eum, rerum et dolorum suscipit consequatur iure rerum libero est animi eum et magni. Earum eveniet asperiores et ipsum fugiat quis repudiandae dolores nam animi enim aliquid et expedita.', '4', '3', 'Tristan.Mcgregor65@example.com'),
('01222040604', 'Voluptatum voluptatem placeat officiis ut qui, rerum facere dolore dolor recusandae nisi et suscipit voluptatibus. Non sed quisquam non repellat quo illum officiis ea aliquam sequi et doloremque aut quos. Soluta expedita rerum et quia pariatur omnis et voluptas quae perspiciatis, porro praesentium est veritatis.', '1', '3', 'AdamPham@example.com'),
('47827169293', 'Eligendi dignissimos voluptatem deleniti sed aut totam nobis suscipit porro fugiat sit laborum ut sint.', '2', '2', 'GeoffreySmalls@nowhere.com');