USE db_public_transport;

--
-- Inserting data into table card_type
--
INSERT INTO card_type(cType, Expiry_Period) VALUES
('National Athlete', 1);

--
-- Inserting data into table driver
--
INSERT INTO driver(Driver_Id, Driver_Name, License_Type, License_Expiry) VALUES
('39627856468', 'Jewell Mayo', 'Tram', '2024-04-07'),
('73250965508', 'Abigail Crespo', 'Tram', '2025-10-12'),
('04054490367', 'Tomasa Aldridge', 'Tram', '2022-11-20'),
('26426040500', 'Drew Steffen', 'Tram', '2029-07-10'),
('49750819462', 'Rosa Frierson', 'Tram', '2024-08-25'),
('05340711927', 'Larhonda Adcock', 'Tram', '2028-01-26'),
('15477254312', 'Glayds Clary', 'Tram', '2029-12-10'),
('15475639470', 'Damion Boss', 'Tram', '2023-07-10'),
('70631175714', 'Neoma Zepeda', 'Tram', '2024-12-24'),
('53200453048', 'Sunshine Shackelford', 'Tram', '2029-05-09'),
('82769731883', 'Glen Briones', 'Tram', '2023-01-15'),
('91940317548', 'Teodoro Slattery', 'Tram', '2027-10-21'),
('14426350836', 'Desire Lash', 'Tram', '2021-01-05'),
('47948142912', 'Rickie Stringer', 'Tram', '2027-04-24'),
('82487027042', 'Gretchen Blanton', 'Tram', '2029-07-27'),
('96432517559', 'Williemae Gibbs', 'Tram', '2022-10-16'),
('50025356841', 'Chandra Kimball', 'Tram', '2027-08-09'),
('55367323025', 'Evelynn Stanley', 'Tram', '2021-04-10'),
('54553709499', 'Delphia Brewer', 'Tram', '2029-11-22'),
('13832952061', 'Quiana Nowlin', 'Tram', '2024-09-15'),
('11656423539', 'Christinia Clary', 'Tram', '2021-03-19'),
('36623345026', 'Samual Braxton', 'Tram', '2028-01-22'),
('87641223518', 'Anton Vincent', 'Tram', '2021-11-05'),
('06100301669', 'Palmer Breen', 'Tram', '2029-12-06'),
('95528948989', 'Sanda Easley', 'Tram', '2026-05-28'),
('70400980071', 'Carlo Zaragoza', 'Tram', '2024-09-04'),
('02312280606', 'Rosario Craddock', 'Tram', '2024-03-19'),
('81806294955', 'Jules Goddard', 'Tram', '2021-12-25'),
('85261984362', 'Tommie Henderson', 'Tram', '2028-04-11'),
('51196946947', 'Shanda Horne', 'Tram', '2027-10-16'),
('72963540768', 'Twila Whelan', 'Tram', '2026-01-20'),
('03044039719', 'Tamekia Breen', 'Tram', '2028-11-05'),
('68753563239', 'Terrie Swain', 'Tram', '2022-03-01'),
('53701266148', 'Lola Driscoll', 'Tram', '2030-05-23'),
('10510745801', 'Raye Conners', 'Tram', '2023-11-11'),
('97927553398', 'Ray Bruner', 'Tram', '2021-01-08'),
('28378620063', 'Ewa Brooks', 'Tram', '2024-12-06'),
('22454941949', 'Theodore Brownlee', 'Tram', '2028-11-22'),
('68420516361', 'Moon Bouchard', 'Tram', '2023-09-26'),
('56726669849', 'Teresita Easton', 'Tram', '2028-09-15'),
('41665026705', 'Raven Gamboa', 'Tram', '2022-05-13'),
('11362612254', 'Celsa Carrier', 'Tram', '2025-02-24'),
('80103740399', 'Ayana Clayton', 'Tram', '2027-04-12'),
('02107431297', 'Miles Ritchie', 'Tram', '2021-02-08'),
('70131853451', 'Shaquita Orosco', 'Tram', '2022-02-12'),
('33628734491', 'Randal Meeks', 'Tram', '2022-05-07'),
('23253919628', 'Justin Paulson', 'Tram', '2028-10-27'),
('56293324715', 'Rosario Cunningham', 'Tram', '2021-01-09'),
('89066801266', 'Orville Layman', 'Tram', '2022-07-21'),
('83556351735', 'Elliott Duran', 'Tram', '2021-01-06');

--
-- Inserting data into table vehicle
--
INSERT INTO vehicle(Vehicle_Id, Vehicle_Type, Capacity, Status) VALUES
('87771321647', 'Tram', 208, 'active'),
('68912951037', 'Tram', 288, 'active'),
('72270862846', 'Tram', 212, 'active'),
('84240156340', 'Tram', 285, 'active'),
('20739660905', 'Tram', 261, 'active'),
('70928863167', 'Tram', 235, 'active'),
('41607843546', 'Tram', 226, 'active'),
('00414120629', 'Tram', 228, 'active'),
('71327935304', 'Tram', 245, NULL),
('59077428885', 'Tram', 238, 'active'),
('13135194483', 'Tram', 265, 'active'),
('16068836748', 'Tram', 280, 'active'),
('93460423065', 'Tram', 286, 'active'),
('00704234542', 'Tram', 200, 'active'),
('98089735784', 'Tram', 288, 'active'),
('33032053398', 'Tram', 205, 'active'),
('16705306798', 'Tram', 245, 'active'),
('34289199750', 'Tram', 213, 'active'),
('87369315297', 'Tram', 232, 'active'),
('61105377093', 'Tram', 261, 'active'),
('96531758291', 'Tram', 255, 'active'),
('43951094135', 'Tram', 271, 'active'),
('39249370367', 'Tram', 287, 'active'),
('05806883598', 'Tram', 291, 'active'),
('37694952445', 'Tram', 236, 'active'),
('91720838796', 'Tram', 299, 'active'),
('96189871827', 'Tram', 235, 'active'),
('53290221118', 'Tram', 290, 'active'),
('95991684202', 'Tram', 276, 'active'),
('64363519792', 'Tram', 207, 'active'),
('46273954647', 'Tram', 206, 'active'),
('94416191382', 'Tram', 194, 'active'),
('02529738134', 'Tram', 287, 'active'),
('41065006643', 'Tram', 295, 'active'),
('37633297146', 'Tram', 259, 'active'),
('48706175463', 'Tram', 275, 'active'),
('81188596438', 'Tram', 263, 'active'),
('55191161249', 'Tram', 260, 'active'),
('13126714597', 'Tram', 228, 'active'),
('34475932245', 'Tram', 294, 'active'),
('89203500804', 'Tram', 227, 'active'),
('98581975051', 'Tram', 182, 'active'),
('89175263871', 'Tram', 198, 'active'),
('89234380334', 'Tram', 185, 'active'),
('99948402114', 'Tram', 210, 'active'),
('99648501430', 'Tram', 234, 'active'),
('12147149342', 'Tram', 299, 'active'),
('30300464143', 'Tram', 299, 'active'),
('91435192577', 'Tram', 290, 'active'),
('57737505315', 'Tram', 280, 'active');

--
-- Inserting data into table travel_card
--
INSERT INTO travel_card(Card_Id, Balance, Status, Issue_Date, Last_Usage, Travel_Count, cType) VALUES
('26523816985', 94, 'active', '2005-02-23', '2017-07-27 00:19:50', 12639, 'National Athlete'),
('47456881575', 31, 'active', '2017-02-26', '2018-07-15 16:46:54', 17194, 'National Athlete'),
('56667693644', 111, 'active', '2010-06-14', '2017-04-13 03:07:43', 5893, 'National Athlete'),
('67631806704', 75, 'active', '2016-11-18', '2015-05-30 07:32:54', 28348, 'National Athlete'),
('74951723395', 73, 'active', '2019-10-09', NULL, 15969, 'National Athlete'),
('38789039410', 104, 'active', '2019-07-01', '2017-11-11 15:09:42', 54344, 'National Athlete'),
('46531198173', 125, 'active', '2016-09-11', '2020-04-12 18:45:34', 58391, 'National Athlete'),
('28025144289', 107, 'active', '2013-07-19', '2015-02-01 01:52:54', 62407, 'National Athlete'),
('25669153097', 6, 'active', '2005-02-11', '2017-07-23 01:27:16', 442, 'National Athlete'),
('59727520345', NULL, 'active', '2014-11-20', '2015-02-01 00:46:40', 10725, 'National Athlete'),
('25938298201', 71, 'active', '2011-04-24', '2015-02-01 02:26:24', NULL, 'National Athlete'),
('76786707829', 13, 'active', '2013-05-23', '2016-01-13 19:43:10', 4913, 'National Athlete'),
('62999705798', 92, 'active', '2005-04-21', '2015-02-01 00:00:06', 53048, 'National Athlete'),
('92804777721', 104, 'active', '2011-09-25', '2015-02-01 00:02:13', 7498, 'National Athlete'),
('41479983597', 24, 'active', '2005-01-09', '2018-09-07 00:19:22', 9676, 'National Athlete'),
('46071947448', 90, 'active', '2012-07-30', '2019-12-15 00:20:57', 25050, 'National Athlete'),
('62346958524', 25, 'active', '2019-12-24', '2017-07-10 05:59:05', 11118, 'National Athlete'),
('80469433039', 9, 'active', '2005-02-01', '2016-01-02 16:07:47', 9306, 'National Athlete'),
('40470026760', 119, 'active', '2012-01-28', '2018-07-28 17:15:37', 38, 'National Athlete'),
('89449575971', 62, 'active', '2018-06-01', '2015-05-10 20:19:18', 3287, 'National Athlete'),
('02578201617', 0, 'active', '2012-01-25', '2015-02-01 00:00:07', 16059, 'National Athlete'),
('68886444558', 89, 'active', '2018-07-23', '2018-04-13 06:32:55', 62735, 'National Athlete'),
('39739435422', 74, 'active', '2019-04-08', '2015-02-01 01:25:51', 34, 'National Athlete'),
('20574303998', 122, 'active', '2009-05-30', '2017-03-08 05:12:48', 163, 'National Athlete'),
('54306377116', 50, 'active', '2006-02-22', '2017-12-12 19:14:07', 5, 'National Athlete'),
('14241680358', 7, 'active', '2018-05-22', '2015-06-30 15:54:22', 39132, 'National Athlete'),
('03492524468', 89, 'active', '2006-07-16', '2015-03-19 23:09:50', 43234, 'National Athlete'),
('31595462217', 46, 'active', '2009-11-13', '2018-04-02 13:28:03', 8729, 'National Athlete'),
('85329241615', 84, 'active', '2013-03-13', '2015-02-01 00:00:04', 14904, 'National Athlete'),
('57293574018', 0, 'active', '2005-12-23', '2015-02-01 00:00:37', 53181, 'National Athlete'),
('04519327061', 127, 'active', '2005-01-14', '2018-01-01 09:13:34', 37553, 'National Athlete'),
('87358856407', 40, 'active', '2005-06-24', '2018-05-25 02:34:52', 9, 'National Athlete'),
('03367260904', 70, 'active', '2005-01-25', '2019-04-08 19:36:41', 62132, 'National Athlete'),
('43171732740', 3, 'active', '2005-01-09', '2019-10-10 21:10:11', 43335, 'National Athlete'),
('42607374088', 16, 'active', '2020-04-24', '2015-10-12 18:26:27', 13816, 'National Athlete'),
('01709137091', 109, 'active', '2006-01-13', '2016-05-13 17:14:45', 220, 'National Athlete'),
('63639385945', 32, 'active', '2005-01-29', '2015-02-01 00:01:31', 3, 'National Athlete'),
('71402421278', 90, 'active', '2010-07-18', '2019-06-25 05:35:26', 62224, 'National Athlete'),
('46259098195', 57, 'active', '2005-04-09', '2019-11-14 00:28:37', 19563, 'National Athlete'),
('54264804604', 118, 'active', '2005-02-15', '2020-02-22 04:07:51', 14, 'National Athlete'),
('05740172718', 126, 'active', '2006-06-26', '2017-06-09 22:05:55', 39865, 'National Athlete'),
('63484513505', 50, 'active', '2012-07-11', '2016-03-05 16:33:00', 97, 'National Athlete'),
('30713742702', 33, 'active', '2008-02-09', '2016-01-08 03:18:05', 6141, 'National Athlete'),
('90773529175', 124, 'active', '2006-02-18', '2015-02-01 00:12:40', 27277, 'National Athlete'),
('27549201880', 101, 'active', '2011-06-12', '2017-02-05 08:42:38', 54704, 'National Athlete'),
('67223588489', 8, 'active', '2013-08-16', '2015-02-01 02:34:52', 60733, 'National Athlete'),
('15064313976', 32, 'active', '2015-03-01', '2017-07-25 13:09:18', 41029, 'National Athlete'),
('88544718280', 95, 'active', '2005-02-19', '2018-10-03 21:11:42', 49, 'National Athlete'),
('82859256511', 103, 'active', '2012-08-12', '2015-02-01 00:00:05', 4224, 'National Athlete'),
('10346857061', 93, 'active', '2010-11-21', '2015-11-05 13:05:22', 11349, 'National Athlete');

--
-- Inserting data into table passenger
--
INSERT INTO passenger(Passenger_Id, Full_Name, Birth_Date, Card_Id) VALUES
('78705008901', 'Cleveland Kimbrough', '1996-07-15', '05740172718'),
('13307306345', 'Marge Brenner', '2001-08-02', '15064313976'),
('06968567615', 'Ardelia Raines', '2002-03-03', '28025144289'),
('06679723084', 'Cleo Shade', '1995-10-17', '41479983597'),
('91663590813', 'Dominic Crump', '2005-03-19', '76786707829'),
('37386310802', 'Virgilio Welker', '2002-01-16', '14241680358'),
('82867803767', 'Odell Mcclelland', '2002-01-04', '25938298201'),
('59822218888', 'Riley Pyle', '1995-11-28', '03492524468'),
('08754259287', 'Reynaldo Moseley', '2002-01-06', '25669153097'),
('91657816823', 'Susanne Hatcher', '1995-11-11', '46531198173'),
('58306166485', 'Robyn Richard', '1990-03-05', '04519327061'),
('02853073478', 'Odis Connors', '2002-01-08', '47456881575'),
('55316069636', 'Rolando Tirado', '2005-01-26', '04519327061'),
('66569266492', 'Freddy Ryan', '1990-01-24', '82859256511'),
('02550297814', 'Corrine Markham', '1999-10-13', '05740172718'),
('11176070462', 'Wanetta Lombard', '1998-02-03', '57293574018'),
('69600013301', 'Hilton Wimberly', '1993-12-21', '14241680358'),
('45772949918', 'Graham Friedman', '2002-03-24', '89449575971'),
('38345599577', 'Violet Hanes', '2002-01-04', '46531198173'),
('89861079901', 'Malinda Salter', '2002-02-28', '62999705798'),
('38467168776', 'Jeffry Gagne', '2007-05-14', '57293574018'),
('93845549376', 'Rusty Weldon', '1991-04-10', '31595462217'),
('39650300709', 'Milton Herrick', '1995-04-19', '63639385945'),
('50961194251', 'Charlotte Hardman', '2000-03-05', '67223588489'),
('49216062506', 'Rory Renteria', '2005-10-04', '10346857061'),
('90958968371', 'Cameron Trudeau', '1998-08-14', '92804777721'),
('38187314901', 'Joel Bergeron', '1998-11-14', '62346958524'),
('54185427800', 'Ileen Mcclelland', '1995-08-14', '67631806704'),
('17991359300', 'Dalton Mcdowell', '2004-04-22', '42607374088'),
('00664586367', 'Criselda Croteau', '1997-10-10', '59727520345'),
('43873013988', 'Dick Mcqueen', '1993-04-17', '41479983597'),
('84840978753', 'Gabriella Wilmoth', '1998-09-24', '47456881575'),
('67297600511', 'Rene Gaskin', '1998-03-21', '46531198173'),
('48773722728', 'Ariel Crowley', '1990-01-26', '46531198173'),
('30869462843', 'Denny Ruff', '2002-01-03', '63639385945');

--
-- Inserting data into table user_account
--
INSERT INTO user_account(Email, Password, Last_Login, Passenger_Id) VALUES
('Madelaine.Laird63@example.com', '_kHIlA0I4O', '2019-04-14', '17991359300'),
('Amos_Montano@nowhere.com', 'I5Q0ZspC', '2018-02-12', '30869462843'),
('Stanfield@example.com', 'QP5YZ5F59', '2020-03-24', '84840978753'),
('Alderman131@example.com', '72s2df_t6GQgDt731wRq', '2020-02-28', '50961194251'),
('KingCruz62@example.com', 'e2RM1f3u', '2018-04-19', '59822218888'),
('Odom@example.com', 'mLx5Whnj9QlV0', '2018-01-06', '38467168776'),
('DamienGrisham8@example.com', 'VzE85eXu', NULL, '30869462843'),
('LuigiBabin@example.com', 'PONdR1ToK6', '2019-01-08', '58306166485'),
('Mcfarlane2@nowhere.com', 'YWx5cyFU', '2018-10-15', '54185427800'),
('Rucker3@example.com', '158eHyIqWdp6', '2018-09-27', '17991359300'),
('jkwkg2922@nowhere.com', '0KLA0iMZv6iU6L8A_gaC', '2018-01-25', '02550297814'),
('Karissa.Ellington@example.com', 'OfY01TEif0a2', '2020-04-10', '93845549376'),
('Thad.FAinsworth@example.com', 'HH9jh9dN', '2019-08-27', '82867803767'),
('dqtjwnhv_fyoeh@example.com', '3_s34ill_Qo__K', '2019-08-15', '06968567615'),
('Paula.Baxter821@example.com', '68WPoUQZnIwo3__19__2', '2018-03-16', '37386310802'),
('Malcolm123@example.com', 'koX6bVA6', '2018-10-25', '30869462843'),
('Herrington847@nowhere.com', 'Qib8C_M8n_D1', '2019-05-18', '82867803767'),
('Kuntz88@example.com', '745_2wHMUV', '2020-02-06', '02550297814'),
('LaraineKraft@nowhere.com', 'W5Iv5i9t', '2018-09-22', '66569266492'),
('DedeAngel@example.com', 'l207B1_G', '2019-09-03', '48773722728'),
('Akiko.Mata@example.com', 'G05BQ_gqH', '2019-03-03', '00664586367'),
('EulaliaAllen@example.com', '7SrVv0W_', '2020-04-16', '11176070462'),
('Mackenzie@nowhere.com', 'E7tm__0c', '2019-05-02', '06679723084'),
('Acosta387@example.com', 'X4_iwv0k', '2018-03-19', '37386310802'),
('Hiram.FAponte@example.com', '6uN0r4T_', '2019-05-16', '93845549376'),
('August418@nowhere.com', '_2p2PcR2', '2018-03-09', '91663590813'),
('HallieBland573@nowhere.com', 'd5eew5712jmvU8e1esq9', '2020-02-06', '50961194251'),
('Odelia_Acosta318@example.com', 'MJEX__tq4Rpe5W', '2018-05-02', '06968567615'),
('Sadler815@example.com', '6d86yC3p', '2019-12-24', '78705008901'),
('Cecil_Goldsmith@nowhere.com', 'xkZ46FaX', '2019-07-27', '37386310802'),
('Judi_Leach@example.com', 'MfH_R_1V_Z5wL_UEr9N', '2020-03-24', '38345599577'),
('lziws4@nowhere.com', 'TY5_nD1h', '2019-11-02', '58306166485'),
('Staples@example.com', 'J_E8o4WEx9J_FT', '2018-06-20', '59822218888'),
('Cronin@example.com', '3_heWLV5afPBB7JD', '2018-03-08', '11176070462'),
('Landon.Robbins@example.com', '672ZT4ZKTv', '2019-01-25', '38467168776'),
('Alise.Bailey@example.com', '_oL59468H', '2018-08-18', '45772949918'),
('Byers@example.com', 'Hp699oNm88fgLb_', '2019-06-10', '06968567615'),
('Caraballo@nowhere.com', 'g0Q16jy_0', '2018-08-31', '89861079901'),
('dqobjeyg_dkyulj@example.com', 'D8kT6QVGw', '2018-01-06', '59822218888'),
('Arianne.Lyle92@example.com', '04PNz7ZVRqo', '2020-04-02', '50961194251'),
('LacieO_Chen3@example.com', '8gH6_4E7SlY', '2019-01-31', '66569266492'),
('Nieves@example.com', 'H07G4Z4FqZ_4g', '2018-06-11', '06679723084'),
('Jacklyn_Moseley474@nowhere.com', '_bw7m_QUp9b', '2019-07-04', '37386310802'),
('Hunter@example.com', 'sG6ztcuJ', '2018-08-15', '08754259287'),
('AbramTownes@example.com', 'DK_j_rB0DMLpnu_n7Fg', '2019-07-16', '02550297814'),
('Mcafee679@example.com', 'VX74rl38', '2019-10-18', '38467168776'),
('EarnestStrauss885@example.com', 'v_QoXQgs', '2018-02-09', '91657816823'),
('BartonEasterling@nowhere.com', '7u1___pHC', '2018-02-26', '89861079901'),
('KentPotts@example.com', 'W2_56H5a', '2018-07-23', '38345599577');

--
-- Inserting data into table driver_drives
--
INSERT INTO driver_drives(Driver_Id, Vehicle_Id) VALUES
('23253919628', '12147149342'),
('70631175714', '71327935304'),
('55367323025', '34289199750'),
('26426040500', '84240156340'),
('81806294955', '53290221118'),
('83556351735', '57737505315'),
('70131853451', '99948402114'),
('56293324715', '30300464143'),
('33628734491', '99648501430'),
('87641223518', '39249370367'),
('14426350836', '93460423065'),
('54553709499', '87369315297'),
('11362612254', '98581975051'),
('47948142912', '00704234542'),
('13832952061', '61105377093'),
('89066801266', '91435192577'),
('82487027042', '98089735784'),
('28378620063', '81188596438'),
('80103740399', '89175263871'),
('11656423539', '96531758291'),
('85261984362', '95991684202'),
('22454941949', '55191161249'),
('53200453048', '59077428885'),
('96432517559', '33032053398'),
('49750819462', '20739660905'),
('82769731883', '13135194483'),
('06100301669', '05806883598'),
('51196946947', '64363519792'),
('95528948989', '37694952445'),
('36623345026', '43951094135'),
('02107431297', '89234380334'),
('05340711927', '70928863167'),
('72963540768', '46273954647'),
('68420516361', '13126714597'),
('70400980071', '91720838796'),
('03044039719', '94416191382'),
('50025356841', '16705306798'),
('91940317548', '16068836748'),
('39627856468', '87771321647'),
('53701266148', '41065006643'),
('56726669849', '34475932245'),
('02312280606', '96189871827'),
('68753563239', '02529738134'),
('15477254312', '41607843546'),
('10510745801', '37633297146'),
('41665026705', '89203500804'),
('97927553398', '48706175463'),
('73250965508', '68912951037'),
('15475639470', '00414120629'),
('04054490367', '72270862846');

--
-- Inserting data into table passenger_address
--
INSERT INTO passenger_address(Address_Id, Passenger_Id, Town, Neighborhood, Street, Number, X_Coordinate, Y_Coordinate) VALUES
('34512528536', '02853073478', 'Huntingdonshire', 'Broward County', 'NM', '90386', -82038, 20688),
('89595678477', '08754259287', 'Hampshire', 'Rebuck', 'MD', '69765', NULL, 55435),
('40734448719', '45772949918', 'Londonderry', 'Winter Garden', 'IL', '64509', -1, 60354),
('34723060434', '06679723084', 'Staffordshire', 'Zuni', 'LA', '64886', 4, -2085),
('11002177786', '54185427800', 'Armagh', 'Agar', 'IL', '16209', 54357, -93912),
('98552567729', '02550297814', 'Inverness-shire', 'Norwich', 'MD', '20263', -28079, -57388),
('94285298042', '91657816823', 'Worcestershire', 'Johnsonville', 'WA', '90151', 98060, NULL),
('89955184224', '55316069636', 'Dyfed', 'Rector', 'AR', '83165', -65266, 33149),
('36488497258', '58306166485', 'Merseyside', 'Browerville', 'MO', '12472', 23141, -4745),
('18914543428', '39650300709', 'Powys', 'Marietta', 'HI', '69595', -63110, 10097),
('34512528536', '55316069636', 'Cheshire', 'Norwood', 'KY', '14680', 91, 46617),
('94350422919', '38345599577', 'Stirlingshire', 'Red Bank', 'IL', '03050', 72432, 49),
('25371765973', '82867803767', 'Isle of Wight', 'Notasulga', 'AR', '12311', -95364, -514),
('89955184224', '66569266492', 'Warwickshire', 'Johnston', 'AL', '04304', 30597, -16441),
('11026174265', '89861079901', 'Ayrshire', 'Tarboro', 'MI', '30810', -52521, -89),
('52306731273', '66569266492', 'Middlesex', 'Winter Harbor', 'CO', '85871', 816, -90),
('52306731273', '02550297814', 'Renfrewshire', 'Agate', 'MO', '72561', -94, 11102),
('23967761724', '13307306345', 'Norfolk', 'Marina', 'KS', '56395', 395, 32960),
('89595678477', '59822218888', 'Suffolk', 'Dexter', 'NV', '79049', 741, -37),
('87853405828', '38467168776', 'Kent', 'Gassville', 'NY', '34675', -4628, -8513),
('27437161697', '17991359300', 'Ross', 'Johnston City', 'WV', '87067', -54015, -11422),
('34723060434', '06968567615', 'Cromartyshire', 'Brown City', 'AK', '02624', 6, -60),
('56623019366', '91657816823', 'West Lothian', 'Tarentum', 'AL', '20875', 69, 43385),
('98552567729', '11176070462', 'East Lothian', 'Red Bay', 'TX', '88323', 2950, 11555),
('58339973674', '91663590813', 'Clackmannanshire', 'Dexter City', 'ME', '02634', -2084, 45544),
('94285298042', '58306166485', 'Cumberland', 'Agawam', 'HI', '70937', -54, -33316),
('87647816084', '50961194251', 'Banffshire', 'Brown County', 'CO', '06919', 74291, -77971),
('88877267158', '00664586367', 'Essex', 'Gaston', 'VA', '25299', 0, 44590),
('70794398949', '49216062506', 'Northamptonshire', 'Notre Dame', 'MI', '07882', 808, -52678),
('76791905956', '93845549376', 'Midlothian', 'Marina Del Rey', 'KS', '56979', -6, -75715),
('56623019366', '08754259287', 'Surrey', 'Winter Haven', 'FL', '57628', -83961, 39846),
('63667276336', '37386310802', 'Cumbria', 'Diablo', 'IA', '16881', 82715, 80787),
('62824457628', '43873013988', 'Clwyd', 'Johnstown', 'VT', '86180', 8976, -71860),
('58339973674', '06679723084', 'Bedfordshire', 'Tariffville', 'MN', '20237', 0, -58058),
('39711697111', '90958968371', 'West Midlands', 'Agency', 'AK', '03572', -65715, -81360),
('86575447220', '84840978753', 'Fermanagh', 'Gastonia', 'NY', '24798', -94079, 7012),
('38762329650', '69600013301', 'Derbyshire', 'Winter Park', 'MI', '70145', -61049, 32177),
('36488497258', '02853073478', 'Roxburghshire', 'Diagonal', 'NC', '12947', -92067, -14509),
('61373976112', '78705008901', 'Kinross-shire', 'Gastonville', 'MA', '54351', 14154, 966),
('23485218567', '48773722728', 'Northumberland', 'Brownfield', 'RI', '97018', -99868, -74593),
('63667276336', '91663590813', 'Fife', 'Ages Brookside', 'MS', '02853', -97070, -81977),
('71295455802', '38187314901', 'Devon', 'Diamond', 'GA', '04674', 88857, 70687),
('45824863475', '67297600511', 'Rutland', 'Marine', 'RI', '84854', 66104, -4041),
('90208121804', '82867803767', 'Gloucestershire', 'Red Bluff', 'KS', '69617', -737, 18),
('86373753939', '30869462843', 'Cornwall', 'Tarkio', 'OH', '09856', 14, 72),
('90208121804', '37386310802', 'Sussex', 'Joiner', 'MD', '87008', 69044, 0),
('03666734054', '78705008901', 'Dorset', 'Gate City', 'NM', '85084', 44, 51167),
('03666734054', '13307306345', 'Westmorland', 'Diamond Bar', 'OH', '34758', -42652, -3728),
('25371765973', '59822218888', 'Berkshire', 'Nottawa', 'AZ', '65280', -47, 764),
('23967761724', '06968567615', 'County Durham', 'Marine City', 'RI', '27975', 38276, -98486);

--
-- Inserting data into table passenger_phone
--
INSERT INTO passenger_phone(Phone, Passenger_Id, Phone_Type) VALUES
('3469188891', '02853073478', 'Cell'),
('3840212296', '08754259287', 'Fax'),
('9808829018', '45772949918', 'Mobile'),
('5807048350', '06679723084', 'Fax'),
('9891090856', '54185427800', 'Cell'),
('3164823954', '02550297814', 'Fax'),
('0350560100', '91657816823', 'Work'),
('4956066835', '55316069636', 'Pager'),
('6152830834', '58306166485', 'Voicemail'),
('6465010267', '39650300709', 'Toll-Free'),
('3469188891', '55316069636', 'Work'),
('6102024057', '38345599577', 'Work'),
('2725283485', '82867803767', 'Home'),
('4956066835', '66569266492', 'Fax'),
('5269502691', '89861079901', 'Fax'),
('7476554527', '66569266492', 'Toll-Free'),
('7476554527', '02550297814', 'Home'),
('9146820494', '13307306345', 'Pager'),
('3840212296', '59822218888', 'Pager'),
('1851492470', '38467168776', 'Home'),
('5173934011', '17991359300', 'Home'),
('5807048350', '06968567615', 'Voicemail'),
('7878817835', '91657816823', 'Fax'),
('3164823954', '11176070462', 'Toll-Free'),
('6451558932', '91663590813', 'Home'),
('0350560100', '58306166485', 'Work'),
('8917421763', '50961194251', 'Fax'),
('7516942145', '00664586367', 'Pager'),
('7061675969', '49216062506', 'Mobile'),
('7581924342', '93845549376', 'Mobile'),
('7878817835', '08754259287', 'Preferred'),
('4485745975', '37386310802', 'Pager'),
('3253453700', '43873013988', 'Cell'),
('6451558932', '06679723084', 'Work'),
('9326328147', '90958968371', 'Voicemail'),
('7226224714', '84840978753', 'Fax'),
('1389746644', '69600013301', 'Mobile'),
('6152830834', '02853073478', 'Personal'),
('0975693689', '78705008901', 'Work'),
('9686426171', '48773722728', 'Personal'),
('4485745975', '91663590813', 'Personal'),
('0787651465', '38187314901', 'Work'),
('2937037396', '67297600511', 'Home'),
('3293325154', '82867803767', 'Preferred'),
('1223377322', '30869462843', 'Voicemail'),
('3293325154', '37386310802', 'Cell'),
('0131251514', '78705008901', 'Cell'),
('0131251514', '13307306345', 'Voicemail'),
('2725283485', '59822218888', 'Fax'),
('9146820494', '06968567615', 'Work');

--
-- Inserting data into table travel_review
--
INSERT INTO travel_review(Review_Id, Message, Travel_Rating, Review_Rating, Email) VALUES
('38521472952', 'Laborum blanditiis cumque voluptate sed velit possimus architecto, possimus velit blanditiis laboriosam dolorum nobis blanditiis. Cum in veniam necessitatibus eum recusandae deserunt ipsum dolores sapiente atque saepe dolorem libero nesciunt. Fugiat qui ut quos repellat, aperiam rerum porro quibusdam fuga vitae consequatur nisi iste et. Laborum minima sint in obcaecati provident vero odit praesentium distinctio minima consequatur laborum quia recusandae. Ut laudantium aspernatur necessitatibus aliquid aut distinctio iste enim amet nihil ex et est magnam; est modi in, reiciendis laborum repellendus et ut atque nobis aut in eos corporis sapiente. Tenetur ipsa quia eum et autem sed ullam totam optio et perspiciatis natus mollitia sint. Distinctio repellat ut inventore consequatur voluptatem debitis pariatur quia sed quia voluptas sed natus et; saepe asperiores facere iste dolores ipsa aliquam inventore unde officia enim esse, autem aut nobis; ducimus minus tempore voluptas et id obcaecati ut est ipsum alias accusantium dolorem officiis voluptatibus. Corrupti magni cupiditate facere quidem ullam aut blanditiis nam quis voluptatibus explicabo assumenda tempore saepe; autem quaerat, perspiciatis omnis incidunt a enim nobis consequatur alias veritatis amet molestias aperiam ullam; aut consequatur illo aut voluptas qui sed quasi velit, similique accusantium quia praesentium ut laborum.\r\nReiciendis aut nihil sint iste recusandae non voluptatibus, sit ratione hic eius exercitationem soluta et; possimus quos aliquam et, placeat inventore enim ea necessitatibus quia enim qui nobis unde aut? Omnis sed id itaque delectus incidunt rem, laborum animi neque molestiae autem commodi consequatur autem. Provident blanditiis quia consequatur debitis ullam iusto veniam cumque maiores harum quo provident quaerat optio; est nemo consequatur id earum enim cumque molestias et enim quia dolores voluptatum aut ut. Provident architecto sapiente deleniti sapiente inventore repudiandae, ut facilis perferendis est soluta et eaque consequatur. Nulla corporis, error consectetur cumque eos unde veniam qui rerum mollitia est nobis nam odio; qui amet rerum velit molestias sequi vel earum architecto magnam atque, ipsum quae totam animi. Laudantium aut reiciendis omnis aut eum voluptatum nesciunt reiciendis aut id et deleniti harum aut. Libero eligendi ab quo impedit et quia ea sed perferendis officia ipsum consequuntur tempora voluptatem.', '4', '1', 'Hunter@example.com'),
('38969897041', 'Quo debitis adipisci quia qui velit illo, et quo quia obcaecati error beatae provident voluptatem. Enim aut dolorem vitae eius ab voluptas, velit at id rerum ut nihil animi laudantium. Ut eum est voluptas asperiores ipsam ea eius in aut ut fugiat labore qui tenetur. Iste consequatur sed quidem ut, nostrum ex magnam aut quia earum asperiores tempore vero voluptas!\r\nQuos aut eaque id et quia qui nihil sequi quisquam cumque atque voluptatem in ipsa. Ut distinctio fugiat impedit, maiores quo cupiditate reiciendis voluptas deleniti non nemo ex distinctio reprehenderit. Neque dolorem eveniet, sunt cum distinctio molestias aut odit pariatur at veritatis enim beatae dolorum; voluptas dolore mollitia dolorem consectetur sunt labore in consequuntur quis voluptatem quia dolores sed nihil; amet iste in exercitationem est laudantium omnis beatae enim rem aliquid sit rem cupiditate nobis. Ea recusandae cumque sit consequatur ipsum est repellat qui labore aliquid molestias voluptatum pariatur est; quibusdam animi et velit enim deleniti molestias, placeat velit omnis quis et est non quo. Est cum quo iusto dolor, impedit inventore harum illum assumenda qui sunt nemo rem id. Reprehenderit pariatur maxime, recusandae sint quia provident qui et earum magnam molestiae et iste non! Velit veniam earum iste ullam dicta rerum quo ratione autem beatae quisquam vitae molestiae aut. Et facilis sint provident soluta sed praesentium sequi qui nihil odit molestiae sunt quasi fugiat! Sunt voluptatem dolorem et voluptatem dolor voluptatem omnis est enim accusamus vero veniam sed enim. Illo dolore consequatur a libero, error laboriosam qui accusantium fugit doloremque saepe autem est qui.\r\nCorrupti exercitationem vitae aspernatur ut quam obcaecati recusandae, incidunt soluta ex sapiente voluptatum est ut. Illum consequuntur ut rerum eligendi dolores sapiente sunt velit blanditiis iste delectus quia aut amet? Expedita et porro mollitia, aut dicta ut vel eius dolorem vero harum nesciunt labore provident. Est sunt soluta at provident ad a voluptates aperiam totam corrupti voluptatem exercitationem vero voluptas. Et totam at sed eaque in corrupti at enim error voluptatem magnam tempore tenetur et. Modi illo ea ab dolorem aperiam numquam et, quo aut obcaecati voluptatum consequatur id dolorum. Repellat numquam et aliquam, totam corporis in quisquam eum dolor quasi consequatur facere tenetur consectetur; qui vel iste est aut rem inventore ea optio id sapiente molestiae qui dolor sit. Quia libero quis cumque ut nobis maxime, dolores atque sint ut nihil eum maxime nesciunt! Quod sunt magnam, omnis iure praesentium quas possimus quis molestias aliquam eos est quod in? Hic itaque sint sit adipisci dolore rerum necessitatibus sit id distinctio suscipit dolores quam similique...', '4', '5', 'Herrington847@nowhere.com'),
('64237473023', NULL, '3', '3', 'Rucker3@example.com'),
('74952689477', 'Qui expedita illum rerum, eos quaerat voluptate quos vitae tenetur corporis recusandae voluptatem dicta soluta. Qui numquam est velit aliquid et molestiae eligendi voluptatum nisi debitis impedit quae quos provident. Molestias ut perspiciatis perferendis dolores tenetur rem nobis et eligendi enim ad sit optio aperiam. Voluptatem ad sit voluptas alias cumque tempore expedita, ratione harum modi sunt doloremque quia nemo! Iusto minima sunt, dolorem non itaque sint quo sunt quos ut natus rerum dolorem iste. Asperiores enim accusamus laborum, ipsa quam eum odio similique molestiae pariatur ducimus qui neque sit! Ea aut repellendus inventore dolor quos iste omnis aperiam assumenda in, fugit ea dolorem minima. Ipsa ex accusamus illum perferendis ad est sint voluptatem nobis impedit similique et beatae placeat! Sit eos quae illo laborum eum dignissimos ea non est ut est commodi et vel. Fugiat aut, architecto commodi est et earum quidem labore aut consequuntur veritatis voluptatem porro nihil. Omnis ipsa ut perferendis, nostrum sunt omnis id libero debitis eius necessitatibus quia excepturi sapiente? Non aut quisquam aut consequatur consequuntur nisi neque et voluptates animi quam repellendus eum deserunt.\r\nBeatae delectus, iste doloremque ducimus natus amet maiores ea necessitatibus labore molestiae nam sed quo. Alias quibusdam quis quas dolor aut repudiandae sunt, nihil fugiat repellat sunt nobis deleniti modi. Ut libero nulla et non aut ut aut sit quos et quibusdam quisquam fuga est. Neque voluptatem totam, unde qui enim in quisquam quia laboriosam laudantium amet laborum culpa corrupti! Inventore aut ratione rem cumque quia aut quibusdam ut voluptatem dolorem omnis nihil voluptatum dolores. Voluptatem et hic expedita sed quo quia tenetur dicta deleniti aut aliquam sed ratione in! Esse eos unde quia quasi possimus voluptatem aut non maxime voluptatem autem voluptas omnis velit. Ut tempore consectetur consequuntur, sunt officia id eveniet pariatur ut enim et eos vero dicta! Et qui accusantium distinctio dignissimos asperiores aut alias at molestias cumque vero eum non voluptates. Consequatur qui, doloribus aut ea voluptatem aliquam qui aliquam mollitia excepturi et perferendis harum rem. Quae harum est ratione, quas doloremque et quis veritatis id qui et iusto quam laboriosam! Quod et ex et id dolore exercitationem provident cupiditate ipsa quam rerum ipsum est sequi. Repellendus voluptas tenetur ducimus ex est maiores ducimus deserunt eum recusandae sed qui est ratione? Quod enim voluptas dolorum eum voluptates eum vel sed voluptatum reiciendis est ad, voluptates ea. Temporibus quod id distinctio accusamus autem expedita esse dolorum rerum sit corrupti maiores aliquid ab! Perspiciatis reprehenderit at odit molestias architecto id ducimus repudiandae sunt non esse voluptatem doloribus qui. Sed architecto quidem aperiam assumenda culpa, suscipit autem quia veniam perspiciatis quo eveniet perspiciatis hic. Fuga ut fugit in incidunt omnis sed odio a iste eaque expedita aliquid alias minus!', '2', '4', 'Hunter@example.com'),
('10727804640', 'Enim id qui asperiores, quam dolor dignissimos consequuntur repellendus placeat vel qui non blanditiis vitae. Obcaecati nihil et consectetur est vel aut minus ut quia neque sunt veniam quos ipsum! Sed commodi quae necessitatibus nesciunt enim voluptatem assumenda, ipsum aut omnis necessitatibus ipsam labore vel. Suscipit voluptas, quaerat eaque vel sequi dolorem earum eum nisi rerum nihil est dolore et! Ut ipsam error deleniti harum nostrum quasi necessitatibus fugiat praesentium ullam iure ut harum provident.\r\nQuod facere rerum voluptas nisi ipsam dolores non dolor eum quis quo sit quidem quia. Et culpa, possimus omnis facilis est dolores consequatur in rerum dolorem iusto et ab rem. Placeat ut sint eum sed qui modi rerum hic dolorum quasi nihil rerum veritatis blanditiis! Aut ut consequatur, harum ut commodi dolorem distinctio quod non libero ut et aut vel. Architecto culpa voluptas quo et impedit rerum et, est qui dignissimos facilis in sapiente inventore.', '5', '2', 'KingCruz62@example.com'),
('95533748095', 'Sit debitis repudiandae et delectus debitis quis voluptatem ipsum voluptatibus id sint impedit ut autem. Delectus sed quis voluptatum qui est ut quae aut et animi quas est beatae aut. Dolorem illo, quod optio qui porro aperiam beatae autem et inventore temporibus aspernatur autem aut. Laboriosam laborum cum ut sit sapiente culpa id maiores harum et dolorem debitis assumenda quasi; voluptatem omnis enim magni veniam voluptatem voluptas et modi aperiam doloribus aliquam tempore omnis obcaecati. Molestiae autem et ipsum, consequatur laborum vero sint qui quae doloribus velit eligendi quo aspernatur. Natus et officiis eveniet velit rerum a enim nam ex qui laborum aut tempore perferendis! Consequatur dolore fuga in autem ab dolorem in molestias architecto libero sint, deleniti mollitia tempora. Quia suscipit explicabo voluptates deserunt corrupti sit dignissimos esse sit qui repudiandae ut sed magnam? Et qui aut suscipit omnis similique amet consectetur quia quae nesciunt ut natus dolores et. Incidunt aut quam repellendus hic dolores architecto quia quis iusto repellendus minus vel nam minus. Excepturi sunt maiores rerum praesentium qui sunt ut qui quia voluptatem voluptatum quisquam voluptatibus possimus? Necessitatibus exercitationem necessitatibus accusantium qui inventore vel ad et, aut consequatur commodi ut libero nihil!\r\nDolorem perspiciatis praesentium, deleniti natus voluptatem eius aut quis et ab aut quae sunt similique. Nesciunt molestiae expedita dolor et accusantium aspernatur perferendis dolor fugit omnis voluptatem sint rerum iure! Inventore animi sequi nulla aliquid sed iure dolorem omnis tenetur repellat enim sint numquam est. Sint et quia eos, dolores qui voluptatem quam et nulla id culpa quos accusantium sit. Et assumenda numquam ut, aspernatur aut earum eveniet aspernatur deleniti repellendus et repudiandae dolorem aut! Sed recusandae qui dolorem maiores quo velit veniam iusto debitis dolor facilis et sed placeat? Autem consequatur saepe velit, labore voluptatem et minima soluta quasi magni voluptas dolor quod alias...\r\nDolore qui repellendus labore, provident in aut mollitia pariatur sed ut unde ipsum est tempora. Illo deserunt in omnis recusandae excepturi in laborum qui eveniet omnis qui consequuntur fugiat odit; quos quae eum voluptatem vero aut aspernatur omnis repellendus soluta veritatis fugit voluptatum dicta qui. Et animi dignissimos eos nisi, blanditiis sed esse voluptatem fugiat autem libero in explicabo porro! Ducimus quod omnis, debitis veniam voluptas aut cumque dolore commodi dolorem consequuntur fugiat quis doloremque; blanditiis assumenda incidunt ducimus quia reprehenderit doloribus doloremque eligendi reprehenderit repellendus nulla magnam aut totam. Ut ullam voluptate magni porro fugiat quos beatae, tenetur quo laudantium nostrum at vel provident. Autem odio, hic perspiciatis quo nemo quo qui rerum molestiae aperiam voluptatem et rerum officiis.', '3', NULL, 'Staples@example.com'),
('34911583079', 'Et quia omnis repellendus explicabo vel omnis voluptatem, obcaecati accusantium rerum voluptatem distinctio architecto magnam. Soluta ut error sequi possimus minus quod et dolores necessitatibus sed quam velit illum unde. Autem corrupti laudantium obcaecati repellat blanditiis perferendis ad et eaque possimus et in ea voluptatem...', '4', '2', 'Mcfarlane2@nowhere.com'),
('20924833393', 'Voluptates voluptas possimus et suscipit sequi quis neque illum harum quis eos reprehenderit obcaecati iste. Sit doloremque eos cum omnis consequatur dolore aut sint consectetur est ut nisi possimus et. Aut earum amet et vel porro sint provident sequi sapiente voluptatem itaque quas sunt voluptatem! Error eos libero repellat illo quasi qui vero nihil delectus consequuntur sequi et voluptates eveniet. Mollitia quasi aut nemo distinctio est non dicta quas quam dicta quia perspiciatis voluptas et.', '2', '2', 'Byers@example.com'),
('92416701934', 'Et quis, laudantium aliquam illum doloribus velit accusantium aut aperiam incidunt ullam beatae ut illum. Quia optio veritatis repudiandae, et ab minus id velit laboriosam totam ipsa iusto et harum? Quod optio omnis fuga totam ut ipsam nihil voluptatibus dolor a ut eos ex placeat. Non ipsa rerum commodi est quas, qui dolor qui magni repellat neque corrupti pariatur soluta. Quam optio qui deleniti dolor autem aliquid ab aut amet sed ipsa non provident consectetur! Veniam omnis non nemo qui voluptatem laudantium eligendi ut alias voluptas quia sit nostrum corrupti. Non voluptatem ullam et nobis, eligendi recusandae qui tempore atque aut hic et eligendi quia? Qui minus, ut architecto aut consequatur iste rerum harum omnis possimus ratione placeat quo qui. Id suscipit, enim eos deserunt dolorem qui explicabo nesciunt velit dolor iure est aut cumque; velit quos nihil, laudantium porro et rerum accusamus id suscipit eum ad aut voluptas sit. Qui et minima aut hic officiis possimus reprehenderit aut quos perferendis voluptatem error aut aspernatur! Porro excepturi enim aliquam molestiae officia nam rerum ea cum expedita itaque animi itaque praesentium. Voluptas aliquid expedita non obcaecati ut qui ex saepe, numquam qui dicta libero cum dolorem? Illum dicta, nulla ratione animi autem et magnam repellendus eligendi dignissimos non facilis et voluptates. Harum id harum corporis, quo sunt recusandae quo alias commodi aut tempora qui error placeat. Sit eius vero vel eum blanditiis quos magnam saepe deleniti ut porro iste magni et.\r\nQuod impedit quam natus sequi eum sit et tempore ea amet, adipisci quo id expedita. Voluptatibus non neque esse dolorem, in voluptate consectetur natus velit ab ipsam doloribus ipsa aut. Illum quis enim provident repellat soluta, maiores et rerum ex sequi consequatur maxime voluptas qui! Voluptatibus delectus, qui eligendi dolores in placeat officia nihil odit molestiae placeat et iure qui. Et error repudiandae modi ut earum, quia ad esse magni voluptate temporibus perferendis enim rerum! Nemo veritatis excepturi omnis non enim aut minus qui non et expedita autem quo ipsa. Soluta quis et corporis, quidem distinctio excepturi illo et quo accusamus consequatur nisi est ut! Qui rerum omnis, vero exercitationem assumenda tempore enim consequatur suscipit adipisci ipsam quas voluptate assumenda. Et qui, sint vero id consequuntur aut corporis sunt voluptatem aut nisi adipisci placeat nostrum! Rerum praesentium perspiciatis voluptatibus qui aliquam tenetur praesentium, doloremque inventore non laboriosam maiores dolorum natus? Doloribus harum sed, dicta nihil distinctio ipsum vitae ipsa illo facilis magni voluptatem at magnam. Sint qui odit nihil ipsam ut quia pariatur aut molestiae vero et excepturi expedita omnis? Ratione sed debitis sequi velit voluptatibus quasi ea a, rerum dignissimos et similique accusantium dolorum; id assumenda iure quis atque et, dolorem repellat ut quisquam ea labore aut corporis facere; esse odit tempore quo maxime quam quae hic odit qui officia et assumenda aliquid asperiores. Excepturi dolorum pariatur animi enim voluptatem ea beatae itaque aliquam illo dolore necessitatibus labore enim. Veniam ducimus aut quisquam in, animi autem veritatis dolores dolor velit numquam animi cumque sunt...\r\nAliquam ut aliquid voluptatem obcaecati sed corporis voluptatem odio, esse perspiciatis natus consequatur iusto excepturi. Eum provident error sequi iusto unde similique maiores error quas ea qui harum veritatis pariatur.', '1', '5', 'DedeAngel@example.com'),
('40859939272', 'Ab et veniam itaque dolores quia voluptate, in quod officiis voluptas alias obcaecati id consequuntur. Laboriosam eius ex laudantium dolorem veniam ut ab assumenda tenetur est quo perferendis voluptas sed. Culpa sequi id voluptatem magnam, consequatur quaerat rerum recusandae eum rem voluptatibus reprehenderit eaque enim. Repellendus quaerat, cum pariatur commodi tenetur facere accusantium animi maiores libero velit accusamus voluptas dolore. Aperiam eum aspernatur nobis, omnis magnam ea iste corporis illo mollitia perspiciatis et voluptas saepe. Ex rerum at, omnis quis maiores quam voluptates ipsum qui temporibus fuga quia ullam vero. Veniam provident illo minus corrupti expedita distinctio sint alias, saepe aliquid sed architecto nisi voluptas.', '3', '5', 'August418@nowhere.com'),
('08367765035', 'Sint quibusdam nemo tempore qui quisquam laudantium quia repudiandae aut labore sit quia est voluptas; laborum et voluptatibus vel sapiente officia non commodi nemo magni rerum illo ratione dolores consequatur. Quae numquam nobis deserunt nulla saepe ut repudiandae deserunt consectetur voluptates ut consectetur et dolorem. Velit voluptas laboriosam hic aut eos quibusdam quaerat nostrum voluptatem explicabo odit et deleniti temporibus. In officiis molestiae, qui non atque numquam nisi ut ipsa debitis voluptas fuga a reiciendis! Saepe sequi sunt veritatis et aliquam voluptas temporibus neque tempore reiciendis dolorum rem praesentium enim; ex cumque numquam facilis eligendi minima id omnis velit amet quo et iure porro libero. Voluptates earum at nihil temporibus quia omnis quas commodi quibusdam aliquam quidem quaerat fugiat nam. Et qui quibusdam cupiditate sunt officiis voluptate non voluptate eaque culpa incidunt quod nulla est! Est voluptatem at excepturi qui non velit beatae minima voluptas enim beatae explicabo optio impedit.\r\nEt accusamus et impedit eaque ipsa qui nisi ab corporis modi obcaecati quaerat et esse; vero sapiente aut deleniti nihil vitae, aliquam ut rerum dolorem est repellendus harum qui animi. Voluptate explicabo, iusto voluptates omnis libero sed quia qui enim rerum quia explicabo quis quidem.', '4', '5', 'lziws4@nowhere.com'),
('69180844802', 'Atque possimus natus dolorum rerum voluptatem sed debitis eos perferendis corporis cupiditate sunt amet enim. Numquam voluptates qui sunt nisi id et quisquam, debitis non repellendus repudiandae hic voluptatem est. Quasi minus, aliquid ut a fuga exercitationem mollitia consequuntur omnis sit voluptatibus ut nihil dolorum? Ut dolor fugiat unde et eligendi corporis optio dolorem vel qui possimus eius obcaecati earum. Sit doloremque fugiat quasi magni ea repudiandae eaque et, voluptatem inventore veritatis dolore iste nemo. Enim officiis et sequi vitae inventore obcaecati libero in necessitatibus placeat quia sit eos omnis. Commodi aut rerum veniam natus nemo sit repudiandae voluptatem autem incidunt a nam quis corporis! Sed quaerat cumque dolores officiis omnis ut quaerat praesentium possimus ipsum deleniti praesentium quibusdam consectetur. Obcaecati consectetur atque molestiae architecto libero sunt labore sint quia labore quod non pariatur autem; omnis dolorem odit totam natus dolore, magnam in asperiores accusantium voluptates cumque soluta dicta minus; quas enim aut et deserunt est quia nihil facere, voluptatem est ut qui consequatur non. Dolor velit voluptas incidunt, aliquid sapiente voluptates quia dolores qui sed illum facere error dolores. Aut sed, reiciendis laborum et eaque voluptatem vel magni quo voluptates harum labore autem in. At quod saepe sunt molestiae et quibusdam reprehenderit aut, repellat id magni et aliquid tenetur. Rerum sunt laboriosam repudiandae quia est autem eius voluptas id soluta iusto numquam ex vel. Dolores eos in deleniti facere ipsa qui dolor quisquam vel officiis dolore eum explicabo et. Fugit repellat voluptatem deleniti et id qui ducimus saepe cumque est magnam placeat quas ut. Voluptatem consequatur sapiente blanditiis ipsa aliquam maiores, odio voluptates doloremque hic quisquam vel modi provident. Ab iste ut quo omnis praesentium non minus adipisci eos dolores deleniti maxime assumenda sed!', '4', '5', 'KentPotts@example.com'),
('15540453272', 'Architecto explicabo, numquam quo qui ipsam veritatis molestiae quisquam praesentium velit distinctio dicta quia veniam. Qui numquam, consequatur a quae ut quia consequuntur quia corrupti quis perspiciatis ut commodi minus. Quo laboriosam enim illum quibusdam aut labore voluptatem delectus doloremque facilis non adipisci quia fuga. Laborum rerum explicabo consequuntur aut quaerat nostrum sit ut voluptas odio neque est doloremque a. Et laboriosam, ut in perspiciatis animi molestias nemo et iure repudiandae consequatur incidunt id eveniet? Molestiae est ut at laudantium nihil quisquam aut mollitia optio sunt et repellat nihil vero! Ut dicta error est debitis esse deleniti officiis eum rerum quis molestiae ratione eveniet voluptatem. Error et, quaerat ipsum minus qui ad et qui commodi et animi corporis aut saepe. Sed fugiat doloremque impedit corporis mollitia non temporibus aut doloremque velit eveniet minus maxime dolorum. Tenetur et necessitatibus soluta dignissimos, voluptate at adipisci perferendis rem magnam pariatur praesentium qui assumenda. Omnis id ea qui iste sint earum non ut natus et numquam beatae eveniet doloribus.', '2', '1', 'dqtjwnhv_fyoeh@example.com'),
('46976597812', 'Autem modi quas, iusto nemo laborum cupiditate aperiam ea iusto vero esse quas dolor sit. Deserunt eum quam veniam fugit aspernatur id veniam nemo vel et ea non fuga et? Est quia quibusdam quos dolorem accusamus eos possimus ut dolorum molestias maiores animi culpa incidunt; necessitatibus eveniet a, in quis dolores sed dolor earum sint accusamus officiis obcaecati veritatis quod. Molestias fugit reiciendis dignissimos molestiae, laboriosam esse minus nisi et laudantium voluptas iste asperiores rerum! Qui ex dolorem non quas dolores nihil dolor doloribus eveniet necessitatibus accusantium dignissimos dolor fuga. Qui nisi ut alias quia possimus et molestiae accusamus omnis illum accusantium dolores et itaque? Sunt impedit, laborum voluptatem nostrum et culpa dolores quo quos tempore temporibus enim nostrum quis. Illum est debitis ut et quidem omnis aperiam fugit non id aliquid id ut quo. Non sed beatae, sequi quaerat doloribus tempora ut tempore quidem est explicabo dolorum dolorem iusto. Totam voluptas quia vel rerum velit dolores voluptas officiis maxime expedita similique est ratione nesciunt! Officiis in esse iusto et dolore tempora soluta quae nostrum eum odit architecto et dolorem; atque dolore placeat temporibus ex eos dolore eum laborum similique, consequatur ipsum vero dolorem eveniet.', '4', '1', 'Sadler815@example.com'),
('14191560423', 'Explicabo expedita eum praesentium aut voluptatem qui fugiat sed ipsam accusamus vel rem omnis officiis. Earum ipsam nobis et ut et ratione repellat saepe qui voluptatibus et sit eum minima. Exercitationem aut ut quisquam accusantium deserunt odit sit obcaecati ad atque sit qui ipsa aut. Et dolorem ex enim assumenda non quisquam praesentium perferendis consequatur at magni explicabo in magni. Velit harum eligendi minima ut consequatur corrupti esse et nobis cupiditate voluptatibus et dolorem dicta. Voluptas officiis quidem explicabo dignissimos accusamus ab deserunt totam consequuntur culpa ipsa dolorem rerum aliquid. Obcaecati aspernatur dignissimos omnis eveniet, saepe excepturi molestias est perferendis commodi quasi saepe omnis quaerat? Et odit et modi nisi accusantium et necessitatibus non omnis ut vel molestiae, laboriosam eos. Sint saepe eaque maiores eum facilis doloribus id debitis voluptatibus expedita necessitatibus dolorem earum repellendus. Magnam vitae ea molestiae magni omnis qui placeat est illum quo voluptatem in quasi rerum. Aut ad aut maiores temporibus repellendus laudantium sunt perspiciatis nobis eum omnis veritatis optio rem! Fugiat eum ipsa deleniti fugit adipisci quisquam qui atque neque vero cupiditate fugit ab ut. Sapiente molestiae vel minima exercitationem illum et, eveniet laboriosam unde recusandae non odit quasi corrupti.\r\nTenetur illum amet sint eos eum autem id aspernatur aut voluptas quos quia ut aut. Voluptatem suscipit id dolorem possimus esse ut voluptatem excepturi dolor aut quia praesentium in impedit; repellat corporis quisquam delectus repellendus sit, placeat rerum sint doloremque veritatis id corporis maxime facere. Placeat sed et quo quos voluptatem ipsam dolorem illo iure commodi voluptatem ut in sunt. Consectetur consequatur inventore incidunt magnam atque esse temporibus aut quis ut aut hic error et! Ducimus est accusantium dolor ut perspiciatis, sit delectus nisi et possimus reiciendis aperiam obcaecati repellendus. Necessitatibus quia quae dignissimos sed quia, ut qui voluptatem illo porro obcaecati amet perspiciatis rerum. Id repellendus itaque enim, maiores vel sint et culpa saepe velit fuga numquam odit cum? Impedit possimus voluptas excepturi omnis ducimus distinctio tempore in veniam est rem itaque vel esse! Soluta dolores beatae cumque, iste non velit non et aliquam et velit ut voluptatum et. Facere et ea vero, illo sit distinctio velit repellat aut provident autem voluptas est ut. Doloremque quos architecto, ratione dicta consectetur odio sed ad soluta consequatur repellendus officiis qui magni? Soluta culpa, cumque dolores repellat provident nostrum quidem laborum explicabo aperiam adipisci sed sapiente in.', '3', '2', 'Akiko.Mata@example.com'),
('12984521848', 'Eos culpa eveniet qui id et numquam, error hic et odit totam libero consequatur dignissimos. Nihil ratione eius sed, alias modi quia doloribus voluptatem explicabo ut ab fugiat ut vel.\r\nQuia sint quis vel consectetur, ad aspernatur consequatur atque sit asperiores et id quis enim. Rerum at, sunt et voluptas quas inventore ducimus et doloribus sapiente quae quia blanditiis laboriosam. Nulla et autem itaque delectus perferendis unde qui aut labore aliquid dolor vero ab quasi.', '4', '2', 'Paula.Baxter821@example.com'),
('41583189227', 'Aut error voluptas ut iure modi dolores saepe repellendus molestiae accusamus id voluptatum aspernatur beatae. Eius fuga distinctio magnam molestiae et non voluptas consequuntur est qui blanditiis autem at animi! Assumenda aut totam debitis saepe architecto in qui quia magni cupiditate qui omnis pariatur ipsam. Id dolorem fugit consequuntur eos corrupti labore nisi exercitationem, voluptatem nemo quia illo consequatur corrupti!', '3', '5', 'LuigiBabin@example.com'),
('12297180938', 'Aut dicta tempore fugit culpa quia qui placeat esse animi similique pariatur et ut sit. Non fuga, perspiciatis ut in ullam et fuga eum et vero tempora error necessitatibus nisi. Saepe officia expedita quo assumenda minus, ea voluptatem commodi debitis iusto eveniet fuga unde et. Nostrum adipisci minus sed, sunt optio enim dolor ut suscipit voluptas doloremque qui quibusdam ea; porro dolores numquam, dolores mollitia est sit consequuntur corporis optio deserunt ea numquam reprehenderit cumque. Laudantium deserunt id iste tenetur deleniti quaerat natus et fugiat dolore autem sint consequatur consequuntur? Eum id non impedit sint commodi illum deleniti est eaque ad consequatur officiis excepturi maxime. Provident repellendus voluptatum est aut dolor enim minima sit perspiciatis, reprehenderit voluptatem qui quia tempora.', '4', '3', 'LaraineKraft@nowhere.com'),
('58101956989', 'Qui vero ut maxime excepturi id aspernatur officia qui doloribus et necessitatibus omnis enim et. Dignissimos dolores quia, et voluptatem quibusdam sunt veritatis nostrum ut numquam cum praesentium explicabo ut. Quia in iure nihil veritatis culpa sequi dolores quod beatae porro pariatur modi dolor quidem. Optio id quae possimus nobis delectus dolorem atque maxime ad sapiente dolor sit est qui! Dignissimos est sunt autem fugiat eum non eos quis tempore voluptates voluptatum eaque vel quos. Nostrum id dolorem et aliquid et a dolores modi adipisci a in veniam tempore qui! Doloribus ad aut consectetur fugit odit quia quaerat sequi et ut distinctio rerum quis alias. Assumenda quod iure aspernatur iste quia est voluptatem ratione culpa corrupti quo laboriosam aut inventore. Et earum quasi ab aperiam enim, praesentium eum molestiae maiores nihil voluptatibus itaque quidem nobis? Fugit tenetur totam maiores pariatur harum dignissimos dolor reprehenderit itaque autem id optio doloremque quis. Facilis sit veritatis et repellendus doloremque in impedit tempore obcaecati labore quis dolorem nisi voluptatem. Eligendi necessitatibus doloremque eos qui rerum nulla officia et consectetur distinctio optio sit itaque beatae. Doloribus et, eum voluptatem et quis qui minus ab ipsum quis qui et rerum quos! Qui ipsum quod sit aliquam atque et rerum minus non unde corrupti harum ratione cum. Autem doloremque vel provident quo adipisci facilis iste, omnis similique cupiditate iure assumenda autem nisi? Ea vitae fugiat consequuntur eos laboriosam accusantium est blanditiis voluptatem non et rerum aut quo.', '5', '4', 'EarnestStrauss885@example.com'),
('56617230376', 'Sit atque quisquam voluptas tempore veritatis sunt quis dolorum, et magni rem sint ut provident.\r\nExercitationem soluta corrupti sit sapiente adipisci quibusdam provident qui ut quod quam veritatis inventore quae. Nesciunt consequatur tempora esse dolorem esse inventore ad quam impedit repellendus voluptas pariatur omnis ut. Eos ex, illum dolorum omnis recusandae dolorem quaerat totam et porro doloremque facere vitae quas; aspernatur omnis repellat necessitatibus non fugiat et vel dolorem unde voluptas maiores eum temporibus et. Est ea id et officia suscipit maiores odit commodi ea nemo quis alias distinctio sequi. Placeat sint nihil dolore sunt nulla deleniti ratione voluptatem et laborum quis ducimus autem et? Reprehenderit aspernatur dolores sunt, est saepe et minus eaque pariatur eius quas molestiae voluptas voluptatem! Praesentium ducimus et consequatur facere blanditiis et, numquam rem velit et modi adipisci cum excepturi. Maxime voluptatem assumenda obcaecati ab voluptate soluta facere accusantium fugit ut eveniet neque et consectetur. Libero non natus eos voluptatem ullam voluptate sed iusto sunt et soluta ullam voluptas reiciendis. Tempora dolores fugiat debitis neque minima beatae optio ea at distinctio commodi temporibus deleniti dolor. Ut et sequi et velit cumque nostrum sint et voluptas natus rem id quis corporis. Aliquid quae tempora blanditiis nihil et rerum, ut sunt adipisci possimus velit beatae provident autem. Dolor dolorum accusamus illo rerum libero odit ad quibusdam voluptatem consequuntur eligendi autem possimus dolorem.', '1', '3', 'Staples@example.com'),
('27916493267', 'Temporibus eaque dolorum est saepe, nesciunt quam et voluptatem voluptas dolore voluptas fugiat qui aut...\r\nNon aliquam ipsum aperiam vitae eligendi beatae totam est consectetur necessitatibus, voluptatem tenetur dolorem voluptatibus. Qui quia, voluptas consequatur dolorem voluptates minus necessitatibus quae ipsam nostrum quo quia omnis ad. Sit quis sed dolorem dolores tenetur, ut corporis quia soluta eum aliquid maiores voluptas a. Blanditiis sed aspernatur, sint eligendi non doloribus debitis qui atque rerum non dicta est aut. Nisi aliquam rerum quidem obcaecati, aut laudantium et cumque consequatur fugit placeat quia ducimus explicabo; repellendus non delectus nesciunt aspernatur maxime ad esse laboriosam odit architecto sed architecto numquam accusamus. Reiciendis velit non impedit aliquam molestias qui laborum et ducimus, ut qui aliquam molestiae nulla! Fuga sapiente et mollitia fuga sunt magni excepturi et animi officiis quod illo nulla perspiciatis. Magni quos in quis voluptatem dolorem ab odio nemo, inventore asperiores maxime omnis non explicabo. Illo ab temporibus consequatur accusamus repellat quas in expedita itaque consequuntur qui corrupti quisquam magnam. Corrupti eos dicta, animi aut vel omnis et saepe sed nihil est dicta commodi quia. Sit aut molestias vel asperiores dolor a ut commodi praesentium illum aut consequatur et facere.', '3', '4', 'lziws4@nowhere.com'),
('04631943998', 'Maiores numquam distinctio, accusamus excepturi eos ut et qui aut labore numquam dolore libero doloremque. Non consequatur laboriosam reprehenderit et, omnis at sit quod tempore est sit laborum esse quos. Ullam alias enim dignissimos voluptas natus reiciendis minima, cum et sint eius quia in voluptas. Rem quidem ducimus, culpa velit esse qui velit sit sed aut dolor commodi ut sunt. Minus molestias ea dolorum nihil tempora enim sit ipsa aliquam, corporis enim est velit distinctio? Ipsa et officia dolorem commodi iste debitis aliquid tenetur adipisci cumque dolor temporibus necessitatibus distinctio. Odit saepe, aliquid soluta minima consequuntur voluptatem ducimus itaque voluptatem nihil natus voluptas praesentium suscipit. Vero sunt eaque voluptates ut adipisci nihil et qui incidunt omnis dolorem aliquam officia molestiae! Et earum quidem magnam accusamus molestiae veniam et architecto officia non explicabo eos necessitatibus dignissimos. Eligendi culpa velit accusamus necessitatibus rerum iure dicta saepe explicabo eaque et ducimus tempora perferendis. Voluptate corrupti perferendis est, qui obcaecati quibusdam ea dicta vitae quia tenetur ipsa voluptate et! Labore totam impedit voluptates vel dolores est id voluptas et magnam earum velit consequatur vel. Nesciunt vitae quisquam sit, natus repellat nihil consequatur nemo vero architecto corrupti quos omnis commodi! Ex qui laudantium illum amet nam at consequatur quibusdam sunt expedita alias beatae dolorem molestias. Perspiciatis placeat fuga aut eum omnis dolor mollitia aut doloribus cum voluptatem ea eaque natus.\r\nOfficia rem ea maiores voluptatum tempore blanditiis dignissimos sit enim amet sit autem aut consequatur. Ex quas nemo et ipsam porro est et soluta eos minus voluptatem ex praesentium harum! Corrupti odio, dolor qui rem explicabo et sed et asperiores voluptas qui nemo optio sequi; vel natus sit at repellendus neque ullam omnis voluptatem id consequatur est blanditiis quaerat eveniet. Vitae eos aut et ut neque officiis eos dolorem veritatis magni ea omnis earum consequatur. Placeat voluptas, est placeat velit sint aut ut sint at enim eum sed et autem! Porro facilis eveniet omnis voluptas mollitia incidunt consequatur quia in facere cumque illum impedit animi. Corporis neque expedita labore tempore ad fuga id et ut ex omnis non quo qui. Est dolores quo ea est, alias laudantium voluptatum autem nobis nihil voluptatem culpa ut cupiditate; qui nostrum, minima fugiat magnam et aut nostrum ipsam dolorem quae mollitia omnis molestiae repudiandae. Assumenda labore qui sunt, repudiandae dolores hic est velit qui tenetur illo sit adipisci dolor! Eos ab quo officia voluptas temporibus voluptas eum optio nam asperiores ipsum voluptates non possimus. Earum doloribus ducimus amet quas libero alias eum et hic tempora asperiores non est culpa. Qui tempore repellendus accusamus et, debitis tenetur eum corporis deleniti ipsam minus libero enim temporibus? Dolores ad aut sint quo, alias ad odio praesentium voluptatem eaque qui nihil quia velit. Quam rerum, eaque et quis aut sequi voluptates consequatur possimus laudantium aut voluptates ut quia. Similique et, sed et quos eveniet omnis reprehenderit ipsa modi consectetur odit laboriosam non quo. Dolorem veritatis ut iusto ad modi ipsum blanditiis iusto eum commodi ipsum laborum sequi quod. Quis praesentium quam aut ea magni et itaque quasi recusandae provident dolor vel voluptatem officia! Id quos, inventore maiores placeat optio magnam doloremque nisi ea eos aliquid inventore consequatur ut.\r\nHic animi doloremque quasi dolor sint sunt est optio qui, tempore ea impedit quidem mollitia. Quo nam quidem repellendus aspernatur ipsum aut in et architecto quis cum dolorum itaque nihil. Sit ut error expedita animi necessitatibus doloremque, voluptatibus temporibus culpa beatae et voluptates odio iusto! Dolor et voluptatem ullam enim et nulla sequi velit nam ad odio officia molestiae nihil.', '2', '4', 'Herrington847@nowhere.com'),
('24859313377', 'Eveniet harum molestiae expedita voluptate officia magni, rerum dolorem quia tempore distinctio aliquid earum ipsum. Harum fugiat, quisquam quam eos nemo explicabo vero ex dolor minus officiis optio enim qui. Eveniet eum est harum dolores velit sed expedita autem soluta voluptas exercitationem mollitia fuga modi. Maiores libero dolorem quaerat amet sunt et sit quod eius itaque similique at aliquid odit; nostrum et sed mollitia soluta laboriosam aut quia et ullam maiores, non suscipit harum qui. Illo inventore dolore ad enim iure beatae magnam qui dignissimos debitis deserunt quae adipisci corrupti; recusandae quasi, voluptas iure minus cupiditate iste voluptatem reiciendis voluptas tempore est eligendi qui molestiae. Mollitia sit adipisci distinctio similique assumenda numquam tempora voluptatem et est quidem velit distinctio culpa! Minima iste incidunt aliquam, molestiae et quos qui maxime tempora nobis deleniti nemo earum aut. Ullam autem quia corrupti amet, unde eaque consequatur neque qui consequatur dolorem veniam voluptatem facilis. Sit quisquam facere quo tempore voluptatibus sed deleniti eos officiis delectus nemo maiores hic fuga. Dicta iste nesciunt deleniti assumenda, magni architecto similique praesentium et doloribus ut sunt laboriosam architecto. Quibusdam ut commodi et vero aut sunt et quia non id perferendis accusamus neque dolorum; dolorem officia fuga quo, sapiente aut magnam aut tempore aut odio quos odit autem velit? Et omnis tempora repellendus et sit incidunt ab ea numquam, qui quaerat libero praesentium repellendus. Ut ab qui est et sapiente ut assumenda voluptas molestiae qui illo distinctio omnis nesciunt.\r\nEarum perspiciatis magni officia, voluptatem ducimus inventore explicabo fuga placeat voluptate corrupti voluptatem aut qui. Est ut exercitationem tempora tempore praesentium autem sequi saepe blanditiis nostrum enim voluptatum iure in. Earum obcaecati rem voluptatem eveniet, facilis iste officia sapiente rerum laboriosam nam in illum corrupti! Ea voluptatem earum doloribus quo, exercitationem omnis eligendi provident rerum est aperiam ratione quo quis. Aliquid ducimus harum obcaecati sapiente, quia aspernatur vel consequatur dolores enim numquam voluptas voluptatem beatae.', '5', '3', 'Madelaine.Laird63@example.com'),
('08469934224', 'Rerum non rem nostrum ut dolores pariatur consequuntur animi sint eligendi quis delectus veniam animi. Nesciunt sunt, minima optio et aliquid sapiente temporibus itaque esse et autem qui sit quod. Aliquam quo quia officia id quaerat est illo amet ad aut, voluptatem maiores nostrum eligendi. Ad impedit consectetur, facilis tempora enim consectetur quos ut est quidem totam architecto labore eaque! Aut corporis atque facere illum explicabo adipisci dolorem quis, velit eaque laudantium dicta voluptate tempore. Vel dicta est vitae itaque voluptates sint provident cum vel ad praesentium dolores esse et. Porro velit dolore repudiandae asperiores impedit harum veritatis accusantium sed dolorum repudiandae et sunt quo? Fuga ea quis et est deleniti est molestias, et dolorem nulla est minima vero sunt; repellendus aut sint sapiente autem facilis est aperiam non enim impedit qui aut iusto repellat. Voluptas consequuntur, sint velit exercitationem aliquid at ut porro nemo dolorum ducimus nam praesentium ea!\r\nCorporis ut molestiae, aut nam et voluptatem dolor expedita voluptatem delectus pariatur sed est suscipit. Nulla qui quo repellendus quos distinctio voluptatem, sint aut cupiditate et perferendis qui illo quaerat. Error praesentium placeat maiores sed excepturi commodi ut ad provident dignissimos qui iste et fugiat. Sint quia ad voluptas expedita non dolorum ipsam doloribus voluptates libero dolorum quia officiis at? Velit tenetur non debitis nesciunt consequatur alias autem consectetur deleniti illum esse hic libero voluptatem. Nihil laudantium non sapiente, temporibus non est laborum qui voluptatem impedit sit quasi dolores iure; nesciunt ex corporis velit, ratione laborum totam odit et maiores perferendis nisi molestiae pariatur recusandae. Nulla natus rerum adipisci modi in rem facere voluptate quis soluta tempora consequatur ipsa a! Ea tenetur aut repudiandae non odit est odio aut est neque nisi qui corrupti sed. Ipsam dolores nihil voluptatem illo voluptatem aliquid quia nobis et labore debitis neque sint accusantium. Eaque consequatur eius et quas aut quidem et labore consequatur autem consequatur et impedit nihil. Hic est quas est exercitationem molestias esse officia odit quibusdam recusandae fuga cumque aliquam quia.\r\nAt modi repellat vel accusamus magnam nihil dolore nihil earum ducimus repellendus debitis et quibusdam. Voluptatibus numquam perspiciatis corporis in omnis error illo enim, dolor fugit unde autem aliquid iure. Quas laborum est ut, temporibus ea nostrum et minima dolor omnis itaque odit voluptatem architecto. Eius porro quibusdam voluptates qui omnis numquam est temporibus repudiandae praesentium officiis ut cupiditate et! Cupiditate enim facilis, quasi et nihil asperiores porro eum quia et laboriosam modi explicabo quibusdam. Repellendus ut quaerat dolorem iste ex repellat odio maxime sit quam voluptatem nam quisquam est. Et sed quasi explicabo nemo dolorem quos debitis vel perferendis pariatur velit libero accusantium vero! Earum eius fuga eos earum et, harum iste obcaecati voluptatibus aliquam vero voluptatum repellat sit. Temporibus et, consequatur unde sit at tempora vel et perspiciatis nostrum ut nemo quaerat molestiae. Deleniti qui reiciendis odit exercitationem sapiente nihil aut, voluptate libero eos quaerat consequuntur nulla commodi...', '4', '4', 'DamienGrisham8@example.com'),
('19014609263', 'Delectus dolores aut reprehenderit quod officia dignissimos deleniti ex et est accusamus natus repellendus ad. Quia velit laudantium fugit ex dolorem voluptatibus nostrum obcaecati est et omnis et at temporibus! Non eum, et eligendi dignissimos facilis et eos quibusdam ut dolores voluptatem reiciendis quas quidem? Non perspiciatis accusamus odio veniam sint quae fugit a perspiciatis qui incidunt perspiciatis recusandae delectus. Aut eaque quam laboriosam et ut quae voluptatem ut illo sed atque nobis tenetur dolore. Dignissimos deleniti quia ab voluptatem magni culpa quos sint harum accusamus et repellendus voluptatibus dolorem. Nobis sunt delectus id ut assumenda quos, quae dolorem adipisci omnis nostrum corporis asperiores nemo; est placeat in et dicta id dolores in quia quod sed soluta autem modi non? Debitis facere provident error eligendi impedit sit illo error recusandae natus commodi quidem reiciendis possimus. Ducimus omnis quos magni molestiae ratione ut iusto voluptas quae facere necessitatibus omnis quia et.\r\nAb perferendis aut id, et saepe necessitatibus est cumque id eos neque soluta tempore placeat. Ut et dolorem qui dolor harum minima voluptatem unde est quaerat debitis magni eveniet assumenda. Similique aspernatur et quaerat minus eius deserunt voluptas explicabo, fuga ut nemo est maiores libero! Qui suscipit vel corporis iste, in itaque magnam maxime consectetur qui facilis quis commodi soluta. Aut qui veritatis, eum facilis laudantium aut magni nihil voluptatem libero ipsam tempora saepe veniam.\r\nVelit dolor ex dolor ratione impedit voluptates nemo praesentium voluptatibus amet blanditiis doloribus voluptatem explicabo. Odit ut rerum delectus laborum alias voluptas velit aspernatur sunt aperiam enim consectetur dolor rem! Non dolorem cumque magni et incidunt quia inventore harum non quo rerum excepturi quasi veniam. Dolorum quia sed placeat, deserunt dolor asperiores ut ipsam ratione odio consequatur totam similique velit. Ab ea accusamus ea corporis velit, et sunt et quaerat qui fuga nesciunt nulla ut. Consequatur ut temporibus delectus eum ab incidunt assumenda consequatur omnis quas veritatis et non similique. Possimus reiciendis est consequatur corporis reiciendis ea omnis vitae nesciunt dolorem nostrum autem optio exercitationem! Earum ut quidem tenetur ut eligendi ipsa eum consequatur ratione incidunt natus voluptatem doloremque quas? Rerum eum quia, enim reprehenderit hic nisi debitis eaque velit qui eaque qui aut nihil. Quis voluptate aut voluptatem quas aut repudiandae eligendi quasi doloribus sint aut in nam dolores! Labore fugit dolor repellat consectetur sed blanditiis voluptates ut alias recusandae voluptatem eaque tempore et. Corporis aut neque porro adipisci ratione corrupti voluptatem sapiente illum et vel distinctio voluptatibus perspiciatis. Tempora eos modi et ea numquam labore dolores perspiciatis consequatur cupiditate sit earum aut consequatur! Neque ratione et veritatis et non quis rerum rem ab qui corrupti quia delectus nemo. Reprehenderit odit, quia earum blanditiis molestiae provident sit porro reiciendis incidunt omnis et neque veritatis...', '1', '4', 'Hunter@example.com'),
('36248390103', 'Debitis accusantium consectetur ipsam unde et quis facere obcaecati eum eos molestiae voluptatem nulla corrupti. Asperiores velit, nihil et soluta fugiat eum et minima in enim at minus omnis sed! Fuga laudantium magni amet optio quia perspiciatis quibusdam aspernatur voluptatem aut quos vero quia ipsa. Nobis voluptas cumque optio consequatur, non id quasi est ullam modi maiores rerum voluptates debitis; harum repudiandae dolor eius ut adipisci, facere placeat quae natus qui saepe aliquid numquam illum.\r\nNostrum ut qui dolorum deserunt sequi, dolor totam dolor mollitia nulla quidem nihil amet vero. Sint tempora non modi adipisci dolore doloribus fugiat voluptatum architecto delectus sunt et autem voluptas. Optio voluptatem sed aut quibusdam animi odio iste quo perferendis exercitationem et assumenda porro amet? Distinctio in vero iusto quis modi animi id in sit incidunt hic et dolorem ut. Fugiat dolores, id cumque sunt exercitationem velit dolorem voluptatem non omnis est eveniet fuga et. Aperiam provident enim, nulla qui voluptatem provident quia inventore aperiam soluta quis quia possimus distinctio! Doloremque aut omnis aut velit earum reiciendis voluptatem consequatur ut aspernatur sint doloremque repudiandae iusto; architecto aspernatur, animi nihil qui ut explicabo consequuntur eum quos consectetur animi delectus aut cupiditate. Tempore sit in quae porro consequatur accusantium, qui autem porro quidem praesentium recusandae laboriosam deleniti. Voluptatem inventore eum ullam impedit labore tenetur repellat asperiores voluptatem nemo omnis dolorum voluptate quam! Eos quia et quia nisi in quos velit, voluptatem velit iure dignissimos itaque rerum harum. Vel in voluptatem libero dolorem autem, quaerat aspernatur velit odio sapiente qui aut rerum et; est hic molestiae est iste molestiae assumenda corporis fugiat ut debitis laudantium et incidunt porro. Laborum ut debitis consequuntur, ut molestias dolorum expedita nihil accusantium fuga ipsa ad illo beatae! Soluta aliquam, nihil fuga asperiores eius neque harum in perspiciatis perferendis assumenda dolores dolorum qui. Ipsa eius doloremque ipsam ut enim deserunt libero modi sed aut quo porro sunt illo; et soluta deleniti et dolores laborum delectus ut recusandae voluptatem esse iste voluptas harum sunt? Autem et nesciunt consectetur ut sint sit non qui ea illo sapiente enim velit itaque. Fugit qui provident, velit voluptas dolore deserunt aut corrupti obcaecati sed nihil nam repellat iusto. Tempore quos pariatur et porro animi eum sed delectus molestias voluptas eaque ad, voluptate tempora...', '1', '1', 'Nieves@example.com'),
('75103617923', 'Iure laboriosam dolores, est eveniet eligendi facere enim aliquid quo similique repudiandae quibusdam voluptatum neque. Corporis quas optio officiis quasi omnis tempora ducimus laudantium harum facilis suscipit sequi at blanditiis. Vel in cum sapiente et labore eos accusantium autem dolorem sint ea odit exercitationem nostrum; est eos et minus distinctio aspernatur dolor aperiam et est magni amet eaque non numquam. Blanditiis ut quia itaque rerum odio voluptatum nihil eveniet aperiam sit modi iusto perspiciatis et. Molestias sit rerum officiis unde quod adipisci obcaecati maxime ducimus ut id minima rerum obcaecati; possimus iste repellat reiciendis facere consequatur quia unde quibusdam veritatis et nihil dignissimos cum ut. Omnis dolor ea expedita odio dignissimos perspiciatis incidunt ab doloribus qui aut eos dolores et. Voluptatem omnis quia distinctio possimus totam qui quibusdam aut harum quos quibusdam ipsum assumenda sed. Aut exercitationem debitis molestiae deserunt doloribus error repudiandae, nam dolores accusamus nulla cumque mollitia nesciunt. Necessitatibus laboriosam aut vel velit repellendus sed est voluptatem qui ut aut qui quasi delectus; eaque illo eaque qui voluptas quibusdam facere qui sunt qui quia qui ut in fugit. Rerum obcaecati ratione assumenda est qui dolorem corrupti, quo dolores ipsam nemo qui rem accusamus.\r\nVoluptatem magni voluptates soluta ratione dolor harum asperiores et beatae illo tempore quidem aut dolores. Asperiores inventore dolorem velit provident aspernatur harum quaerat fugiat et voluptas doloremque dolorum rerum voluptatem. Aut rerum hic voluptas doloribus, nisi quo autem possimus nam a saepe adipisci eaque voluptate; facilis error, consequatur quidem accusamus dolores delectus similique sed nobis fugit explicabo sed qui aliquam. Deleniti suscipit nihil velit nihil eos molestiae et perferendis praesentium aut autem aut eveniet eligendi; est distinctio vero recusandae alias est voluptatem et sequi eligendi dolor dolorum distinctio voluptate odio? Necessitatibus iure rem sit consectetur sed quo perspiciatis odio cupiditate minus nesciunt labore aut quis. Assumenda quas nulla velit quas rerum eum non ducimus qui mollitia perspiciatis consectetur dicta cupiditate. Perspiciatis magnam asperiores et commodi distinctio omnis molestiae eum laudantium amet aliquam sint et repellendus. Sunt sapiente dolorem distinctio ut blanditiis repellat voluptas, natus voluptatem officiis veritatis quae tenetur commodi. Odio sed fugit officia omnis suscipit est hic et blanditiis odit, molestiae voluptatem iusto quasi. Sit cum et sapiente est ipsa porro et ipsa esse eligendi totam omnis unde molestias? Qui dignissimos sunt facilis rerum et voluptatem, quae non et nulla illo officiis reprehenderit quia! Ipsum in et culpa, odit ut est nulla excepturi nobis qui non quia dolor praesentium.', '2', '3', 'Mcafee679@example.com'),
('87285398375', 'Aut expedita enim, atque blanditiis at voluptatem vel in est qui eligendi nam ea quas. Natus repellat quam minus est nam sit nostrum itaque a temporibus et quasi expedita excepturi? Aut impedit repudiandae commodi quia qui atque rerum earum nihil laudantium rerum libero illo nam. Repellat aut amet molestiae dolores esse aliquam ratione quas ut in libero enim temporibus voluptas. Dolorem omnis rerum cumque et aut dolorem, debitis vitae soluta accusamus distinctio soluta possimus aut? Voluptatum voluptatem et quibusdam tenetur qui maxime hic sint qui sunt quos sint non et. Corporis cupiditate cumque fugiat explicabo facilis consequatur eos et perferendis et dicta ea aut a? Voluptatibus mollitia eaque recusandae sapiente officia sit natus tempora eius dignissimos velit voluptatem explicabo quibusdam. Iure accusamus molestias voluptas ea fugiat adipisci et ea sequi qui assumenda fugiat voluptatem harum. Deserunt error consequuntur eum voluptatibus nam consequatur est quis debitis amet aliquam aut nobis in. Ea vero pariatur, placeat molestias et in temporibus voluptatem facere aut officiis omnis assumenda quam. Esse sed necessitatibus provident, commodi rem ab ad ea quia cum sint eius tenetur et.', '2', '3', 'Alise.Bailey@example.com'),
('97521074463', 'Repellendus qui quis et ab ut odio quam et nisi error aperiam totam blanditiis necessitatibus. Sapiente et eveniet sunt doloremque aut ipsa molestias non commodi excepturi voluptatum delectus pariatur omnis; esse numquam quaerat dolor quod asperiores error vel eum quo dolorem aut ea qui deleniti; perferendis in autem labore id eius non voluptate aut tenetur et voluptas necessitatibus ratione non. Corrupti placeat, aut molestiae aut et obcaecati vel repellendus qui neque maiores sit dolores necessitatibus! Omnis odit cupiditate, maiores voluptatem perspiciatis veritatis et non similique sit voluptatem omnis quaerat doloribus. Dolor accusamus obcaecati, magni esse sunt est unde et quidem velit enim est excepturi autem. Eligendi architecto est repudiandae cumque odit voluptatem et placeat labore aliquid sunt doloremque excepturi rerum.\r\nVoluptate iusto iure quaerat, asperiores consequuntur repellendus perspiciatis numquam nesciunt nam commodi sint iste omnis. Sunt facere repellendus mollitia temporibus debitis, ex qui consequatur aspernatur necessitatibus earum et quia nihil. Atque aliquam qui corrupti tempore, id maiores fuga voluptatem qui inventore id veritatis itaque ut. Magnam cum excepturi in dolorem voluptatum et alias qui enim eius libero porro enim nulla! Cum aut autem iure nihil quod in optio numquam corrupti itaque perspiciatis optio ipsam autem. Eum aut labore quibusdam consectetur quis maiores illum reprehenderit quia dolorum nihil eaque soluta et. Exercitationem autem ea reiciendis iusto placeat officiis nam libero ex eveniet ut fugit quos ducimus. Repellendus quasi enim consequatur eum sit dolore quo sit et qui saepe sapiente facilis doloremque. Molestiae ducimus natus quam quis voluptate dicta et omnis inventore sed consectetur dolores nemo sed. Obcaecati recusandae rerum nemo, ut consectetur non aut quod et temporibus omnis eum dicta repellat. Autem tempore laborum tempora voluptatibus omnis est quas et a vitae rerum reiciendis placeat eum. Molestias nobis quia, et dolor consectetur cum magnam dolor minima repellendus consequatur nemo et exercitationem? Dolorem et sint maxime repudiandae corrupti fugiat magnam nulla voluptas dolor voluptates commodi amet mollitia. Exercitationem voluptatem in sit et dolor, nihil aut placeat dolores incidunt odio aliquam veritatis quidem. Et at et, non iure quibusdam et sed reiciendis saepe accusamus error quasi dolorem nisi. Quasi recusandae ea et dolorem officiis voluptatum modi culpa rerum itaque consectetur, aut saepe quo. Qui voluptatem labore tenetur in iste officiis illo nostrum quae itaque id cumque laborum temporibus. Molestias sit fugit porro officiis exercitationem minus, praesentium ad vel veritatis laborum laboriosam odio doloribus! Reprehenderit non quia facere sapiente nobis aspernatur similique vel sit asperiores velit veniam vero inventore.', '3', '4', 'AbramTownes@example.com'),
('08500124397', 'Quidem dicta ratione quod qui temporibus exercitationem, quis mollitia maxime nemo animi officia dolores incidunt. Dolorum aperiam quo enim eveniet omnis sint quas et ea quia omnis quia voluptatem quis. Qui aut quas ea repellendus reiciendis deleniti autem recusandae perspiciatis odio est consequuntur ea est! Quia harum voluptatibus omnis unde debitis laboriosam facilis consectetur, dolore sed repudiandae qui quisquam assumenda? Voluptates et, laborum consectetur impedit voluptatem mollitia ad sed fugiat a dolores quia accusantium nostrum. Quasi natus voluptatem aut incidunt ab voluptatibus sit inventore eum expedita velit non saepe et. Itaque consequuntur deserunt, consequatur expedita commodi reprehenderit voluptatibus dolore qui quia ipsam et facere et. Autem libero alias dicta culpa voluptates cupiditate inventore, sunt consequuntur quasi sit perspiciatis obcaecati dolore. Vitae qui molestiae magni quas, sapiente inventore nesciunt voluptatem non iusto ex cumque quo pariatur. Rem veniam perferendis unde minima quidem rem rerum sunt architecto consequatur expedita aut aperiam commodi! Est dolorem esse sed id molestiae sint et quod dolores itaque temporibus et omnis aut. Enim qui voluptatem cupiditate qui natus sed dolore ut cum veniam ut est suscipit est. Velit qui cum rerum quasi molestiae totam officiis rerum recusandae numquam neque ut eum omnis! Provident molestiae doloribus nulla molestiae et recusandae, esse expedita dolores quis dignissimos autem dolorem fuga. Inventore cumque qui vitae doloribus quasi saepe quia voluptatem adipisci aperiam nobis dolore quo beatae. Minus velit cupiditate, a omnis velit blanditiis error culpa a quas quia consequatur laboriosam est. Possimus ea alias corporis sed molestias mollitia qui rem est ea consequatur sit qui ullam. Error nihil, omnis nobis officia vel ipsa qui incidunt tempore omnis quos nostrum eum eius.', '2', '2', 'BartonEasterling@nowhere.com'),
('05798300675', 'Odio incidunt nihil incidunt itaque similique molestiae ad molestiae explicabo corporis iusto nam sint voluptas. Similique accusamus molestiae voluptate unde illum unde, repellendus vel doloremque voluptates amet quo qui est? Quia ex dolor eum omnis nobis fugiat similique quasi et sint omnis aut totam autem. Earum numquam consequatur voluptas enim voluptatem nihil eius voluptates eum repellendus in ullam suscipit cum; et voluptas perspiciatis ut omnis adipisci perspiciatis aut ipsum vel ipsum ut sint asperiores totam. Pariatur vel, nulla sit eaque illum voluptatem explicabo dolor animi doloribus nam sit aut id. Quaerat sed architecto, ex modi ut aut vero non quo minus id in aut et! Blanditiis in eos nobis quidem unde ad debitis pariatur aliquam illo voluptatem non deserunt expedita; consequatur ex nesciunt sequi itaque soluta magnam numquam praesentium impedit nobis, ex ut totam iure.\r\nIn delectus deserunt et rem maiores autem voluptate non qui sit tempora qui praesentium dolor. Esse et accusantium nihil, ut repellendus delectus saepe perspiciatis ut molestias minus repudiandae dolorum nulla. Repudiandae dolor debitis rerum, molestiae officia quia dolore et tempore et voluptates ipsam illum voluptatem. Voluptatibus porro omnis et qui at temporibus exercitationem ea odio totam officiis laborum corporis provident. Voluptatem ut in eos consequatur consequuntur impedit ducimus molestiae deserunt ut optio ratione ut maxime. Molestias voluptatem aliquid eius, eaque beatae explicabo quam debitis nostrum voluptatibus facilis cumque quia repudiandae! Dignissimos accusantium aut dolor culpa nobis, sit in natus et laudantium voluptas sint minima vel. Qui et excepturi eius accusantium sed repellat itaque consequatur sit ex suscipit blanditiis veritatis ut! Esse non vel optio corporis ex est recusandae a debitis est nihil repellat magni facilis. Et quis voluptatum quod incidunt culpa vel voluptatem omnis nobis eaque quam eligendi est nisi.', '2', '1', 'Hunter@example.com'),
('51742824028', 'Dolores reiciendis aut vel architecto repellat ab in tempora molestiae numquam officia magnam qui quam. Doloribus quis voluptatibus itaque cum rem repudiandae rerum adipisci dolore nisi nesciunt molestiae quia alias. Rerum at cupiditate sequi numquam suscipit quo nihil minus ut tenetur fugit dolor quas nihil. Autem ullam, et aut sint temporibus libero eligendi dolor inventore qui voluptas laborum veritatis quasi. Eaque quo, quos quia alias quia perspiciatis rerum quasi omnis expedita cupiditate quisquam voluptatem distinctio. Quia natus perspiciatis ducimus eos enim consectetur, sit eaque veritatis itaque ducimus ad id alias; sapiente et voluptatem officiis autem, consequatur et voluptas dicta totam ea pariatur maiores obcaecati eius.\r\nId omnis officia ut suscipit voluptatem ea aliquam autem voluptates accusantium magni, incidunt qui alias. Dolor assumenda corrupti est, expedita aut laboriosam architecto odio est accusantium sit temporibus consequatur architecto. Nihil laborum nisi expedita nihil voluptates aut vel non qui veritatis dignissimos in iure odio; quod et sapiente et non doloribus eos maxime sed aliquam sed rerum consectetur omnis velit. Laboriosam sit eum sunt maxime et possimus eius modi odio beatae non eum sit rem! Dignissimos quis fuga, rerum dolores blanditiis et dignissimos officia libero similique ab incidunt laudantium ex. Est itaque minus, harum sint quia aut doloremque minus est voluptatem quia ipsa earum distinctio; dolorem rerum quisquam, consequatur aspernatur ducimus mollitia molestiae possimus est et molestiae unde quam magnam; doloribus numquam iste sint in blanditiis, atque eos hic voluptatem qui nobis harum eos facere; ipsum impedit voluptas asperiores enim quas, impedit molestiae delectus iste sint facilis enim architecto est. Dolore porro odit molestiae nihil, repellendus facere et accusantium molestiae mollitia rerum neque ut voluptas? Dignissimos dolorem eligendi quam laboriosam autem quibusdam doloribus eaque quidem dolorem sed sit velit voluptatem. Qui omnis aut temporibus molestiae amet maiores non molestiae dicta ipsum sed molestiae nesciunt blanditiis. Cumque libero harum totam minus, enim blanditiis est voluptates voluptate at et harum dolorem magnam.\r\nAb est temporibus ut perferendis, illum laborum omnis et commodi aut omnis dolorum impedit in; nemo commodi delectus unde mollitia distinctio commodi nesciunt consequatur dolorem sint ut fuga fugiat odit. Nobis assumenda molestiae ut necessitatibus dicta necessitatibus dignissimos, ipsa id beatae suscipit ut esse culpa. A voluptas impedit, ut et asperiores reiciendis qui natus provident amet fugiat vel at ut! Sint maiores ut vel fuga nobis tenetur omnis aliquid id alias natus architecto a nesciunt. Ea quisquam est in veniam eos aut officiis dolore adipisci quas, nobis iste ipsa perferendis! Doloribus fugit dolorum, et enim quae nam sed voluptas ea vero eum ipsa aut porro. Nihil rerum voluptatem facilis nostrum est molestias exercitationem laudantium quidem ratione maxime nihil quidem qui. Excepturi autem sunt id doloremque aut, sed omnis dolores facere sapiente ipsam cum quia delectus. Unde qui aut eius corporis vero vel suscipit quidem numquam voluptas ut dignissimos laboriosam nostrum? Voluptas repellendus mollitia nihil omnis at dolores sit beatae ea et sunt reiciendis aut maiores. Dolor aliquam asperiores et nesciunt, placeat animi enim voluptatem quis atque non sit enim dicta. Ratione itaque sit sunt soluta quaerat fugit ducimus, nobis dolorem tempore aspernatur quasi ducimus culpa? Et ipsa adipisci rerum aut amet commodi tempore, qui hic nihil autem nihil nemo aut. Odio aut aliquid rerum ducimus ea eos, nostrum iste voluptatem quo dolorum sit ipsum rerum. Eligendi quos odit, quisquam dolor ex sapiente accusamus nemo expedita dignissimos a eum et voluptatem.', '3', '4', 'Herrington847@nowhere.com'),
('12623087834', 'Numquam ut ipsum, facere in hic cupiditate pariatur mollitia ut libero amet repellat consequatur eius. Consequatur numquam et qui officia ab eaque eum rerum sunt aut sequi aut quo dolorem. Aut quis temporibus odit quia quaerat, odit voluptatem aliquid ad tempore deserunt animi dignissimos ex! Aut enim ut hic tempora velit ut rerum suscipit ipsum quas et voluptas saepe excepturi. Nemo reprehenderit ullam adipisci soluta hic quaerat fugiat ipsum assumenda molestiae incidunt autem tenetur amet. Quia dolorum voluptates repellat et blanditiis corrupti enim nulla voluptatibus magnam eos reprehenderit, sunt repellendus. Incidunt ut dicta qui similique earum blanditiis sit consectetur reprehenderit ex corrupti maxime accusantium cumque! Ad enim cum aliquam nulla modi aut dolor omnis qui ducimus velit omnis nostrum voluptatem. Corrupti porro magni ad autem ratione repellat sit odit eos et cum provident aspernatur sequi; eius dolorem mollitia sequi maxime doloremque amet aut possimus reprehenderit ut facere velit quae consectetur. Velit iusto perspiciatis labore quo voluptatem soluta ipsa minima cumque magnam nulla eos voluptatem ad. Quae culpa obcaecati ratione maxime quia earum exercitationem sit cumque doloribus velit rerum voluptate velit...', '2', '1', 'Herrington847@nowhere.com'),
('04014472285', 'Accusantium sed dolorum, animi nostrum illo sapiente molestiae corporis eligendi sint culpa labore laudantium quae. Et doloribus numquam quidem, minima repudiandae doloribus repudiandae vel animi aliquam necessitatibus animi voluptate officia. Sit incidunt, quia labore consequatur aut eos facere voluptatibus ut mollitia nihil aut dolores et.\r\nPerferendis dicta quam, doloremque facilis iure tempore aut debitis aliquid aliquam eveniet quas suscipit quibusdam. Dolore iusto accusamus odio hic architecto quo cumque qui ad non sapiente tempore quaerat cumque! Temporibus totam, consectetur adipisci nam quod est beatae qui eaque quo aut molestias nobis accusamus. Qui atque et iusto nulla, velit sit explicabo aperiam qui rerum saepe et quod veritatis? Assumenda nobis omnis reprehenderit quaerat accusamus sed aliquam aut eaque aut culpa id vel voluptas. Aperiam aut natus non sit corporis, tempora quia ut recusandae non explicabo tempore qui ducimus! Distinctio accusamus modi, quis sapiente quibusdam magni rerum voluptatem ad et deleniti reiciendis alias corporis. Earum et in deleniti quis, officiis fuga velit numquam eaque omnis qui molestiae modi deserunt. Inventore debitis magni quia aut dolor mollitia enim animi sit quis accusamus unde asperiores in? Doloremque expedita rerum sed quod doloribus eum deserunt aut non aut enim totam laborum et. Temporibus tempore fugiat consectetur vero soluta culpa quae eum facilis quaerat tempore sed ipsa magni? Quia tenetur corrupti quis tempora necessitatibus fuga at ut odio possimus repellat excepturi molestiae in. Aspernatur sint et dolor at consequatur porro earum modi quia aut itaque deleniti nesciunt animi!', '2', '1', 'lziws4@nowhere.com'),
('50388717060', 'Distinctio reiciendis qui, dolores vero quas nam quaerat voluptatem officiis exercitationem accusantium debitis cupiditate fugit. Expedita inventore quo aut accusantium nihil, tempora suscipit consequatur sit rerum assumenda incidunt quisquam accusamus. Quia dolorem aut quidem nesciunt pariatur eos omnis dolor neque tempora dolor a voluptates eum; similique et dignissimos doloremque ipsam et sit optio suscipit vitae ut doloremque dolore a illo. Sapiente omnis dolorum voluptates officia maiores, enim accusamus nostrum quia similique aliquam et tenetur expedita. Delectus repellendus a temporibus ea officiis minus nulla sed nesciunt qui voluptas delectus obcaecati velit.\r\nQuidem rerum aliquid eum voluptatum error provident quibusdam nobis rem consequatur asperiores ad quia accusantium. Officiis ab soluta facere qui perferendis rerum nemo et id in natus consequatur mollitia nostrum. Qui omnis et pariatur suscipit facere labore doloribus officia placeat ullam at earum quae ea. Optio dolores iusto dolores sequi expedita vero exercitationem saepe quia doloribus assumenda ut ex doloremque? Et natus vel sed omnis magni excepturi facilis, ex repudiandae fugit dolorem commodi iste modi. Quo ducimus magnam sed et ex magnam blanditiis quia aut autem alias quos non vitae! Et error eligendi vitae accusamus maxime vitae tenetur fugiat saepe esse ut eveniet nam omnis. Expedita dicta sunt vero quod fugit doloremque quos iusto impedit libero omnis sint sit laboriosam. Cumque modi ut omnis eos aperiam corporis repudiandae ea architecto temporibus non et ut et? Asperiores soluta aut soluta officiis facilis at asperiores omnis corporis nemo ut non ab et! Distinctio saepe atque rerum corrupti voluptatum voluptas voluptates expedita sapiente est amet illo minus eum? Nisi quia placeat iste reprehenderit dolorum necessitatibus natus voluptas fuga dolor perspiciatis omnis natus vero; quisquam reprehenderit nam qui consequatur fugit rerum aut ipsam cumque libero tenetur et similique corrupti. Sit qui eius, facilis et quae ut repudiandae eveniet repudiandae recusandae est sequi minima dignissimos. Voluptatum consequatur beatae veritatis fugit tempora recusandae beatae eius voluptatum veritatis obcaecati eum consectetur ut; id tenetur ipsum iste omnis ut non omnis maiores dolorem quibusdam accusamus at corrupti doloremque. Doloribus facilis minima asperiores quas quo quia similique soluta blanditiis voluptas optio est qui rem. Nihil perferendis accusantium quis sed provident ducimus amet unde a voluptatibus vel repellendus qui et. Adipisci maxime omnis optio quisquam, beatae ipsa voluptatum hic ratione error obcaecati pariatur est qui.', '2', '5', 'Alderman131@example.com'),
('26460741876', 'Dolore libero modi consequatur ipsum et molestias voluptatum nihil optio molestiae aliquam ut consectetur impedit. Vel aliquid dolor optio odio quia ut ab et ut tempore aut beatae animi veritatis? Illum quas sequi dolorem, quia eum aut ullam similique aut modi et debitis ducimus eos. Accusantium nihil dolores enim ex rerum itaque rerum consequatur quis et est quos veniam minus. Laborum adipisci et ab vel laudantium eius atque in aspernatur et totam modi dignissimos ipsam. Qui est, vitae voluptas non praesentium incidunt rerum voluptatem eligendi dignissimos doloremque possimus pariatur voluptas. Consectetur velit, qui expedita incidunt optio ut quo dolor voluptas sunt omnis reiciendis quasi doloribus; odit optio perferendis quo non error ad odio id adipisci rerum ad quo qui nobis. Velit totam a voluptate ad quisquam omnis sed sunt numquam sapiente possimus nihil libero ducimus. Adipisci voluptas voluptatem veritatis dolor esse tenetur ipsa velit quis sed vel et numquam aut. Deleniti enim nemo quae et, quia aut magni tenetur obcaecati incidunt quae dolorem neque tenetur. Non et ut laboriosam voluptates voluptas unde maxime at repellat illo neque error aspernatur nesciunt. Eaque cum qui dolorem et sequi aut eveniet pariatur facere quidem commodi beatae eaque rerum! Ut soluta ea soluta ut consectetur sunt facere provident quia repudiandae maiores et esse inventore. Aspernatur eos quidem nesciunt a laboriosam doloremque fugiat corporis unde et nisi quis hic aspernatur; ratione molestiae ullam consequatur et, voluptatibus rem non sint ut obcaecati veniam libero non libero.', '5', '1', 'Mackenzie@nowhere.com'),
('26230837221', 'Vero et doloribus cumque harum, et omnis vel nemo consequuntur dolores vitae adipisci nemo omnis. Sed autem officia et nihil rerum ab repellat earum libero at unde et eius explicabo. Mollitia fugit non eos dolore, distinctio eaque quo odit necessitatibus praesentium qui dolore quia doloremque. Assumenda rem quidem, delectus fugiat consequatur quia et ipsa fugit sint nihil deserunt mollitia et? Quis repellat consequatur, eum optio officiis delectus vero et doloremque ab quia et autem vitae. Sed atque molestiae repellendus voluptatem commodi dolor minima ea eaque, corrupti voluptatem ad et odio! Quibusdam asperiores voluptatem odio aut libero inventore, voluptas unde aut eum ea voluptatem et sunt. Impedit omnis error expedita illum iste doloribus, enim rem minus exercitationem voluptas iure nam repellat.\r\nTotam hic doloremque culpa eos sit nesciunt, aut pariatur tempora consectetur harum quia et eaque.', '3', '3', 'BartonEasterling@nowhere.com'),
('56532149847', 'Quae autem omnis temporibus enim earum quibusdam, sit nobis eos vero sit quo qui est. Temporibus qui hic magni incidunt non eligendi voluptatem vel quos cupiditate commodi voluptatum dolorem officia. Dolorum praesentium soluta omnis quidem at rerum et ea et dolore amet qui mollitia debitis. Iure officia, quibusdam vitae quod eum exercitationem atque consequatur ut numquam laboriosam velit sint odio. Perspiciatis delectus sit saepe velit, porro voluptas reiciendis odio id rem neque id molestias autem! Aliquid voluptatem tenetur at sit voluptate cupiditate modi debitis veniam voluptates voluptas provident voluptates est. Enim voluptatibus amet quaerat magnam quia reprehenderit ea maxime numquam quisquam aut quod modi facilis. Obcaecati consequatur libero voluptate eum qui aut dolorem aut sit voluptas recusandae impedit dolor ratione. Necessitatibus qui non quae dolores quo ipsa esse odit ut enim quae aperiam magni eum! Obcaecati et animi et natus sed illo quia tempora saepe nulla ex reiciendis at sit. Officia et maiores asperiores quibusdam, aut possimus ipsa expedita blanditiis eum sequi mollitia molestias ullam. Voluptate doloribus molestiae aliquam impedit corrupti qui doloribus aut ducimus natus ad dolorem quidem tempore? Sed repudiandae sed quia voluptas non consequatur vitae atque et omnis magni incidunt non mollitia. Qui dignissimos culpa commodi aut sint expedita debitis iste, molestias molestiae rem asperiores ut quae! Dolores velit provident facere aut in nostrum quibusdam quisquam fugiat magni laborum rerum vitae dolorem...\r\nNumquam incidunt ut, voluptate consectetur aut nesciunt labore dolores in omnis voluptates consequatur quae eum. Perferendis totam alias necessitatibus nostrum enim, dolorem aut ex est iste impedit cum est et; sunt qui sed sequi facilis fugiat minima velit quaerat at veritatis est, assumenda voluptatem accusantium; quidem voluptatem excepturi molestias dolore cupiditate autem enim in dolorem nihil accusantium eligendi debitis soluta; similique nam in incidunt nam voluptas nulla nostrum libero, adipisci voluptates possimus error totam aut. Doloremque laudantium voluptatem ab tempore labore voluptas saepe quis a est, adipisci beatae quia iste. Cumque sed laborum minus consequatur ea quibusdam dolores aliquid, recusandae quos nobis nisi quos ea. Quia eos qui quo sapiente cupiditate labore aut molestias sunt quam alias similique aliquid nostrum. Laudantium non quasi qui necessitatibus, amet reprehenderit architecto inventore sed omnis odit praesentium incidunt quos.\r\nUt omnis illo aut enim ducimus et autem quis at porro ipsum itaque accusamus qui. Similique sequi sint et quis saepe pariatur esse sunt omnis eaque et quo et repellendus!', '3', '2', 'Akiko.Mata@example.com'),
('50229578400', 'Maxime ea, impedit similique provident quia ea dolor cupiditate animi unde ad est ad eveniet; est voluptatem, aliquam non quia explicabo et quis quibusdam numquam labore cumque hic ab quibusdam; id tempora facere aut iusto adipisci aliquam autem non perferendis omnis eos distinctio molestias reiciendis. Ab velit consequatur voluptas ipsa distinctio aut fugiat accusamus assumenda aut id ullam sed officiis! Dicta ea, quia ad et suscipit omnis molestias amet quod quas aut et voluptatem eos. Repellat tempora deserunt, ex explicabo totam aut ut voluptatem temporibus dolor officia et quod dolorem. Est libero, et dolorem nihil quae repudiandae ducimus voluptatem ut sit distinctio laboriosam officiis quaerat. Aliquam culpa omnis eius rerum quae consequatur nihil ut ipsam voluptas dolores et consectetur voluptates! Quidem magnam dolores qui magnam quisquam fugiat natus veniam minus dicta rerum maxime optio deleniti.\r\nNon libero qui quia vero pariatur quidem esse tenetur ut nostrum delectus amet asperiores dolor. Similique et adipisci et dolore maxime sint et eos officia voluptatem enim nobis obcaecati aspernatur. Odit expedita quia qui, nisi temporibus voluptatem ab et quod non culpa eligendi enim fuga? Incidunt tenetur enim dolore, et in soluta maxime nobis veniam id fugiat quam velit ab. Hic aut omnis commodi dolorem cupiditate nisi, voluptatem porro quae quisquam ullam qui rerum quod. Non enim reprehenderit obcaecati voluptas modi laborum excepturi doloribus omnis ullam aut doloribus at consequuntur. Omnis perspiciatis, assumenda commodi nobis omnis ea eum qui illo dolores ut obcaecati quia cumque. Quia maiores est ad eius sapiente et aliquid perferendis reiciendis ipsum illo facilis dolores voluptatum! Quo fugit saepe quis, et rem dolores omnis officia ex quisquam nesciunt nam consequatur sint.', '5', '3', 'Judi_Leach@example.com'),
('83000272769', 'Tempora soluta corrupti tempore natus veniam libero numquam provident autem blanditiis rem et ipsa aut. Reiciendis ullam harum, ab omnis debitis non sit labore neque nisi voluptatem quibusdam illum distinctio! Quia dolore quia doloribus maxime excepturi nisi libero perspiciatis ut fugiat cupiditate facere aut qui. Quidem officia animi necessitatibus dolore eaque quo deleniti aut officia, id suscipit cum veritatis sint; ducimus nemo quis nulla exercitationem dolores et corrupti id ipsa et quas autem ea minus. Et quia eius enim ratione, aut temporibus eveniet reiciendis blanditiis dolorum dolore sapiente dolore velit. Harum totam ipsam modi repellat quos, facilis exercitationem odio nihil dicta vero est repellat mollitia. Error saepe rerum omnis voluptas neque non molestiae enim voluptas nihil quam autem veritatis in; repellendus maxime ratione voluptatibus praesentium repellendus fugit et unde nesciunt ratione autem eum sed ipsum. Natus molestiae voluptatibus cum optio eum sint suscipit ullam odit beatae esse, et quisquam eum. Laudantium similique est vero aut labore eaque et distinctio alias doloremque laudantium qui ratione vitae. Et ut temporibus et laudantium sint dicta corporis eum magnam blanditiis rerum repudiandae tempore modi.\r\nEst omnis autem, aliquid et quia qui et sunt est obcaecati sed minima quidem tempora. Aut odio, iste sunt sit ullam doloribus fugiat animi omnis qui est labore et qui; voluptas deserunt molestiae vero nisi ea facilis asperiores ducimus saepe dolore nesciunt aut et ratione. Veritatis facilis possimus voluptas adipisci id commodi voluptas vel est id exercitationem voluptas nihil nulla? Qui eveniet quia in aut quas et explicabo et dolorem id non eum quisquam sit! Optio minus rerum perferendis facilis atque, provident doloremque beatae omnis sit et vitae magnam omnis. Vitae dolorem, est sed tempore et aut et sunt expedita nihil perspiciatis libero quos harum. Impedit rerum iste eum nisi ipsam sunt est dolor perferendis rerum cumque, rerum perferendis ex; quasi quae quibusdam, eum totam sed et veritatis nesciunt vero nemo quod saepe ex iste? Repudiandae reiciendis quia aperiam molestias id quae illo ut eligendi dolore sit saepe quos velit; voluptatum vitae delectus numquam cumque possimus voluptas atque nihil laboriosam soluta natus et quo et? Perspiciatis labore perspiciatis aperiam, enim doloremque ipsum quis totam ut tenetur aut fugiat veritatis omnis.\r\nSunt enim, error illum temporibus ex quaerat rem sunt consequatur quis eos ex deleniti reiciendis. Cupiditate laudantium officiis a expedita qui quod eos eum in et vero placeat delectus asperiores; saepe aspernatur vero, mollitia cumque numquam rerum adipisci sapiente vero a nostrum voluptates enim et. Id harum consequatur et ipsum aut commodi ut qui et magnam error vel dignissimos qui. Vel dolor ut, officia quod modi autem sed qui illo repellat ut vel cum enim. Quam qui culpa praesentium facilis rerum magnam est molestias qui vero alias suscipit animi veritatis. Rerum nihil doloremque tempora ut necessitatibus quia numquam dolorem est repellendus maxime nihil magni rem. Vitae autem molestiae cum autem voluptatem animi tempore et quibusdam consectetur ipsum sint maxime repellendus. Optio delectus libero iure assumenda molestiae possimus, reprehenderit dolorem illo earum omnis velit et ex! Non quo aliquam nisi consequatur quos ipsa sed aut ut numquam vel vitae illo tempora. Aperiam itaque accusantium nemo eveniet rerum delectus commodi natus odit fuga perferendis suscipit veniam sequi; excepturi quisquam similique accusantium rerum quisquam ut molestiae earum itaque officiis unde nemo repellat non? Nihil consequatur sunt deleniti aut eum omnis eos, illo commodi consequatur quae at a eos.', '4', '1', 'Kuntz88@example.com'),
('72300378598', 'Praesentium culpa ut nemo omnis sint autem consectetur eveniet quia repudiandae omnis aliquam quo obcaecati. Sed in nulla dolores laboriosam excepturi ut labore et ipsa inventore alias molestiae aut accusamus! Ut soluta possimus molestiae, necessitatibus culpa asperiores ut temporibus voluptatum eius delectus alias nemo eveniet. Eum consequuntur, nisi assumenda voluptas iusto voluptatem numquam commodi eum quis qui explicabo cupiditate rerum. Non nam et obcaecati, molestiae beatae minus ipsam repellat ad alias molestiae possimus rerum quidem. Perferendis soluta maxime qui vero voluptate ab, nihil et voluptates vel quia in autem dolore.\r\nOptio qui eius rem voluptate ea aliquid quis recusandae aut omnis est accusamus nostrum quos. Doloremque iusto deserunt, rem ut eveniet corporis omnis suscipit vero sit modi tempore in facilis...', '3', '4', 'Herrington847@nowhere.com'),
('99563514656', 'Temporibus voluptate a ullam impedit pariatur suscipit officia quia ea quia ab iure unde et. Ipsa error eligendi iure rerum quos veniam, corrupti inventore labore illum iusto quae et itaque; aliquam ut voluptates sit est, veritatis totam est cumque qui impedit quibusdam omnis sint in. Eligendi modi sed assumenda veritatis nihil sapiente molestiae assumenda enim sapiente beatae sint fugiat possimus! Aliquam voluptates veniam adipisci, veniam magnam ab facilis harum totam rerum vel deserunt qui voluptatum. Ab molestiae harum magnam vitae, debitis tempore maiores ut vel non odio illum voluptatum velit. Esse cumque fuga qui impedit optio in nihil voluptate rerum earum voluptas inventore esse autem. Et aut consequatur esse cum voluptatum rerum, non incidunt provident et obcaecati quia atque quam. Beatae culpa aspernatur est iste itaque alias, voluptas hic est ut enim eum suscipit magni. Non illo cupiditate at odio quibusdam sed doloremque mollitia sint et quis voluptatem qui ut; sed dignissimos perspiciatis qui, sunt molestias nisi temporibus qui voluptatibus molestias corporis ut beatae ut. Incidunt est quia quos necessitatibus quidem nostrum pariatur et quas id sed voluptas deleniti voluptatem! Vero molestiae iure a qui et, neque et quisquam fugit est enim sint quo corporis; vitae numquam natus, et temporibus vel ut aliquid cum nesciunt corrupti recusandae culpa eligendi et. Voluptas aperiam, veniam modi qui ullam fugiat nihil reiciendis rerum amet quidem laboriosam nostrum quia! Tenetur cum nisi sint et dolor quos quo assumenda, architecto hic corporis quam similique nesciunt.', '5', '4', 'jkwkg2922@nowhere.com'),
('98173006819', 'Sit rerum quas eveniet labore consectetur sequi laboriosam molestiae incidunt vero et eum saepe recusandae. In quidem, quos sed perferendis laborum sed aliquid ex magni qui neque et maiores eveniet. Cumque eveniet similique et eius numquam obcaecati non illum voluptate sed quia omnis est ea. Et eius illo a itaque excepturi non debitis natus omnis et ex ducimus deserunt minima! Dicta aut commodi alias fugiat velit, voluptatum quis tempore nihil obcaecati autem id veritatis est. Alias eum quod illo ad explicabo rerum libero, modi dolore et qui harum voluptatem cumque. Inventore itaque id voluptatem rerum praesentium obcaecati voluptatem aspernatur quia atque consequatur accusamus consequuntur obcaecati! Earum sit voluptate fuga error qui eveniet quia dolorem nihil ducimus suscipit amet fuga sequi. Rerum perspiciatis tempora optio vel aliquam voluptas voluptatem dignissimos voluptatem aspernatur odit optio ipsam recusandae. Consequatur nulla temporibus alias totam reprehenderit sint officiis suscipit quasi rem aut voluptates voluptate exercitationem. Vel molestias, praesentium ea earum sapiente veniam vel ad nam dicta nam quaerat in veniam! Quidem tempora qui aliquid quasi ea deserunt quod est labore facere corrupti cupiditate veritatis sed. Cumque quis ut, id accusamus labore dolor error expedita id ad harum eum alias omnis! Maxime molestiae quaerat inventore dicta ut, qui porro aut voluptate quam sit quo officia pariatur? Nulla omnis non quia ipsam obcaecati et ex culpa nobis eum est delectus cum veritatis.\r\nRecusandae officiis dignissimos enim ut est et eum nulla voluptates qui quam eos sed quia. Ex aut, sed ut harum porro perspiciatis nostrum aliquam rem asperiores voluptatem facilis ullam delectus. Mollitia praesentium ratione, cum et non expedita deserunt tenetur ea deleniti numquam consequatur a enim; necessitatibus voluptatibus aut aliquam explicabo sapiente vel illum quo incidunt magni debitis nulla blanditiis qui. Minima eos quo ut dolores aliquam alias praesentium quae non est nihil atque consectetur exercitationem.\r\nOptio nihil fugiat dolorem et amet qui amet sed dolore accusamus placeat vel ut ipsam. Quos sit nam sunt, optio laudantium error est earum voluptatem assumenda distinctio et facere id. Est hic, doloremque quis ut qui nihil qui error obcaecati voluptatibus quis est neque laborum. Ipsam et consequatur illum est consequatur odio dolor quia et ipsa omnis illo quam est. Nesciunt aliquam dolorum debitis provident soluta asperiores ex sed totam soluta voluptas exercitationem quas doloremque.', '1', '5', 'Alise.Bailey@example.com'),
('68351122560', 'Consequatur optio rerum aspernatur obcaecati reprehenderit nulla sed magni et sint natus modi deleniti totam. Dolorem quam harum error, laudantium dolor consequatur est harum vel voluptas molestias est consequatur magni. Officia molestiae dolorem sed labore rerum molestias iusto dolores voluptas quia iste qui fugiat voluptate! Eum aperiam rem consequuntur, sapiente qui adipisci inventore vel cupiditate aut laborum sint quos asperiores. Molestias nihil eum dignissimos debitis soluta tempora voluptatem eum earum quis inventore enim recusandae explicabo; veritatis numquam voluptate est mollitia pariatur explicabo praesentium ut labore ad quos non esse commodi. Modi molestiae quidem cum asperiores nam quia soluta et rerum eius vitae iure commodi perferendis. Perspiciatis repudiandae accusamus, dolor aut vel nisi aut est eum dolor et quod id eius; asperiores molestiae consequatur eligendi est pariatur beatae magni qui quae commodi error est necessitatibus illo. Deserunt cum porro non eum sit dicta et a maxime ut maxime explicabo qui ut. Rerum sed quas quia rerum omnis itaque culpa eius minima consequatur est aut cupiditate soluta. Nemo odio officia tempora omnis sit qui ea voluptatem, illo libero fuga nam distinctio tempora! Sint ipsam error aut sed sequi omnis odit at velit ea cumque ullam ad tempora. Modi nihil dolor aut earum voluptatum beatae non obcaecati mollitia dolor velit ex est praesentium. Nobis odit saepe omnis dignissimos a corrupti sed molestiae sapiente adipisci voluptatum similique tempore iure.\r\nIure et iste minima consequatur blanditiis itaque quis ducimus odio ducimus voluptates sunt saepe laboriosam. Voluptatem quis modi soluta omnis id deleniti unde non temporibus laudantium aut earum est quod. Quis tenetur nihil quas aut nihil asperiores aliquid natus laboriosam quod labore ut dolores dignissimos! Veritatis et fuga rerum minima quo reiciendis tenetur illo ut voluptatum non tempore ipsa aliquam. Iste quia omnis et ea dolor nobis iure in dolores quisquam labore ea debitis eum. Nam consequatur quaerat, odit omnis mollitia necessitatibus aut vel nihil eius labore quam eaque odio. Labore eligendi fuga qui tenetur velit est corrupti tempore non similique in quia temporibus sequi! Et voluptas unde consequatur omnis saepe eos id aliquam mollitia minima saepe cumque quia repudiandae. Consequatur nihil, perferendis cumque aperiam modi deleniti ipsa sit ipsum est quia hic ab maiores. Accusantium aspernatur eius aut sint nostrum alias tempore nemo in aut ea delectus numquam aut. Velit molestiae aspernatur expedita officiis et corrupti consequuntur voluptates saepe fugit aspernatur voluptate hic rerum. Quo reiciendis aspernatur voluptatum similique animi soluta nobis dolores reprehenderit error enim error necessitatibus debitis. Veritatis placeat mollitia voluptatem quia vel cupiditate id aut, minus asperiores voluptates aspernatur sunt ipsum. Consectetur beatae dignissimos autem debitis ut dolores praesentium autem ipsa sed asperiores provident eligendi excepturi. Ipsum doloremque nemo et qui eum qui temporibus veritatis rerum id distinctio voluptate ducimus commodi. Architecto doloribus fuga nisi, eum sapiente quam deleniti qui aspernatur dolorem numquam cumque dignissimos sed. Id esse totam minima iste non qui itaque quibusdam nisi nulla rerum incidunt unde officia.\r\nAliquid omnis quasi, quidem error non in tenetur provident laboriosam reiciendis repudiandae ducimus accusantium et. Hic perferendis quo beatae ducimus facilis voluptatem animi aut, facilis soluta fugiat eligendi iste qui! Omnis et eveniet qui aut omnis velit ipsa unde dolorum ipsa distinctio dolore facilis doloribus. Ab ratione facere, et sit cum suscipit voluptatem architecto qui ut molestiae iusto numquam eos; quidem ipsa repellat eveniet qui eaque voluptatum aut sunt iure aut sed eligendi recusandae sint. Sunt quia omnis nobis dolorem similique, impedit vero qui maxime praesentium autem eveniet quae illo. Libero molestiae libero obcaecati ut vero voluptatem enim vero sed voluptatibus labore officia ad corporis. Dolore autem inventore in dicta rem voluptatem, accusamus debitis non quaerat in eius veritatis perspiciatis! Aut ut beatae et possimus nesciunt quod in dolores et omnis est mollitia hic neque? Eos quo et nihil sint perspiciatis qui cum beatae aliquid dolore et inventore officia aperiam. Est illo et repudiandae sint deserunt minus consequatur, quia consectetur blanditiis voluptas enim corrupti sit! Vitae quidem nihil beatae, soluta saepe eius quidem voluptatem maiores iure nemo molestias vitae aut. Amet aut quis optio veritatis nobis consequatur, facilis illum quidem illo tempore quae ipsam similique! Molestiae quia alias sed dolor qui sint omnis libero dolores culpa nostrum sit placeat ex; non tenetur magni nemo fugiat distinctio totam consectetur delectus vel vero corporis quo vero expedita. Asperiores voluptatem quos officia nam, laboriosam reprehenderit enim quaerat sint et consequatur tempora aut et! Commodi ducimus itaque molestiae eveniet unde suscipit culpa ut ipsa itaque quos quasi facere consectetur. Numquam accusamus aliquid in ut obcaecati recusandae obcaecati vero autem repudiandae vel est natus vel? Corrupti et dicta sunt sed inventore architecto et pariatur eligendi qui quasi autem voluptate vitae!', '5', '2', 'Hunter@example.com'),
('22747672314', 'Cupiditate dolores omnis ipsa, ut architecto eius sed ut itaque et labore harum est dolore. Alias est, illum pariatur voluptatibus et harum impedit est debitis nesciunt omnis repellat sed voluptas. Ab non, eos non enim sit dolorem numquam iure laudantium quo quae sit aut et. Et labore eos excepturi atque sed, et ipsam eveniet aut ad eum repudiandae sapiente magni; amet consequatur sit quia qui asperiores in molestias qui nam veritatis et quasi dignissimos aperiam. Autem qui, earum illo ut fuga modi aut assumenda distinctio dolor illo sit distinctio et. Reprehenderit velit, reiciendis voluptatem a omnis tenetur ullam voluptas accusantium id commodi non saepe facilis. In neque, illo praesentium ut illum sed non quo sit deleniti exercitationem eum vero fugiat. Sed esse architecto, quia iste quia sit suscipit consequatur in ut corporis non libero aspernatur. Veniam rerum qui vel aut natus sit quod maxime quia iusto consectetur et mollitia et; nemo ut, voluptatem aperiam nisi harum architecto cumque molestiae est quo ut similique ut fugit; voluptatum nihil rerum, ab veniam quisquam voluptatem est sunt quo id veniam id dignissimos excepturi. Temporibus modi accusamus aliquid sequi, temporibus nulla ratione et quia ut iste tenetur veritatis autem. Et repellendus minima perferendis amet fuga nihil beatae ex iste vero recusandae maxime alias sit! Labore at rerum enim ut vero voluptas iste quisquam ut quaerat libero quam dolores dignissimos. Quam voluptatibus dignissimos nisi ipsam aut soluta sint reprehenderit dolorem et quia illum quis cumque!\r\nBeatae cum, voluptatem in omnis vel reiciendis error modi ipsam corporis tenetur dolor maiores dolorum. Eius laborum sed explicabo ut, dolor quibusdam cum consequatur blanditiis natus aut illo omnis quae! Quia quae beatae sint fugiat facilis quibusdam consequatur, adipisci hic veritatis sit voluptates dolorem quod. Numquam dolore minima nobis, sint omnis dolorem voluptas molestias maxime ipsa illo nulla recusandae voluptate; veniam repudiandae ipsa veritatis asperiores est sit expedita accusantium itaque eos veniam vel ut assumenda. Sed iusto molestiae odio saepe iste consequatur quaerat vel consequatur debitis perspiciatis vero consequatur voluptatem? Optio ut quia vel veniam dolorem quas qui praesentium sint reiciendis maxime quia illum dolor. Soluta et voluptatum saepe eligendi dolorem est sapiente a odio ut assumenda labore, ut sunt.', '3', '5', 'Judi_Leach@example.com'),
('54705991072', 'Aut eligendi sequi porro magnam quia laborum et quam et quis asperiores rerum consectetur non. Error ut repellat laboriosam amet odit consequatur dolorum aut totam id quis sit incidunt eos. Sunt eligendi fugiat est eos dolorem, officiis veniam laborum non ea eaque repudiandae modi aspernatur? Dolores qui accusamus nostrum eos et sed labore consequatur dolor qui iure quia aspernatur voluptatem. Dignissimos quis dolores id itaque aut dolor molestias corporis necessitatibus ut inventore commodi qui in. Aut voluptas voluptatibus et ducimus nobis omnis sed dolor non deserunt earum et eligendi exercitationem. Cum maxime ipsum exercitationem optio omnis quisquam, et ducimus ut hic doloribus voluptates suscipit molestiae. Fugit ut, corrupti sed laborum quibusdam dicta quos nostrum illo dolorem et voluptatibus eum quo. Tempore nam facere doloremque omnis dolorum architecto recusandae et nihil consequatur enim aut soluta quia! Voluptatum id illo sint aut architecto nihil dolorem, sunt voluptatem amet eveniet ullam enim velit. Optio quia dicta, quisquam nobis id omnis sunt itaque doloribus nam dolor cumque dolor fugit. Atque aliquid voluptate provident sed quis quisquam est illum modi enim quo incidunt et esse; ducimus pariatur quibusdam et veniam voluptatem culpa et praesentium explicabo ut et eum totam qui. Et labore obcaecati ipsa est maxime pariatur consectetur corporis vel sint obcaecati architecto velit earum? Officia voluptatem quisquam veniam possimus minus rerum qui temporibus omnis doloribus ipsum quia enim tenetur. Unde dicta optio, quia veritatis animi odit dolorem ut omnis explicabo reiciendis esse minus iusto. Veritatis magnam temporibus pariatur et enim velit et non quod non, ipsam et in et. Et debitis esse pariatur vel voluptas dicta quasi assumenda dolor velit similique, et doloribus deserunt! Aut provident modi tempora dolor est sint, error ea culpa laborum culpa consequuntur et dolore.\r\nDeleniti vel libero illo voluptas doloribus nihil a alias qui at dolor culpa aut fugiat. Deserunt ipsa veritatis ullam quas voluptates perspiciatis dolores quam, expedita ipsam praesentium aut omnis eligendi? Minus sit et qui optio mollitia sed harum magnam eveniet quia incidunt expedita nostrum beatae. Fugit et aspernatur hic sint rem eveniet nostrum dolores consectetur nostrum suscipit quidem in labore. Reprehenderit sunt ex est, labore sit facilis ut odit quaerat quis error velit est quibusdam? Debitis aut, qui repellendus aut ex omnis dolore non dolorem tenetur culpa vel rerum doloribus. Numquam debitis perspiciatis cupiditate atque ad dolorem ratione consectetur et voluptatem vitae natus placeat qui. Adipisci itaque blanditiis repellendus asperiores nihil at iure, rerum quos qui facere voluptatem dolorem quos. Similique et molestiae et eius, aut mollitia ipsa voluptas at voluptatum error laborum provident aut. Dolorum minima tempora reprehenderit quibusdam qui ipsa, hic omnis voluptatem debitis id voluptas iste odit. Nihil voluptatibus expedita ipsa doloribus impedit quis excepturi autem voluptatibus sunt delectus dignissimos iste sed. Sequi in minus repellat, quos optio et assumenda quibusdam veniam debitis necessitatibus qui eum rerum. Exercitationem quia ipsa sequi dolores amet architecto consequatur aut sit et dolorum voluptas officia voluptas. Quia quod id quisquam, et cumque eaque beatae ipsum nobis nemo et quibusdam voluptate placeat? Dolor dolores repudiandae, molestias quo corporis ipsam error rerum laudantium aspernatur quia non nostrum et. Doloribus est eos tempore enim autem aut ad delectus, ipsa dolores saepe distinctio rerum commodi. Rem inventore autem vel non suscipit exercitationem repudiandae ullam corporis id qui ea autem eius. Modi numquam consectetur veritatis repellendus tenetur qui mollitia eius et quis optio a et voluptatibus. Odio sed dolor voluptas minima aliquam dicta eaque nulla officiis quia aut voluptas qui dolores.\r\nCulpa et labore quia fuga aut et facilis illo minus hic molestiae et modi autem. Modi sunt perspiciatis eum sapiente reiciendis sit iste magnam illo ullam eum minus sit aut? Amet necessitatibus eveniet incidunt debitis nesciunt ducimus facere adipisci iusto consequuntur aut molestias blanditiis reprehenderit. Adipisci quae quis ipsam, sit exercitationem saepe magnam nesciunt tempora nobis cumque dolorem necessitatibus sit. Ea iure voluptate et maiores et hic error et, obcaecati qui cum expedita doloremque eum! Quos voluptatibus maxime quis id libero et molestiae sunt incidunt repellendus fugit saepe expedita iste. Ut qui nisi velit est amet quisquam ex praesentium architecto cupiditate eos perferendis sint distinctio. Voluptatem voluptates natus deserunt alias molestiae omnis consectetur rem error voluptates mollitia ut, in qui; earum quo rem ratione hic ab et corporis, omnis voluptas hic nulla rerum neque rerum. Dolore iusto est et consequuntur recusandae, voluptas est doloribus aperiam vitae explicabo accusantium ut aut. Non vel numquam adipisci, ea facilis molestiae nam iste reprehenderit deserunt inventore rerum sed magni! Asperiores velit aperiam necessitatibus rem est rerum ex possimus sed recusandae mollitia est ut consectetur. In aperiam, error sit sequi porro quis nam ducimus commodi iste quis nihil cumque rerum.', '4', '5', 'Mcfarlane2@nowhere.com'),
('49071956882', 'Sint cum corporis enim quia temporibus nobis nesciunt, tempora quas quaerat voluptatum excepturi vitae nisi. Quos cum nulla, voluptatem dicta aut voluptatibus qui pariatur et aut et amet odio nisi! Dolores totam voluptatem ea itaque praesentium molestiae commodi quibusdam perspiciatis non aut nulla molestiae consequatur. Debitis quaerat dicta beatae fuga eligendi harum, natus porro accusantium repudiandae ipsum ex odio ut.\r\nIusto earum adipisci quibusdam laudantium facilis sed ea nisi sunt soluta dolorum rem possimus corporis.\r\nSit et voluptas, facilis impedit aut et voluptas obcaecati animi ab dolorem fugit at nisi. Velit amet consequatur minima, atque aliquam ut aut qui at corporis voluptate eius non explicabo! Neque eum debitis quis repudiandae laboriosam cum labore saepe deleniti aut id illo dolores consequatur. Tempore at doloribus, in culpa eos deleniti et numquam non sapiente odio aliquid sit nesciunt! Ex corporis, et sint tempore quidem est sed eum sit quaerat voluptatibus cumque impedit et? Pariatur veritatis, neque dolor dolore eius voluptate dolorum hic natus nihil quis rerum neque voluptate. Officia voluptatem et dolor eum et nihil error vel cumque magnam officiis sed mollitia quod? Saepe molestiae, iusto cumque natus aut totam nihil distinctio ea illo non vitae nulla vel. Ex omnis animi est voluptates nemo optio aut enim beatae et, fuga qui deserunt maiores. Quia deserunt omnis suscipit odio vel ut optio qui nesciunt dignissimos eum soluta rerum quo! Ut veniam vel dolor sunt nihil maiores ullam natus ad neque ipsam aperiam ut laboriosam; est rerum ea sapiente ipsa nemo et omnis deserunt officia sunt natus temporibus, at quae.', '2', '5', 'Hunter@example.com'),
('65080719593', 'Veniam nihil totam voluptas nam aut vel in et necessitatibus autem ea minima recusandae omnis. Sint accusantium ratione voluptatem vero quia et soluta voluptas aut dolorum nisi est quasi accusamus. Accusantium expedita aspernatur nobis neque eum fugiat et ut eum qui dolor cupiditate et libero? Ad nemo tempora, eaque eum amet ratione nulla nisi et rerum eligendi est nisi placeat. Facilis blanditiis, dolore nemo obcaecati ea veniam temporibus iure enim modi itaque sint voluptatem est? Eum aut deserunt distinctio dolorem unde non dicta voluptas omnis cum et debitis omnis fugiat. Qui nesciunt possimus animi et officia facilis dolores omnis quae neque nihil architecto animi sed. Exercitationem sint aut quae sunt commodi unde facere nisi obcaecati sapiente voluptatum incidunt maxime facilis. Et excepturi nobis delectus, animi a harum culpa est veniam tempore provident et esse et. Illum quasi ex officia saepe consectetur et qui sit nihil vel eligendi commodi omnis quam? Obcaecati non et sed ullam, sit saepe et vel quibusdam et exercitationem cumque aut qui.', '5', '2', 'HallieBland573@nowhere.com'),
('49405056117', 'Excepturi eum ab quae earum dolorum non quod est nesciunt quaerat quo itaque pariatur ut. Iste in nobis aperiam repellat, qui illum id quidem molestias ut eos sed tempora a! Pariatur at, ab repellendus in aspernatur sunt dolor est eum animi consequatur dolor et impedit. Nostrum est quae itaque quia facere sed et sint asperiores atque recusandae neque voluptate ut; itaque qui laboriosam sequi nobis perferendis, porro minima possimus vel molestiae deleniti alias perspiciatis dolores; ab incidunt natus odit rem quaerat accusamus doloremque est quidem soluta excepturi numquam vel ut. Est sed voluptas ut magni, perspiciatis ut necessitatibus consequatur cumque non qui consectetur dolores illo. Ut quis voluptas a commodi vero molestias qui ipsam qui et similique molestiae modi autem; qui repellat alias magnam fugit hic reiciendis, repellendus itaque odio voluptate commodi eligendi quis necessitatibus. Deserunt doloribus iste vero ea ipsum voluptas molestiae eum tenetur officiis aliquid illo similique ab. Recusandae nihil est dolores impedit qui vitae officia aut inventore iste et mollitia modi accusamus. Beatae perferendis facere rerum esse iste, qui autem non corporis repellat animi eum beatae facere! Est molestiae rerum autem aspernatur illum corrupti repellendus in magnam est aut vero veritatis et. Temporibus in enim qui nesciunt sapiente nesciunt quia fugit qui et asperiores facere iure itaque; est voluptatibus hic commodi impedit soluta saepe quo laboriosam quibusdam nihil alias ut non nihil. Adipisci quis rem in et reiciendis officia sed perferendis temporibus et temporibus autem et nobis. Debitis blanditiis dolorum, quidem dolor hic repellendus architecto ea fugit minus exercitationem autem non aliquid. Voluptatibus minus et sed quia enim quod et magni animi et ut omnis ipsam veritatis? Perspiciatis expedita ratione deserunt omnis voluptas rerum debitis voluptatem beatae voluptatem molestiae sed nesciunt in. Necessitatibus at, blanditiis illo dignissimos sed maxime eaque velit eius sit iure sit et sapiente.', '5', '2', 'Mcafee679@example.com');