USE DB_public_transport;

--
-- Inserting data into table card_type
--
INSERT INTO card_type(cType, Expiry_Period) VALUES
('Student', 1);

--
-- Inserting data into table driver
--
INSERT INTO driver(Driver_Id, Driver_Name, License_Type, License_Expiry) VALUES
('82341356169', 'Kimbra Fain', 'Bus', '2021-03-25'),
('93998206095', 'Ina Mcdaniels', 'Bus', '2030-05-21'),
('27075258511', 'Demetria Burton', 'Bus', '2026-09-26'),
('97962992620', 'Alesha Delossantos', 'Bus', '2023-06-16'),
('80146726840', 'Theron Noonan', 'Bus', '2022-08-17'),
('98265773815', 'Mary Kenney', 'Bus', '2022-10-31'),
('87308047394', 'Roslyn Harrell', 'Bus', '2028-10-28'),
('74046957491', 'Nicolas Bundy', 'Bus', '2026-11-21'),
('00567804238', 'Jamie Crum', 'Bus', '2028-09-14'),
('83280278560', 'Norbert Lockwood', 'Bus', '2024-03-12'),
('93799677090', 'Cory Gamboa', 'Bus', '2029-05-14'),
('05410482664', 'Dane Numbers', 'Bus', '2021-01-02'),
('49543231570', 'Leeanna Roldan', 'Bus', '2021-08-03'),
('14233956782', 'Eleanor Spivey', 'Bus', '2021-01-10'),
('49157519834', 'Shaun Steiner', 'Bus', '2027-04-02'),
('64092837942', 'Glen Benefield', 'Bus', '2027-07-03'),
('31550303860', 'Lawanna Walton', 'Bus', '2024-05-14'),
('00780202869', 'Gale Kern', 'Bus', '2022-07-22'),
('63168977893', 'Fredric Provost', 'Bus', '2021-06-01'),
('41030337905', 'Roselle Tong', 'Bus', '2021-01-04'),
('50330489243', 'Neely Lennon', 'Bus', '2026-04-17'),
('51191101503', 'Terica Wilmoth', 'Bus', '2023-02-28'),
('29656518233', 'Billie Dang', 'Bus', '2025-01-06'),
('55169371055', 'Gabriele Thorton', 'Bus', '2022-07-25'),
('30568020350', 'Amiee Stover', 'Bus', '2023-03-29'),
('69115620832', 'Velma Keyes', 'Bus', '2024-11-27'),
('99949555908', 'Ken Gomez', 'Bus', '2026-05-17'),
('00449606739', 'Michaela Irvin', 'Bus', '2021-11-17'),
('96073109760', 'Garth Seymour', 'Bus', '2029-08-18'),
('84237488846', 'Beulah Turnbull', 'Bus', '2024-10-26'),
('80677019047', 'Opal Dolan', 'Bus', '2024-06-17'),
('47733944213', 'Kenneth Mcmillen', 'Bus', '2023-08-31'),
('50826261095', 'Felton Gross', 'Bus', '2028-02-29'),
('04874288045', 'Erick Southern', 'Bus', '2026-06-13'),
('34339256015', 'Johanne Kopp', 'Bus', '2027-11-13'),
('32884511612', 'Tuan Sisson', 'Bus', '2021-01-01'),
('13954146492', 'Dara Valentin', 'Bus', '2021-01-05'),
('07336563832', 'Leanne Francisco', 'Bus', '2028-05-25'),
('84049516035', 'Jacque Leach', 'Bus', '2027-11-07'),
('23009069181', 'Brain Dillard', 'Bus', '2021-07-09'),
('43872731500', 'Lashunda Wooldridge', 'Bus', '2026-04-21'),
('59546582633', 'Tisa Dolan', 'Bus', '2026-12-16'),
('09396399231', 'Stanford Guthrie', 'Bus', '2021-01-09'),
('26412939937', 'Rigoberto Kuhn', 'Bus', '2021-05-12'),
('33506356541', 'Merri Rand', 'Bus', '2028-02-27'),
('20022041275', 'Alec Libby', 'Bus', '2026-09-29'),
('84824520389', 'Elia Dockery', 'Bus', '2023-09-21'),
('37072083565', 'Signe Sutton', 'Bus', '2021-01-06'),
('36548598361', 'Kathlene Sumpter', 'Bus', '2022-03-04'),
('65957307694', 'Kira Williford', 'Bus', '2021-04-01');

--
-- Inserting data into table vehicle
--
INSERT INTO vehicle(Vehicle_Id, Vehicle_Type, Capacity, Status) VALUES
('55816894161', 'Bus', 41, 'active'),
('61138497331', 'Bus', 55, 'active'),
('87586891921', 'Bus', 54, 'active'),
('73897331573', 'Bus', 39, 'active'),
('16404905516', 'Bus', 55, 'active'),
('34002198635', 'Bus', 49, 'active'),
('01623793745', 'Bus', 40, 'active'),
('68447042198', 'Bus', 36, 'active'),
('02173865731', 'Bus', 56, NULL),
('65434841348', 'Bus', 48, 'active'),
('63616273797', 'Bus', 60, 'active'),
('50357597656', 'Bus', 42, 'active'),
('34363961540', 'Bus', 46, 'active'),
('32245885545', 'Bus', 54, 'active'),
('23755234342', 'Bus', 57, 'active'),
('80088351198', 'Bus', 52, 'active'),
('58170967291', 'Bus', 57, 'active'),
('96430029520', 'Bus', 40, 'active'),
('42992750185', 'Bus', 50, 'active'),
('23682654712', 'Bus', 42, 'active'),
('22809792910', 'Bus', 34, 'active'),
('01193944992', 'Bus', 47, 'active'),
('07337138687', 'Bus', 56, 'active'),
('06940482994', 'Bus', 47, 'active'),
('59305112499', 'Bus', 31, 'active'),
('64666469284', 'Bus', 39, 'active'),
('62758090314', 'Bus', 45, 'active'),
('84207909072', 'Bus', 46, 'active'),
('09613149873', 'Bus', 32, 'active'),
('33955953648', 'Bus', 50, 'active'),
('78776205898', 'Bus', 48, 'active'),
('42808468958', 'Bus', 54, 'active'),
('79719123630', 'Bus', 42, 'active'),
('15829706885', 'Bus', 56, 'active'),
('57410136234', 'Bus', 57, 'active'),
('22868777271', 'Bus', 39, 'active'),
('32908504540', 'Bus', 32, 'active'),
('52032334972', 'Bus', 45, 'active'),
('51816726737', 'Bus', 50, 'active'),
('55616327299', 'Bus', 41, 'active'),
('49126806356', 'Bus', 59, 'active'),
('43315084438', 'Bus', 35, 'active'),
('98043403163', 'Bus', 41, 'active'),
('21218386656', 'Bus', 42, 'active'),
('97777853432', 'Bus', 60, 'active'),
('06624528047', 'Bus', 53, 'active'),
('84762009473', 'Bus', 37, 'active'),
('54442102047', 'Bus', 49, 'active'),
('34029299329', 'Bus', 54, 'active'),
('31506920355', 'Bus', 55, 'active');

--
-- Inserting data into table travel_card
--
INSERT INTO travel_card(Card_Id, Balance, Status, Issue_Date, Last_Usage, Travel_Count, cType) VALUES
('55294323867', 66, 'active', '2014-07-14', '2015-02-01 02:08:29', 56635, 'Student'),
('38505849937', 20, 'active', '2011-06-26', '2018-03-24 09:36:31', 19, 'Student'),
('38912429461', NULL, 'active', '2018-06-11', '2015-02-01 00:00:06', 24314, 'Student'),
('67979093921', 18, 'active', '2014-11-27', '2019-09-13 02:16:11', 64762, 'Student'),
('61214354140', 59, 'active', '2018-04-16', '2015-12-22 04:24:53', 5846, 'Student'),
('73314017245', 54, 'active', '2010-06-03', '2016-06-02 23:18:57', 16840, 'Student'),
('53229543638', 54, 'active', '2006-03-16', '2019-05-25 06:45:45', NULL, 'Student'),
('17958206458', 125, 'active', '2010-10-21', NULL, 0, 'Student'),
('24457083849', 28, 'active', '2010-03-19', '2015-02-01 00:39:24', 4, 'Student'),
('90105517621', 42, 'active', '2018-03-22', '2016-07-22 06:17:37', 25693, 'Student'),
('62192064071', 93, 'active', '2005-01-08', '2016-09-29 09:29:02', 53038, 'Student'),
('64755475076', 93, 'active', '2010-01-18', '2015-02-01 00:00:09', 36920, 'Student'),
('86297235021', 129, 'active', '2014-03-24', '2019-05-11 00:24:17', 6109, 'Student'),
('39844548932', 53, 'active', '2006-02-15', '2015-02-01 00:00:58', 48128, 'Student'),
('62542254213', 7, 'active', '2010-05-16', '2016-08-25 00:02:31', 33696, 'Student'),
('99148402549', 102, 'active', '2015-05-19', '2015-02-01 00:00:10', 62171, 'Student'),
('85372086909', 97, 'active', '2011-01-16', '2018-09-10 19:25:55', 18634, 'Student'),
('45779583684', 46, 'active', '2005-01-04', '2015-09-18 12:38:40', 42809, 'Student'),
('66669895544', 28, 'active', '2006-10-28', '2020-04-29 22:46:05', 5961, 'Student'),
('64923502453', 54, 'active', '2007-06-05', '2018-06-12 10:20:26', 27445, 'Student'),
('18856937305', 14, 'active', '2005-09-12', '2019-04-08 00:08:52', 3340, 'Student'),
('56793764118', 107, 'active', '2005-01-07', '2017-05-30 22:21:20', 22022, 'Student'),
('84616585461', 92, 'active', '2005-09-15', '2015-02-01 00:00:06', 4354, 'Student'),
('62851348236', 71, 'active', '2009-05-24', '2015-02-01 00:00:05', 57786, 'Student'),
('03841542915', 121, 'active', '2012-01-07', '2015-06-11 05:36:44', 48949, 'Student'),
('23754180081', 18, 'active', '2016-05-11', '2015-11-04 23:46:06', 54751, 'Student'),
('63007310144', 71, 'active', '2005-01-17', '2015-12-01 01:10:33', 7, 'Student'),
('20791100610', 125, 'active', '2016-01-19', '2019-08-29 01:59:10', 42662, 'Student'),
('99680480417', 117, 'active', '2009-09-25', '2015-08-08 22:16:30', 20464, 'Student'),
('54762390547', 125, 'active', '2020-06-02', '2018-07-06 05:11:46', 4518, 'Student'),
('03217606420', 14, 'active', '2011-07-27', '2017-05-05 15:10:46', 61683, 'Student'),
('10135100663', 19, 'active', '2010-01-08', '2015-02-01 01:42:14', 8, 'Student'),
('27642048832', 59, 'active', '2016-01-26', '2015-02-01 00:01:36', 17491, 'Student'),
('07071586835', 9, 'active', '2006-07-22', '2019-08-26 19:04:58', 61, 'Student'),
('94688804247', 29, 'active', '2017-06-12', '2016-01-28 06:27:46', 20, 'Student'),
('53191022060', 2, 'active', '2017-08-16', '2019-08-08 05:31:41', 2, 'Student'),
('56831510921', 66, 'active', '2008-03-01', '2016-07-30 01:18:50', 7, 'Student'),
('36695614219', 5, 'active', '2010-10-20', '2015-06-19 00:44:02', 44223, 'Student'),
('32176195380', 90, 'active', '2006-11-08', '2015-02-01 01:05:03', 7850, 'Student'),
('59391992113', 79, 'active', '2014-04-28', '2016-01-08 11:12:52', 11746, 'Student'),
('62184849988', 55, 'active', '2006-03-30', '2015-02-01 01:23:35', 5839, 'Student'),
('79515078357', 89, 'active', '2013-03-31', '2017-03-18 23:25:18', 17399, 'Student'),
('72525474685', 124, 'active', '2017-04-21', '2016-07-15 21:00:17', 31142, 'Student'),
('63153140169', 37, 'active', '2016-12-07', '2015-02-01 00:00:51', 45, 'Student'),
('30540883333', 126, 'active', '2014-06-06', '2015-02-01 00:15:58', 215, 'Student'),
('63872019612', 31, 'active', '2019-02-21', '2016-07-17 07:21:10', 55107, 'Student'),
('74736862447', 60, 'active', '2005-01-17', '2015-04-12 03:44:57', 247, 'Student'),
('86471274177', 15, 'active', '2007-04-03', '2015-02-01 00:00:04', 8297, 'Student'),
('51130676640', 45, 'active', '2019-01-04', '2018-09-28 03:30:04', 646, 'Student'),
('89320463465', 37, 'active', '2009-10-03', '2017-05-18 18:36:14', 16383, 'Student');

--
-- Inserting data into table passenger
--
INSERT INTO passenger(Passenger_Id, Full_Name, Birth_Date, Card_Id) VALUES
('68741278562', 'Stacy Cooke', '1992-04-14', '94688804247'),
('33815387354', 'Arlen Kirkland', '1997-06-29', '73314017245'),
('62591651307', 'Gwendolyn Starling', '1990-02-12', '18856937305'),
('62334459668', 'Chad Conaway', '2005-07-29', '51130676640'),
('01383057701', 'Bertram Maddox', '2006-07-01', '27642048832'),
('01612322395', 'Leeanna Houston', '2007-04-11', '64923502453'),
('19241025887', 'Gale Searcy', '1990-01-19', '38505849937'),
('95372947810', 'Erick Rigsby', '2000-09-01', '89320463465'),
('75081384090', 'Adrian Stephens', '2003-04-08', '61214354140'),
('83368902822', 'Tomi Burge', '1993-10-30', '53229543638'),
('46198429794', 'Jerry Younger', '1991-06-12', '86471274177'),
('41980968518', 'Anibal Arnett', '2002-10-15', '07071586835'),
('07068497449', 'Johnson Chisholm', '2002-02-27', '79515078357'),
('68550800995', 'Lillie Roark', '1993-08-04', '53229543638'),
('19822077884', 'Jon Graves', '2005-03-23', '99680480417'),
('13038794187', 'Dorian Dubose', '1991-05-10', '24457083849'),
('63270315618', 'Lucio Holcomb', '1990-01-20', '85372086909'),
('96449610942', 'Vanetta Ward', '2000-04-06', '72525474685'),
('67751491585', 'Samual Arellano', '2004-08-06', '53191022060'),
('79710318546', 'Marybeth Baker', '1998-06-07', '03841542915'),
('87620382445', 'Alec Ortega', '1999-12-09', '63007310144'),
('65608463925', 'Gertude Shaffer', '1990-01-08', '66669895544'),
('84565010338', 'Jenee Peek', '1999-08-01', '63872019612'),
('28527221778', 'Keith Conley', '2004-01-23', '66669895544'),
('11857403249', 'Cory Greenlee', '2005-04-19', '18856937305'),
('66412391485', 'Anton Henley', '2002-03-18', '62542254213'),
('47227794330', 'Crysta Crosby', '2005-11-22', '17958206458'),
('24827328366', 'Deangelo Pannell', '1995-11-12', '86471274177'),
('69390886392', 'Marshall Altman', '1992-08-08', '64923502453'),
('08176133941', 'Julietta Parra', '1991-03-31', '36695614219'),
('88966144041', 'Chong Timm', '1990-01-02', '64755475076'),
('51144847191', 'Voncile Keegan', '1992-01-21', '23754180081'),
('22265118766', 'Augustus Shephard', '2002-08-24', '63153140169'),
('83082750606', 'Janel Scoggins', '1999-02-11', '55294323867'),
('73813532485', 'Odis Box', '1992-12-01', '79515078357');

--
-- Inserting data into table user_account
--
INSERT INTO user_account(Email, Password, Last_Login, Passenger_Id) VALUES
('DeeannaAbreu59@example.com', 'N5e0__Gt', '2019-12-18', '75081384090'),
('ZonaAmaral638@nowhere.com', 'jP47lY4o8nVfty', '2019-07-09', '69390886392'),
('Addison@example.com', 'AY6kc520Q1', '2019-08-20', '46198429794'),
('Abney88@nowhere.com', 'rL6_EcZK2', '2018-11-30', '24827328366'),
('Nicolette_Flores98@nowhere.com', 'pt62z_M8MiggB', NULL, '01612322395'),
('qjjvmdzc5602@example.com', '78iU0wDQ4p26dt4', '2019-11-19', '47227794330'),
('AldaTitus@example.com', 'gKRO33k_U01T', '2018-01-10', '79710318546'),
('Amaya@example.com', '1u5zMwW__', '2018-08-14', '69390886392'),
('AustinClinton@example.com', 'M_EKH6W7_1', '2019-03-02', '19241025887'),
('crfipqej_kmjfuiub@example.com', 'Y51QY_Y10f_ab', '2018-11-10', '22265118766'),
('Paquette664@nowhere.com', '_bhptLC7', '2018-08-09', '67751491585'),
('AlexanderTowns@example.com', 'D6r94UC2Wa_8vxf_', '2018-01-01', '47227794330'),
('MalcomQBourgeois8@nowhere.com', '_26v2ys73i_6y', '2018-01-08', '68741278562'),
('Dion.Alger@example.com', 'Ere_pJK6EKep', '2019-12-28', '33815387354'),
('Abigail.Isaacson@example.com', '9Vkdx1X_', '2019-08-05', '19241025887'),
('ColeenAngulo327@example.com', 'SdN6j27S_lRp', '2019-10-31', '68550800995'),
('Gilson@example.com', 'ZzgP02_8', '2018-06-28', '95372947810'),
('Gaither829@nowhere.com', 'Fl_3b58cw89H', '2018-04-23', '75081384090'),
('Harrell429@example.com', 'X2fZs_9r8', '2020-01-07', '83082750606'),
('Felisha.Alonzo@example.com', 'u2h_T0883', '2019-02-02', '01383057701'),
('AuraCrooks@example.com', 'ELr7MP41hyi', '2018-10-13', '28527221778'),
('Shanice_Bumgarner9@nowhere.com', '_Mko3ybHDsl', '2020-05-11', '28527221778'),
('Lemmon996@example.com', '_vKjbiJm', '2018-01-28', '33815387354'),
('Collazo@example.com', 'TWWh9MXYko77AF4bEoL', '2018-01-01', '68741278562'),
('Roden@example.com', '556g1nxgT', '2019-02-06', '01383057701'),
('Walton@nowhere.com', 'UhaCZZDbMW2', '2019-06-29', '33815387354'),
('Daren_Patten@example.com', '9QzV_f0_', '2018-03-11', '01383057701'),
('Sherley.Boehm663@example.com', 'R23ZvpB2', '2018-12-20', '41980968518'),
('Landon.Shephard1@nowhere.com', 'bTES1Tgru_4i', '2018-12-01', '19241025887'),
('ErnestineAleman@example.com', 'd5_J382v_q', '2019-12-14', '75081384090'),
('DeneseMuniz4@example.com', 'iYpy2Cpqla0_Iz9P8jY', '2020-04-25', '13038794187'),
('HaydenDallas@example.com', 'tjS4933fOq0_', '2019-12-15', '19822077884'),
('Brianna.Mcgrath@nowhere.com', 'cVLp9JmD18O_dWZO', '2018-11-20', '68741278562'),
('VirginiaRosen@example.com', 'I4kq_042o8Ck3', '2019-05-10', '08176133941'),
('NelidaAcosta@example.com', '7j6a_PaGl', '2019-05-23', '07068497449'),
('Ruff14@example.com', '91fO_s5_5TES', '2020-05-25', '67751491585'),
('HaroldLedesma@nowhere.com', '47m5GZWPH6', '2019-03-12', '83082750606'),
('Crisp18@nowhere.com', '2_L34O_uc', '2019-11-03', '66412391485'),
('pdcw1967@example.com', 'aiYa35t46z1_0G0_KM', '2019-09-19', '46198429794'),
('Leavitt@nowhere.com', 'O2J1b9rQ2Zk', '2019-03-23', '01383057701'),
('Barela997@example.com', '4QSe_Ju5', '2018-02-01', '62334459668'),
('Adan.August@example.com', 'ZnOa5T2qa', '2019-06-17', '96449610942'),
('Ambrose_Adcock@example.com', 'sN2W9DAN', '2020-01-02', '46198429794'),
('BuckAllman643@example.com', 'kKLN2uM1', '2019-04-24', '65608463925'),
('Parrott49@example.com', 'uh_8L646', '2019-06-09', '69390886392'),
('odnhj3@nowhere.com', '81244c59', '2019-12-17', '19241025887'),
('ElidaGreenfield53@example.com', '2raX3_PSA90', '2019-03-08', '22265118766'),
('LawerenceYang5@example.com', 'RK5_62kM_6j', '2018-01-18', '75081384090'),
('Bert.Gibbs37@example.com', 'UEoD6b2n', '2019-03-27', '88966144041'),
('WillisRoyster66@example.com', 'j_ZlzWmBM', '2018-03-27', '19822077884');

--
-- Inserting data into table driver_drives
--
INSERT INTO driver_drives(Driver_Id, Vehicle_Id) VALUES
('84824520389', '84762009473'),
('00567804238', '02173865731'),
('00780202869', '96430029520'),
('97962992620', '73897331573'),
('00449606739', '84207909072'),
('65957307694', '31506920355'),
('33506356541', '97777853432'),
('37072083565', '54442102047'),
('20022041275', '06624528047'),
('29656518233', '07337138687'),
('49543231570', '34363961540'),
('63168977893', '42992750185'),
('59546582633', '43315084438'),
('14233956782', '32245885545'),
('41030337905', '23682654712'),
('36548598361', '34029299329'),
('49157519834', '23755234342'),
('13954146492', '32908504540'),
('09396399231', '98043403163'),
('50330489243', '22809792910'),
('96073109760', '09613149873'),
('07336563832', '52032334972'),
('83280278560', '65434841348'),
('64092837942', '80088351198'),
('80146726840', '16404905516'),
('93799677090', '63616273797'),
('55169371055', '06940482994'),
('84237488846', '33955953648'),
('30568020350', '59305112499'),
('51191101503', '01193944992'),
('26412939937', '21218386656'),
('98265773815', '34002198635'),
('80677019047', '78776205898'),
('84049516035', '51816726737'),
('69115620832', '64666469284'),
('47733944213', '42808468958'),
('31550303860', '58170967291'),
('05410482664', '50357597656'),
('82341356169', '55816894161'),
('04874288045', '15829706885'),
('23009069181', '55616327299'),
('99949555908', '62758090314'),
('50826261095', '79719123630'),
('87308047394', '01623793745'),
('34339256015', '57410136234'),
('43872731500', '49126806356'),
('32884511612', '22868777271'),
('93998206095', '61138497331'),
('74046957491', '68447042198'),
('27075258511', '87586891921');

--
-- Inserting data into table passenger_address
--
INSERT INTO passenger_address(Address_Id, Passenger_Id, Town, Neighborhood, Street, Number, X_Coordinate, Y_Coordinate) VALUES
('83333671110', '41980968518', 'Dorset', 'Abercrombie', 'KY', '09784', -82302, 32155),
('42671615458', '75081384090', 'Somerset', 'Mc Afee', 'CO', '63600', -7646, -26856),
('89450797857', '96449610942', 'Greater Manchester', 'Kenmare', 'GA', '25023', -4498, 5456),
('49669740317', '62334459668', 'Banffshire', 'West Fork', 'NC', '11999', NULL, -63153),
('65153194692', '24827328366', 'Perthshire', 'Rienzi', 'NY', '09800', 741, NULL),
('64683003923', '19822077884', 'Down', 'Zuni', 'IL', '05000', -21653, 82660),
('26403163422', '83368902822', 'Kirkcudbrightshire', 'Statesboro', 'SD', '56718', 55463, -7649),
('83436103984', '07068497449', 'Worcestershire', 'Holliston', 'ND', '36034', 97473, -81538),
('14506570199', '46198429794', 'Nairnshire', 'Brockway', 'NM', '74637', 25176, -5),
('04722085989', '84565010338', 'Warwickshire', 'Aberdeen', 'MN', '11430', -12233, -94204),
('83333671110', '07068497449', 'Staffordshire', 'Fogelsville', 'SC', '58753', -90090, 67176),
('26798773591', '67751491585', 'Lanarkshire', 'Hollowville', 'AL', '08314', -8495, -10545),
('53630664996', '19241025887', 'Gwent', 'Brockwell', 'CA', '44701', 57228, 90339),
('83436103984', '68550800995', 'Dumfriesshire', 'Old Hickory', 'KS', '25509', 2, -38009),
('16198842944', '79710318546', 'Gwynedd', 'Aberdeen Proving Gro', 'IL', '03995', -2984, -1),
('83034435040', '68550800995', 'Powys', 'West Frankfort', 'MS', '92760', 472, 96269),
('83034435040', '19822077884', 'Dunbartonshire', 'Mc Arthur', 'MS', '28630', -28134, -13593),
('89957878752', '33815387354', 'Stirlingshire', 'Kenmore', 'OH', '44834', -31929, -7),
('42671615458', '95372947810', 'Hampshire', 'Statesville', 'AR', '93419', 3, 5416),
('67173273499', '87620382445', 'Herefordshire', 'Rifle', 'FL', '99394', 22605, -49271),
('47263002171', '69390886392', 'Clwyd', 'Brodhead', 'NC', '56995', -52108, -48813),
('49669740317', '62591651307', 'Dyfed', 'Old Lyme', 'ND', '14286', -607, 5562),
('56857658886', '83368902822', 'Suffolk', 'West Friendship', 'ID', '71402', 71025, 27475),
('64683003923', '13038794187', 'West Lothian', 'Abernathy', 'DE', '25961', 64778, 7282),
('51100472124', '01383057701', 'Lancashire', 'Rifton', 'MA', '60929', 15, 83383),
('26403163422', '46198429794', 'Renfrewshire', 'Statham', 'LA', '54949', -82, -94088),
('64959901913', '28527221778', 'Surrey', 'Folcroft', 'WI', '36476', 45, 21814),
('13778855831', '08176133941', 'West Midlands', 'West Granby', 'MS', '27418', -95367, -5),
('97886884538', '11857403249', 'Sussex', 'Mc Bain', 'OR', '24089', -93357, -10206),
('47318092794', '65608463925', 'Westmorland', 'Old Orchard Beach', 'NE', '86264', -536, -50594),
('56857658886', '75081384090', 'Bedfordshire', 'Hollsopple', 'OR', '82940', -74233, -81354),
('61144083899', '01612322395', 'Cromartyshire', 'Brodheadsville', 'IA', '48111', -83866, 64522),
('35543777221', '88966144041', 'East Lothian', 'Kennebec', 'WA', '42562', -53368, 36467),
('51100472124', '62334459668', 'Cumberland', 'Staunton', 'TX', '62500', -805, 6182),
('91873234527', '66412391485', 'Norfolk', 'Foley', 'NJ', '93675', -9893, -55076),
('40528270676', '51144847191', 'Hertfordshire', 'Abilene', 'MA', '20278', 47, 71091),
('28657548944', '63270315618', 'Cornwall', 'Rigby', 'NC', '41736', 29095, 30618),
('14506570199', '41980968518', 'Ross', 'Old Saybrook', 'MN', '43044', 33, -97552),
('27992415785', '68741278562', 'Sutherland', 'Riley', 'PA', '78441', -28147, 41703),
('20374795735', '83082750606', 'Leicestershire', 'Brohard', 'VA', '95059', 46024, 7),
('61144083899', '01383057701', 'Northamptonshire', 'Mc Callsburg', 'NV', '29913', -39, -26258),
('69359126011', '47227794330', 'Roxburghshire', 'Holly Hill', 'WV', '24416', -15557, -67633),
('40994864612', '22265118766', 'Berkshire', 'West Greenwich', 'MS', '18027', -83525, -7),
('98639395419', '19241025887', 'Wigtownshire', 'Stayton', 'NH', '18012', -73357, 84041),
('12770346101', '73813532485', 'Northumberland', 'Abingdon', 'NH', '03155', 35540, -66173),
('98639395419', '01612322395', 'Essex', 'Kennebunk', 'ND', '84068', -771, 38233),
('95108865541', '68741278562', 'Tyne and Wear', 'Old Town', 'UT', '57732', -33843, -64304),
('95108865541', '33815387354', 'Wiltshire', 'Brokaw', 'HI', '97790', -78323, 44525),
('53630664996', '95372947810', 'Tyrone', 'Mc Camey', 'OK', '69687', 4889, -32109),
('89957878752', '62591651307', 'Cumbria', 'Folkston', 'GA', '58893', -89315, 70771);

--
-- Inserting data into table passenger_phone
--
INSERT INTO passenger_phone(Phone, Passenger_Id, Phone_Type) VALUES
('2842143101', '41980968518', 'Pager'),
('0373239158', '75081384090', 'Work'),
('6919242679', '96449610942', 'Preferred'),
('4340889927', '62334459668', 'Home'),
('8099529732', '24827328366', 'Pager'),
('0662106849', '19822077884', 'Home'),
('7789112971', '83368902822', 'Cell'),
('6752268850', '07068497449', 'Toll-Free'),
('8147084567', '46198429794', 'Pager'),
('3980430248', '84565010338', 'Cell'),
('2842143101', '07068497449', 'Pager'),
('0785101685', '67751491585', 'Cell'),
('1458591266', '19241025887', 'Voicemail'),
('6752268850', '68550800995', 'Home'),
('5989071572', '79710318546', 'Mobile'),
('0136643314', '68550800995', 'Pager'),
('0136643314', '19822077884', 'Voicemail'),
('3835754611', '33815387354', 'Fax'),
('0373239158', '95372947810', 'Cell'),
('5584830158', '87620382445', 'Toll-Free'),
('0464346271', '69390886392', 'Work'),
('4340889927', '62591651307', 'Mobile'),
('7996073960', '83368902822', 'Toll-Free'),
('0662106849', '13038794187', 'Toll-Free'),
('3451027379', '01383057701', 'Home'),
('7789112971', '46198429794', 'Home'),
('3013494055', '28527221778', 'Mobile'),
('8319767370', '08176133941', 'Fax'),
('7244058278', '11857403249', 'Work'),
('7355118648', '65608463925', 'Work'),
('7996073960', '75081384090', 'Home'),
('0593208756', '01612322395', 'Work'),
('6360312561', '88966144041', 'Home'),
('3451027379', '62334459668', 'Work'),
('1207814012', '66412391485', 'Cell'),
('0736731663', '51144847191', 'Voicemail'),
('6337002933', '63270315618', 'Preferred'),
('8147084567', '41980968518', 'Toll-Free'),
('1615308545', '68741278562', 'Work'),
('8598010807', '83082750606', 'Mobile'),
('0593208756', '01383057701', 'Home'),
('4502185183', '47227794330', 'Home'),
('4027840953', '22265118766', 'Fax'),
('5324647420', '19241025887', 'Personal'),
('8206114267', '73813532485', 'Mobile'),
('5324647420', '01612322395', 'Home'),
('0756417759', '68741278562', 'Voicemail'),
('0756417759', '33815387354', 'Home'),
('1458591266', '95372947810', 'Fax'),
('3835754611', '62591651307', 'Preferred');

--
-- Inserting data into table travel_review
--
INSERT INTO travel_review(Review_Id, Message, Travel_Rating, Review_Rating, Email) VALUES
('91747636842', 'Nisi et debitis iusto quia recusandae incidunt consequuntur totam qui necessitatibus perferendis rerum voluptatem ut. Iure aliquam fuga, rerum et aspernatur et aut qui officiis tenetur tempora qui est laborum; voluptatum repudiandae corporis est enim consequuntur placeat laudantium iste commodi ut cupiditate ipsa neque laborum? Ducimus ipsa id nisi hic aliquam, sint sunt qui sit aut laborum alias minima rem. Quo ad aut facilis quis consectetur asperiores, excepturi qui asperiores et nulla omnis tempore et. Sit nisi, similique cumque aliquid ipsum magnam cum quos tenetur blanditiis repudiandae et vitae in! Ex fuga ex voluptatem cupiditate corporis est incidunt animi vel ab iste tenetur commodi sit. Quia qui rerum aut fugit recusandae aut dolor nobis cum ipsam aut voluptas facilis rerum. Est sunt recusandae qui quia similique aperiam cumque maiores corporis tempora non in dolorem id. Iusto et quia nisi repellendus tempore et vero dolor cupiditate, beatae voluptatibus aut omnis neque; rerum non beatae quo ad suscipit aut consequatur nulla amet earum dolor reprehenderit ex sit; est nulla, impedit esse nisi quo aut vel sed atque sit odit error iusto quibusdam.', '5', '1', 'ElidaGreenfield53@example.com'),
('43047518570', 'Fuga illum et velit et sed consequuntur repudiandae et quos sapiente ad est laboriosam ea. Qui animi aut non pariatur harum id rerum, alias illum officiis quis pariatur esse quasi. Voluptas sint qui quas et optio vel voluptatibus necessitatibus quisquam adipisci modi animi quos cumque? A dolore nisi, porro et necessitatibus ullam nobis vero doloremque incidunt omnis enim iure excepturi. Minima provident recusandae sunt velit dolor non ipsum quas minus labore voluptates veritatis quod qui; rerum eos laborum distinctio unde itaque voluptatem debitis, ea soluta neque dolorem natus dolorum error. Aut sunt, aperiam aut reprehenderit sit officia fugiat blanditiis quo illo qui enim voluptas sint; ullam molestiae sit recusandae ea voluptatum eum, repudiandae alias voluptas harum distinctio similique odit aut. Non facilis nostrum veniam consequatur ut ea facilis voluptatem aperiam mollitia culpa et sapiente in. Commodi veritatis et ipsum ut molestiae excepturi beatae hic qui id adipisci eos quam molestiae. Aliquam labore qui quia qui a aut quae odit error dolorem aliquam deserunt nobis non! Est ullam perferendis id quidem voluptates nobis rerum quae est earum ipsa possimus quas est. Obcaecati enim sint et maiores sit assumenda fugit quibusdam qui ullam quo sed repudiandae fugiat! Facilis accusamus cumque autem commodi magni ut iure rerum enim, quibusdam est minus porro fugit? Velit suscipit veritatis placeat aut vel amet provident et nesciunt quia officia asperiores est facere!\r\nReiciendis saepe aut qui ut et voluptatem cumque minima reiciendis veniam rerum et veritatis consectetur. Reprehenderit dolore quaerat soluta iusto quod voluptatem accusantium quia eius ullam dolorem optio, quae modi. Repudiandae totam nisi quisquam nobis exercitationem possimus voluptatem provident nostrum autem optio esse sint aperiam! Molestiae itaque deserunt est rem placeat rerum aliquid pariatur a quae possimus ipsum in ea. Ullam libero qui molestiae et laborum voluptates voluptatem provident rerum non sint perferendis saepe consequuntur. Odit corporis cupiditate voluptatem autem sit esse repellendus est vel libero qui laboriosam recusandae maiores? Ipsum aliquam sit et neque ipsum optio sint eum aut omnis minus eos eaque voluptates. Quia quae dolor corporis eos consequatur cum ab esse dolor odit et quia perspiciatis a. Sunt aut rem soluta a ipsam officiis et quis ut qui totam quidem quis temporibus. In repudiandae fugiat et in doloribus facilis, aut quae consequatur autem iure voluptatem reprehenderit accusantium. Alias minus vitae inventore tempora natus optio voluptates magnam aut qui ullam doloremque dolor excepturi. Iusto architecto, quia sit ut qui accusamus exercitationem deleniti quia rerum placeat tempora ducimus incidunt. Expedita quas nesciunt sed, quia et illum error culpa voluptas sit voluptates tenetur aspernatur placeat! Saepe odio ea reiciendis aut, eaque veritatis aliquam et dolore dolorem aliquam qui consequuntur accusantium; rerum totam hic autem commodi sit, id omnis distinctio nesciunt non aut at ipsam est.\r\nQuis a itaque, placeat praesentium ea maiores eligendi tempore odio fugit eum dolores pariatur perspiciatis. Esse molestiae rerum aperiam natus, magnam mollitia et quisquam est amet in ex sint odio. Temporibus fugit quia ea doloremque quia dignissimos expedita fuga officia nulla dolores perferendis sequi alias! Quo officiis et impedit vero nemo labore et nulla necessitatibus molestiae officiis eos sint quam. Cupiditate tempora cum eos eum id voluptatem incidunt minima est sit labore dolorem esse numquam; temporibus fuga similique eos et accusantium aut dignissimos accusamus ea culpa aut dolorem nobis laudantium. Quos est vel non quae qui nihil fugit velit odit accusamus velit consequatur non est; quo et ut saepe aut aliquid officiis quasi, laudantium rerum obcaecati ut molestiae ducimus sint? Quia quos rerum omnis adipisci asperiores omnis aspernatur dolorum fuga sed quas corrupti non quis; magnam harum, error labore accusamus aperiam quo neque et ut dolore repudiandae voluptas odit excepturi. Id fugit et corporis fugit omnis quam qui ea recusandae harum totam nulla, voluptate perspiciatis. Consequuntur vitae facilis, nobis rerum iusto similique ut quod soluta voluptatem incidunt qui quae est. Possimus eum quia consequuntur sint ea tenetur voluptate laudantium qui nihil omnis quas sunt delectus! Commodi reprehenderit eum natus et eius id, sed quasi aut ullam vel modi est dolor. Repellat illum asperiores est atque in explicabo, quis qui odit vel et voluptas aut voluptas. Et sunt eligendi obcaecati qui harum deserunt tenetur quo et facere modi perspiciatis et sit. Quisquam facilis voluptas totam, non hic consectetur necessitatibus mollitia beatae animi qui optio possimus voluptatem. Totam ea ut deleniti rerum quis est voluptatem aperiam eum labore ut qui non provident! Accusamus accusantium atque id asperiores tempora reprehenderit id sed aliquid porro labore et voluptatem omnis. Quia est et recusandae eveniet voluptas illum eos, laudantium est adipisci repellat minus sequi aperiam.', '5', '1', 'pdcw1967@example.com'),
('28383782178', 'Ullam eligendi sunt quia est, cupiditate veritatis qui modi illo aut tenetur possimus ea quo. Quo soluta ut est beatae cumque hic rerum quia qui commodi consequatur iure in qui! Ratione perspiciatis a autem, ratione incidunt et rerum inventore obcaecati porro possimus itaque aut rerum. Assumenda et nulla optio ut aut ipsam et est debitis qui maiores tenetur esse ratione. Dolores totam et omnis obcaecati possimus est quisquam id eos consectetur molestias dolorem consequatur impedit! Eos qui fugiat perferendis doloribus dolorem facilis quam suscipit qui officia tempore voluptas aspernatur iste. Nostrum voluptas beatae totam qui non temporibus et aut iure rerum ab quaerat nisi animi.\r\nRerum est ut qui, ad qui nostrum iste qui sunt ullam dolorem eius aut vitae; ab quaerat mollitia est, temporibus laboriosam laudantium totam doloribus aut enim quisquam ut et dolore. Molestiae facilis odio accusantium rem id sed quidem quas, quaerat aut minus eum nostrum reiciendis? Error et modi voluptas rerum consequatur odio minima rerum fugit ullam nostrum natus quibusdam consequatur. Ratione quas corrupti minus non amet obcaecati provident fugit aut quam aut eligendi odio soluta? Id nulla non omnis earum, eos veniam qui dicta qui in qui dolorem aut nostrum. Nobis velit pariatur asperiores, exercitationem sapiente cupiditate provident quos id aperiam sint rem veritatis quo. Aut non amet totam iste consectetur laboriosam, facilis voluptatem dolorem dignissimos aliquid tenetur voluptas repellendus. Et nam aliquam et ea praesentium est iusto explicabo fugiat, saepe dolorum est ipsum commodi. Mollitia quo harum praesentium consequatur temporibus tempora est et soluta nam ipsa vel aperiam debitis. Quia sit et, velit est et nihil et exercitationem laborum illum dolorem dolor ex eveniet; inventore quos, corporis qui distinctio ut corporis consequatur eum atque voluptas omnis dolorem iure aut; voluptatibus ullam vel voluptatem animi eaque cupiditate debitis voluptas laudantium voluptas vel est quas voluptatem.', '3', '2', 'Bert.Gibbs37@example.com'),
('42842812943', 'Temporibus rerum eum eligendi aut est autem sequi sed suscipit sunt repellat nemo eos illo.\r\nEst et sed velit dolorum aut modi, et aut ut consequatur natus eligendi enim voluptatem. Ut temporibus ab omnis dolor recusandae vel optio id voluptas sed rem obcaecati temporibus in! Modi inventore possimus a non necessitatibus consequatur aut molestias et fugiat magnam culpa est qui. Odit minima in repudiandae nihil odit beatae est sit perferendis et repudiandae quo voluptatum atque! Molestiae vitae, ex earum ratione minima id labore facilis amet ad quo consequatur in obcaecati? Et minus, eos itaque harum est cumque ut voluptatum consectetur dolor quia recusandae quod iusto! Corporis porro voluptas, quisquam velit voluptate et eveniet culpa nulla esse non minus repudiandae qui. Laboriosam magni dolorum, et minus commodi illum praesentium ut qui aut et asperiores ipsum nihil. Dolorum et quae molestiae et dolor sunt corporis vitae consequatur doloremque ipsum iure sit atque. Sed accusamus ab dolor labore est alias eveniet voluptas dolore fuga placeat nihil voluptatem unde. Ipsa rem labore est vero officiis voluptatem a est eum reprehenderit aliquam molestiae eos suscipit? Dolorem est quis explicabo corporis inventore architecto quos ut voluptas iure atque in tenetur sit. Voluptatibus at, odio vel et accusantium et in aliquid accusamus ducimus quas maxime labore velit; minus architecto et sequi, consequuntur ad molestias quis error qui ea iusto unde blanditiis officiis. Eligendi odio dolore est tempore fuga blanditiis error cum et explicabo sint voluptatem dolor et. Odio officiis vel tempora voluptatem reprehenderit eos excepturi et ipsam unde quos est voluptate magni! Qui minus, aut non culpa et in provident illum qui nemo minima sit debitis accusamus? Quis eligendi esse sequi ut rerum enim minus iure omnis sit illum est tenetur enim. Sint modi et consectetur nesciunt aliquam aut rerum delectus eius vel ducimus aut sit totam.\r\nImpedit facere iste vel fugiat ab voluptas tempora sit, reiciendis ipsum alias laudantium ratione eum; hic consequatur quisquam aut, iusto et odit iusto nulla repellat sed voluptas qui optio sed. Qui voluptatem doloribus quidem incidunt et dolores omnis voluptatibus veritatis voluptatum ullam consequatur pariatur reiciendis. Sed optio nesciunt dolores quas quia ipsam dolorem soluta ipsam aut eum qui eius qui. Sapiente maxime autem delectus itaque quas laborum numquam atque in dolores fugit et vel accusantium. Illum dolorem, ullam reiciendis debitis officiis esse ducimus est laboriosam consequatur facere ullam dolores hic. Qui est aut sint, repellendus et ipsa nesciunt officia recusandae et quia possimus reiciendis voluptas. Hic blanditiis exercitationem ea architecto porro et necessitatibus, ab enim ab fugiat nihil tenetur natus! Enim aperiam labore quidem tempora asperiores consequatur accusantium consectetur quos est illo cum perferendis sed. Itaque dolores dolore veritatis obcaecati soluta doloremque corrupti architecto est eveniet qui voluptatem doloremque molestiae. Natus omnis voluptatem ratione possimus qui voluptas hic voluptatem magnam in unde voluptatem voluptas possimus. Unde repellendus repellat tempora distinctio et consectetur sunt eos dolore eos aliquid totam et magnam! Reiciendis ea placeat, et quo aspernatur non vel commodi praesentium nihil eos quae dolorem tempore. Dolor placeat tempora voluptas necessitatibus illo excepturi aliquam non et quia minus dolore quia et. Velit est repudiandae eius dolorem voluptas in voluptates officiis dignissimos vel maxime velit aspernatur dolore. Corrupti quibusdam tenetur, est voluptas sequi porro obcaecati sed in inventore nisi ab enim et.', '1', '3', 'Ruff14@example.com'),
('42252147580', 'Quia magnam laborum aliquid est accusantium ullam unde maxime est modi commodi beatae soluta rerum. Consequatur quis ipsum ullam temporibus illo veritatis perspiciatis facilis voluptates obcaecati impedit officia est et. Aperiam ea necessitatibus tempora ex eveniet eligendi exercitationem sunt similique in voluptatibus voluptas similique est. Aliquid voluptatibus est omnis qui et ut neque quaerat consequatur aliquid iste deleniti beatae ratione? Et incidunt cupiditate est perspiciatis vel illum ut et voluptate culpa accusantium blanditiis consectetur debitis! Et enim qui alias voluptatum possimus praesentium ab ipsa ea nostrum enim et vero dolorem. Delectus ea dolor illum facere quia sed nesciunt atque maxime, molestias minima beatae eum totam? Quae explicabo quia ea, soluta labore quis nam quaerat rerum culpa sit fugit possimus animi. Ut dolores optio nam, adipisci nihil quibusdam delectus deserunt voluptas ea consequatur nesciunt quia dolores! Ut omnis et sunt et mollitia aut eum velit consequuntur incidunt repellendus voluptas temporibus similique. Repudiandae similique qui quia quam, omnis vel qui hic natus sequi velit qui sint numquam. Non ut aut cum voluptas non et sunt voluptas est assumenda eos itaque ipsum reiciendis. Quasi cum qui deserunt quo repellendus laboriosam eos at aspernatur veritatis suscipit fugiat tenetur enim! Perferendis soluta dolorem, asperiores earum enim blanditiis aspernatur animi facilis unde id dolor in provident? Quibusdam totam, vel odio eius enim ea cum perspiciatis libero molestiae earum ut amet neque. Ut nobis et expedita voluptas autem rerum, placeat est et aut et aut sapiente facere? Quas dignissimos eos laborum error quasi placeat cum ullam aperiam optio omnis, et laborum sed.', '2', '4', 'Roden@example.com'),
('77185159659', 'Dolore et unde, rerum maxime consequatur est at excepturi rerum explicabo quo delectus pariatur dolores. Natus amet, qui quis ut non placeat in exercitationem sit laborum est omnis molestiae voluptatem; magni minus, itaque quia qui perspiciatis quasi reiciendis distinctio incidunt neque sit nobis inventore explicabo; sequi officiis aperiam, quae sit doloremque blanditiis autem aut et qui tempora porro voluptas ea? Beatae perspiciatis id quisquam consectetur asperiores dolores dolorem autem dicta voluptas dolores provident dolor placeat. Consequuntur nemo et ratione aut vitae, ut repellat qui enim ut repellat mollitia animi iusto. Eaque repellat nam rem porro aut veniam quia error possimus aperiam, eveniet sunt illum vel. Sunt similique enim qui rem pariatur, sed assumenda recusandae iste nulla neque quidem culpa omnis; voluptatibus magnam debitis nobis voluptatum dolorem magni eveniet et ut sit et sint dolores ut.\r\nSunt rerum a modi consequatur, repellat exercitationem repudiandae id minus aut architecto neque animi velit. Animi dolorum necessitatibus et autem libero omnis earum incidunt iure voluptas eum autem vero architecto. Voluptate natus impedit ipsum aut vero quod earum velit, omnis ad porro et blanditiis nulla. Blanditiis debitis ea sapiente amet cumque amet cum sequi ipsum a earum qui in totam? Voluptatem similique, et quo impedit voluptatem dolorum eaque illo dolorem sit veniam quam assumenda expedita. Ut deleniti adipisci eos et pariatur porro modi perferendis eveniet hic, veritatis exercitationem amet dolores. Qui officiis nemo qui quasi, soluta a perspiciatis molestias dolor quod sed vero voluptate quibusdam! Cumque ullam, hic facere officia obcaecati aut sequi beatae quae a cumque aut debitis et. Voluptatum possimus eos quaerat ipsum consequatur rerum labore et velit voluptas autem possimus ad sed. Qui animi, commodi repellat aspernatur qui sapiente sunt aut ipsa autem illo rerum qui ipsam. Quidem sed iure nemo harum eaque dolorem maiores enim laudantium exercitationem tempora nam cumque qui. Totam qui obcaecati deleniti officia reiciendis laboriosam molestias iusto placeat nihil et enim sit facilis. Molestiae blanditiis numquam quis voluptatibus explicabo non natus omnis consequuntur atque ut voluptatem incidunt culpa. Voluptas tenetur harum, accusantium laudantium at aspernatur adipisci iste ullam repellat placeat mollitia earum deserunt! Aut unde inventore quae quidem odio quibusdam quo possimus adipisci commodi eum omnis reiciendis id. Ducimus corporis at temporibus officiis officia nisi consequatur perspiciatis, vel iusto autem debitis sunt sit; ipsum dolor nobis impedit qui consequatur nesciunt doloremque et exercitationem non rerum dicta recusandae sed. Possimus repudiandae sit ut officiis earum illum voluptas vel ipsum aliquam molestiae qui porro sit. Eaque illo dolorem ut, accusantium qui voluptatem repudiandae qui exercitationem sit culpa labore sit fugit! Aliquid est nisi maiores aut rem officiis quos ipsam, deserunt reprehenderit laudantium aut voluptas distinctio.', '5', NULL, 'ErnestineAleman@example.com'),
('33188101585', 'Perspiciatis veritatis et inventore consequatur ex ut ad eum quidem officiis non, qui est hic. Ducimus enim excepturi quia aut repellendus modi accusamus ab quaerat et laudantium et praesentium ad!\r\nSed nisi dolor earum aliquid harum eveniet nulla illo molestias nam asperiores ut voluptatibus aut. Recusandae aut est consequatur, velit minima molestiae nisi et maiores incidunt hic expedita sit atque? Ut aut nam impedit praesentium nihil ea excepturi dolores aut consequatur, deserunt doloremque quisquam dolorem. Tempora maxime laudantium dolore et distinctio, dolores facilis nobis vel nam atque beatae a eos; soluta ipsam quasi et ipsam earum libero dicta voluptatem qui mollitia rerum quo velit et. Nobis et quam maiores animi rerum sunt id qui, voluptatem ut eum consequuntur animi aut. Dolor et, assumenda rerum esse aut nemo voluptas ea culpa eligendi quia sint nemo molestiae. Possimus officia veritatis dolorum debitis molestiae quia nam enim cumque illum sapiente inventore qui dolor. Iure rerum unde quas cum vitae cumque omnis est minima eum, laborum quia accusamus alias. In aut quis illo voluptas voluptatem recusandae harum consequatur non eos voluptatem laudantium et sapiente! Ut reiciendis tenetur est voluptatem pariatur est labore, quia fugiat minima necessitatibus consequatur natus suscipit. Enim sint veritatis amet omnis a voluptatem qui aspernatur enim voluptas perspiciatis distinctio odit nobis.', '4', '4', 'Collazo@example.com'),
('24748895581', 'Non quia dolores consequuntur quas odit, autem voluptatem molestias dolorem quia sit nemo obcaecati dolorem. Impedit quasi est ut dolores nemo excepturi praesentium ipsam illum distinctio veniam nihil dolorem quis. Similique omnis cum, ipsam quo nesciunt voluptatem dolor modi non eveniet non eligendi non officiis! Exercitationem itaque dolores porro doloribus saepe error iusto et consequatur voluptatem nobis et quam dolores. Autem dolorum voluptatibus, sed voluptate tempora labore sapiente dolor praesentium maiores libero excepturi explicabo inventore. Voluptatem maxime minima debitis explicabo quos illo dolorem sed illo commodi odit et earum accusamus! Soluta ut nobis, earum et hic quo alias expedita ipsum eos provident facere quia sed? Qui omnis corporis tenetur nesciunt id in delectus corporis repellat repudiandae est enim quis asperiores! Molestias omnis at aut beatae modi ad ipsum rerum veniam omnis et facilis impedit voluptas; numquam eius veritatis dolor iste voluptas et laudantium qui voluptas repudiandae aut optio quas sapiente. Tempora nihil, mollitia aliquam deserunt veritatis ipsam aut in velit ratione aut repudiandae minus nemo.', '4', '2', 'VirginiaRosen@example.com'),
('72117475734', NULL, '5', '2', 'ZonaAmaral638@nowhere.com'),
('86011472058', 'Expedita delectus suscipit, id reiciendis sunt repellat sunt aut quo ea quibusdam ea non dicta. Eos ipsum quos qui et repudiandae vel libero minus sed in doloremque fuga ut dolores. Vel ea sapiente sint vitae eaque laboriosam illo quis exercitationem aut inventore quia blanditiis quaerat. Quisquam non enim nisi optio vel eligendi tenetur consequuntur esse veniam ipsa vel obcaecati officiis!', '5', '3', 'ColeenAngulo327@example.com'),
('76060293998', 'Eos amet culpa in excepturi ut asperiores sed mollitia voluptatibus veniam est animi itaque magni. Molestias error, tenetur est ut nam sapiente quae cupiditate voluptatibus est possimus ea earum molestiae; fugiat modi et doloremque ab vel ut voluptates sed corporis omnis maxime sint magni dolorem. Quam nostrum delectus et fuga, quia officiis at iure molestiae ratione maiores dolorum laboriosam est.\r\nEsse placeat distinctio dolor aperiam labore nobis quasi, odio suscipit et dolore quis laudantium incidunt. Voluptatum quam cupiditate omnis nesciunt possimus beatae est eos et sint consequatur accusamus dolores explicabo. Voluptatibus iusto qui et quam beatae maxime voluptatem sed accusamus reprehenderit cupiditate ut aspernatur quidem. Vitae provident ut et dolor ratione totam dignissimos non eos qui perspiciatis magni distinctio sit? Optio dignissimos expedita et repellat pariatur sit ab facere praesentium laboriosam deleniti qui nobis sed. Unde deserunt officiis sunt est ut et enim dignissimos molestiae dolores nemo assumenda omnis ea! Aliquid sit magnam consectetur vitae dicta maiores impedit natus sunt id consequatur consectetur ea itaque. Est corporis voluptatibus, sequi nemo optio in molestias qui delectus perferendis optio aut voluptate et. Fugit impedit sint iusto ut ad fuga rerum sit numquam esse est excepturi animi quasi.\r\nRepellendus minima a eos quo id voluptas et est accusantium necessitatibus dolorum eos quis quasi. Suscipit voluptas eligendi quis qui aspernatur, nihil enim dolore animi aut maiores unde sed magni. Qui sit vero repellendus non nostrum sit non, distinctio sequi asperiores reprehenderit repellat repudiandae nulla; vel expedita sequi nam ducimus ea quasi excepturi suscipit vitae deleniti facere ea quasi facilis. Perferendis non et, error suscipit cumque ipsum facere ut nobis alias ullam distinctio id dolores!', '4', '2', 'Adan.August@example.com'),
('24465157333', 'Quas veritatis ea aut, voluptas totam id totam in recusandae assumenda nulla non sequi aut. Itaque fuga aut esse illo officia id est quia consequatur officiis nulla, eum est et. Quae quia, temporibus aut quos ut non nostrum saepe nihil quia veniam doloremque et ex! Repudiandae aut voluptatem libero voluptas, consequatur provident est velit ut nihil veritatis perspiciatis molestiae ex. Nostrum ut eos, aut quo sequi quis mollitia delectus in quidem dolor esse tempore error; minima nihil consequatur numquam ipsam excepturi enim voluptas consectetur voluptatem non rerum sit qui hic. At fuga amet et voluptatibus omnis in velit iste adipisci laboriosam et necessitatibus dolorem sed! Placeat cumque, quam nesciunt enim expedita odit voluptatem blanditiis perferendis dolore aut minus dolorem sed. Consequuntur molestiae, suscipit in quis aliquam autem nihil aut non quae libero qui dolorem illum? Sint aut totam quasi incidunt voluptas quisquam rerum ex minima dolor voluptatem suscipit fugit excepturi. Est non quis magnam sint voluptatem corporis voluptatum aut dolor voluptatibus dolor id illo exercitationem; qui quam inventore nostrum, pariatur unde alias unde similique consequatur soluta quam aliquam quos quis. Dignissimos sed, et vero reprehenderit qui consectetur quasi obcaecati velit esse laboriosam eligendi sint quia. Nesciunt amet possimus odit a voluptas quo, animi voluptas voluptatem ipsa qui reprehenderit error blanditiis; voluptates quis aliquid rerum dignissimos quia et enim magnam provident aperiam ratione quas veniam soluta. Dolore atque doloremque totam optio et autem molestias delectus quia fuga laudantium facilis id reiciendis. Exercitationem ut ratione velit omnis harum est corporis quia necessitatibus ipsam quam et minus aliquam.\r\nFacilis aut explicabo nobis enim est alias architecto quas sed natus illo sint reiciendis quasi. Perferendis minima ratione consequatur nulla ut ullam et atque expedita numquam quia doloremque quam nostrum. Aut itaque dolorem quisquam voluptatem qui blanditiis sit optio alias aspernatur, quasi nobis ipsa odio. Reiciendis ducimus accusamus mollitia consequuntur molestiae sed sunt dolorem reprehenderit nobis minus consequatur rem ut. Laboriosam omnis sit temporibus non id ut sapiente doloribus cumque eveniet fugit sunt fuga molestiae! Qui aut vitae, molestiae non eaque aliquam doloremque dolores alias et molestiae iste dolorum et. Nemo sed aut velit qui illum dolorem eaque placeat rem labore reprehenderit id mollitia error! Earum sint nihil non alias saepe voluptas aut, vitae consectetur corporis modi est saepe excepturi. Sed eos saepe eum eveniet consequatur nisi, quis dolore ipsum eaque consectetur quos nostrum consectetur. Sint enim ea libero, aliquid et est id nihil eum sunt magnam reprehenderit quam culpa. Et dignissimos placeat iste et rem totam culpa sint iste labore consequatur ab et inventore. Natus sapiente, sit omnis eius aut autem dolores et molestias cum dolor explicabo et fugit. Minima quaerat incidunt eum quisquam et laboriosam id modi itaque amet fuga soluta dignissimos deleniti. Quidem sapiente sint vero consectetur sunt quas et aut ea sint minus repudiandae dolores dolorem.', '1', '5', 'Amaya@example.com'),
('67153468540', 'Aut et non perferendis vel cum eius adipisci ex qui consequatur natus ut tempore sed. Omnis deleniti dolores qui expedita ratione enim deserunt qui ut quisquam quas non voluptas dolorem. Ut eius natus rerum est consectetur sit soluta magni sed, minus fugit qui dicta praesentium. Ad aperiam id qui modi fugit sit aspernatur nam ut qui dignissimos sed rerum quasi! Tenetur voluptatum aliquid ex aut, aspernatur doloribus ipsa blanditiis sed ratione harum eum quis eum. Maiores molestias quo dolorum unde a soluta eos distinctio nesciunt et enim omnis sed asperiores. Quidem animi magnam, unde consectetur illo odit facilis dolorem aut minus nulla id sint maiores. Est sunt id autem ut odio, voluptatem doloribus culpa mollitia cumque sint qui assumenda quos. Et qui ut rerum, laborum commodi ratione natus aut voluptatem aperiam voluptatem corrupti ad nam; veniam obcaecati facilis error aut ipsam aut sint cumque explicabo aspernatur suscipit aliquam vitae id. Similique consequatur qui modi doloremque quia placeat consequuntur explicabo voluptas et ducimus dolore voluptatem inventore. Quia est consequatur voluptas vitae non, qui accusamus error quia perferendis autem et sit autem. Consequatur non cum sit in eaque nihil dignissimos dolorum, animi laboriosam magni ipsam debitis nobis. Vel dolore repudiandae repellendus sint eligendi provident magni cumque tempora minus aut numquam dignissimos dolores.', '4', '3', 'odnhj3@nowhere.com'),
('19872343962', 'Quod autem animi blanditiis cumque est assumenda labore et non odit rerum dolorem neque vel. Ea dolore accusantium doloribus tempore corrupti dolorem qui explicabo, id totam nulla totam aliquid ducimus.\r\nEnim dolorem laboriosam fuga asperiores consequatur in aut deserunt sunt tempore officiis reprehenderit nemo iure. Omnis fugit quae illo nobis, odio ullam dolor inventore totam optio est voluptatem dolore eum. Est excepturi quae blanditiis consectetur et nihil corporis vel est repudiandae rerum ipsa voluptatum corrupti. Quisquam omnis ratione adipisci esse ex iusto ea, est illum officiis laborum ullam omnis ea; culpa beatae quia odit consequatur sunt libero blanditiis vitae voluptatibus velit minima autem dolore eum. Molestias assumenda odit ducimus laboriosam quae rerum corrupti repellat eaque commodi odio dolorum ratione modi. Eligendi eaque aut, veniam est voluptatum autem perspiciatis minus distinctio qui et rerum blanditiis enim. Autem voluptas nulla enim, maiores et id in consectetur omnis recusandae provident ut architecto expedita. Error aliquam quidem porro molestiae provident temporibus beatae ut eligendi omnis debitis eos laudantium accusantium. Neque laborum tempora deleniti ratione optio omnis autem accusamus et error et delectus, ut alias. Maiores necessitatibus, eos eveniet doloremque eligendi rerum consequuntur est non iste odit aut error tempora; voluptatibus repellat asperiores consequatur delectus aut minus obcaecati repellat nesciunt ad dolor qui omnis vel. Hic quod fuga sapiente placeat beatae molestias ut enim et perspiciatis in voluptas consequatur officia. Perspiciatis quo eum debitis consectetur, et corrupti minima pariatur beatae quas voluptas quae quasi voluptas. Fugit voluptates nisi illo molestias provident impedit sed consequuntur cum et ut omnis facere culpa. Ut earum quia et soluta blanditiis iste voluptatem omnis eum consequatur tempora cum corporis quia.\r\nTemporibus ut consequatur est veritatis placeat nihil incidunt rerum veritatis quasi vel nostrum, minus ratione. Qui exercitationem odio et aliquid reiciendis optio itaque ut dolorum et in dolores saepe nihil.', '3', '3', 'BuckAllman643@example.com'),
('52673529967', 'Voluptates ea ut esse facilis odio qui molestiae qui ab et voluptate consequatur illo perferendis. Odio ratione pariatur, animi exercitationem laboriosam ea ut quod autem repellendus id consectetur vel ipsa! Ut autem repellat repudiandae ut optio ad tempora, maxime asperiores omnis corporis amet porro et. Neque in laudantium voluptas modi culpa alias ea ratione labore autem et ratione quia cupiditate? Repellat cupiditate eum doloribus reprehenderit sunt facere doloribus adipisci quam harum cupiditate voluptate non et. Labore quibusdam, mollitia expedita quod odio voluptas doloremque esse consequuntur vitae quod temporibus eligendi sed! Rerum molestias perspiciatis unde suscipit facilis officiis eligendi vel quo, doloremque sed repellendus sapiente autem.', '2', '1', 'HaroldLedesma@nowhere.com'),
('86506472646', 'Non aperiam enim autem magni eum, exercitationem maiores aut est nihil assumenda necessitatibus mollitia ut; ut vel ut reiciendis vitae est blanditiis dicta hic beatae ratione, dolores et vitae officia. Nihil sed fugiat, dolorum culpa id rerum in ut ipsa excepturi consectetur vel rem ea. Sunt facilis quo ut dolore ducimus sunt quis voluptatem ratione soluta quod qui voluptas odit! Officiis dolor expedita eveniet neque in optio qui odit sit animi a facilis enim qui. Autem veritatis dicta, a voluptatem adipisci quo nihil magni deserunt aut amet in omnis et. Nihil vero sint consectetur omnis aliquid aut at velit consequatur iure ipsa nulla aut perferendis. Cumque asperiores ut obcaecati consequatur repellendus, quo neque enim aliquid rerum voluptatem aut distinctio a.\r\nEt error atque ipsa est fugit ullam, dolore et ut illo molestiae magni non in. Soluta dolorem voluptatem, molestiae labore consectetur error quia veritatis sed similique ut architecto est in! Ut repellendus et, quae nisi aspernatur nihil assumenda est iusto quisquam sit necessitatibus laborum enim. Amet ratione consequuntur et amet explicabo ut accusantium et repellat consequatur inventore odio facilis odio? Sit nisi amet voluptatibus est dolore et ea quia rerum aut explicabo eligendi sequi optio. Et harum aut earum est distinctio enim error illum aspernatur quod nam voluptatem repellendus et. Autem ut, ipsa voluptas eveniet in esse aut autem veritatis recusandae sit quod neque et? Et eaque natus enim velit, nobis expedita ipsa rerum magni qui voluptatem quod omnis consequuntur. Assumenda at dolor accusantium, quaerat nostrum voluptatum unde adipisci in dolor debitis aspernatur aliquid eius; dolorem et cum molestiae odio sint expedita a sed consequatur et ex atque sit odio. Veniam veritatis tenetur quia possimus veniam totam pariatur, ex voluptatum architecto provident nam ut eligendi. Ut quis odit illum aut debitis placeat labore porro non hic voluptatibus dolore incidunt non! Beatae explicabo laboriosam sint ea perspiciatis recusandae iure ut iusto omnis tenetur ducimus, dolor nihil. Illo velit, itaque harum qui sunt quos perspiciatis quo nobis adipisci ab aut aliquid iste! Unde voluptates eligendi molestiae et omnis aut dignissimos asperiores quis rem quibusdam labore ipsum recusandae. Repellat voluptas, reiciendis nostrum quis accusantium et nobis quia ipsa et fuga provident omnis deleniti! Dolores pariatur expedita quisquam ut eaque illo et qui ea et aut temporibus delectus dicta.\r\nPariatur asperiores corporis qui consequatur et quo a id quasi temporibus incidunt nam quia adipisci; distinctio porro iste nihil cupiditate enim saepe nihil dolores quod ut explicabo quas blanditiis est. Necessitatibus eum et placeat a non neque maiores ipsum eius recusandae qui sunt repudiandae cum? Architecto provident voluptates debitis eum eveniet facilis explicabo perferendis sit quis consequatur dolorem cum fugiat.', '4', '2', 'ZonaAmaral638@nowhere.com'),
('95730291571', 'Voluptatem nesciunt iste, dolorem quidem aut commodi officiis nam repellendus amet maxime ab vero quia. Reiciendis assumenda sed nemo iusto, non earum eum voluptas qui magni eum dolorum quia qui. Iste voluptas voluptatem sit delectus explicabo necessitatibus eaque non illum velit at et asperiores et. Est repudiandae quod sapiente et dolorem vel eum atque sunt ipsa nostrum aliquid sed autem? A ut minus et facere sed consequatur vel sit quia officia molestiae velit voluptatem modi.\r\nAccusamus et id reiciendis qui velit nam expedita exercitationem qui possimus quidem at voluptatem eum. Totam corrupti ullam nostrum non voluptates labore nihil quia et omnis at explicabo eum impedit. Cum tempora nihil dolorum voluptate sit totam nemo iure pariatur est quo tempore tenetur quisquam! Sit est vitae culpa dolorem sed ratione rem, obcaecati quas quam nemo labore quis quas. Qui illum in iusto, quas et est sed aperiam sed omnis explicabo deserunt quis dolores? Sit earum magni velit sunt odit ipsam molestiae quasi pariatur laudantium dignissimos odit dolores saepe. Est possimus animi unde tempora nulla et minus alias qui quod enim molestiae repudiandae aut? Aut ut modi earum sed eos commodi fuga quo sed mollitia distinctio sint corrupti hic! Quidem nisi quibusdam quis laborum expedita nemo cupiditate qui vel autem facilis amet placeat voluptatem.', '5', '1', 'HaroldLedesma@nowhere.com'),
('99425478779', 'Eos eum, nostrum voluptatem doloremque doloribus vitae dolore at totam ab minus obcaecati dolores rerum. Et eum architecto autem provident vitae laborum qui et ullam molestiae qui cumque recusandae id! Culpa et eum neque sit voluptatem est velit magnam consectetur assumenda aut provident nobis tenetur. Voluptatem nemo beatae laudantium a cupiditate explicabo ipsam dolorum, sapiente sed asperiores odio quo neque! Ut et officiis voluptatem quam non accusamus non alias corrupti deserunt autem vel quibusdam culpa. Ab quos, voluptatem praesentium enim vero quia et facere optio atque ipsum dolor et ipsum; ratione dolor excepturi dolorem asperiores architecto eum minus dignissimos sunt adipisci animi architecto et magni. Similique aliquid provident cum expedita voluptatem aspernatur itaque omnis impedit doloremque nam est nobis sed. Qui consequatur est quos dolores hic autem id deleniti ut non saepe harum est ut. Velit quibusdam est eum voluptatum, aliquam ea laudantium facere ut veritatis laboriosam nobis veritatis sequi! Accusantium quam ut, ea dolorem accusantium nemo et deserunt est ad vel aliquam cumque et. Neque unde molestias libero repellat dolorem voluptatem, suscipit praesentium est laboriosam nam facere enim doloremque...\r\nAccusantium id maxime tempora voluptate commodi optio cupiditate aspernatur voluptatem nam suscipit est cupiditate debitis. Nostrum ea quis dignissimos consequuntur ea molestiae ullam quo quia sapiente voluptatem placeat sint reprehenderit.\r\nSuscipit assumenda quas reprehenderit magnam dolores aperiam necessitatibus maxime sed velit sed soluta excepturi at. Aut et placeat consequatur debitis laboriosam dolore earum laborum aut assumenda corrupti quis vero eius; dolorem accusantium placeat id voluptatem officiis veniam laborum nisi ex omnis ullam sit in vel. Similique autem voluptas iure voluptas iure numquam vel, provident commodi ullam vel accusamus facere a. Tempora molestiae incidunt in aliquid voluptas voluptate, dolor expedita excepturi pariatur sed nisi vel vitae! Itaque aut soluta non adipisci sapiente aut consequatur fuga quasi cumque voluptatem doloremque ea consequatur. Non et eius est atque rerum, vero dignissimos et quaerat molestiae at aperiam ea voluptas. Voluptate est libero ratione minima ex cupiditate est odit et magnam suscipit nulla consectetur aut. Quia accusantium quae, et ipsam id reprehenderit modi eos nisi et voluptatem doloribus mollitia ex. Laboriosam quis, aut consequatur facilis vel qui sed possimus eaque rerum aut distinctio incidunt et! Corporis blanditiis eaque reiciendis voluptas ut, et aut non vitae ut minus nesciunt inventore in. Fuga reiciendis aut ullam exercitationem est mollitia quisquam excepturi unde natus iste ipsam facilis et? Similique dolor consequatur, minus ut ratione qui soluta impedit at et doloribus perspiciatis voluptates aut. Dolores aut consequatur dicta minus deleniti corporis est autem voluptas ex in doloribus dicta voluptate! Eos est, natus aut et earum ut rerum modi nemo voluptatem unde dolorem dignissimos sequi. Est veniam assumenda et reprehenderit commodi ipsam nostrum fugiat ad ipsam et qui reprehenderit quia. Illum earum vel odio quae quia omnis et id quo obcaecati dolorem voluptates neque atque! Et fuga qui eaque culpa, iure possimus quos cupiditate sit aut ad accusamus dolores eum.', '2', '5', 'ColeenAngulo327@example.com'),
('78095305596', 'Ut assumenda ipsam consequatur molestiae consequatur repellendus dicta expedita reiciendis et autem sit porro et...\r\nVeritatis dolore, hic magnam odit et nemo minima aliquid et autem molestiae harum et quod. Reiciendis perspiciatis, voluptatem hic est molestiae aut explicabo iste explicabo dicta ea exercitationem dolorem assumenda. Ab iusto unde deserunt molestias aut explicabo unde sapiente et quia consectetur eaque similique ipsum? Odio ea laudantium laboriosam ipsum iste aut voluptatem nulla sed qui asperiores at rerum deserunt; facilis nostrum unde ut ea labore recusandae necessitatibus neque molestiae debitis ut qui necessitatibus voluptatem. Ullam veniam temporibus et ut, eum cumque dolores voluptatibus quia earum eveniet consequuntur in voluptas; quam exercitationem possimus amet quia ducimus nulla nostrum id et perferendis non a eum necessitatibus. Fuga labore error ea et facilis asperiores, aut placeat qui porro debitis nihil expedita dolores. Ut vero qui at minus labore natus nobis laudantium voluptatem omnis eligendi temporibus laborum architecto; minima sapiente quibusdam ullam tempore, laudantium et sunt ea explicabo voluptatum dolor impedit explicabo voluptas.', '2', '2', 'Crisp18@nowhere.com'),
('28161132614', 'Aspernatur et ut aspernatur vel minus dolores amet labore dicta culpa recusandae ea voluptas eaque; et doloribus tenetur ut quis aliquam eum enim est et, nam veniam consequuntur sit ab. Quibusdam necessitatibus, qui et repudiandae repellat vero nisi qui fuga facilis cum omnis aut tempore. Nostrum optio impedit odit consequatur omnis distinctio quas, debitis accusantium qui laboriosam magni autem quaerat! Aut modi eaque nesciunt veniam velit impedit cupiditate voluptate harum est perferendis quibusdam quae illo. Dolorem molestiae, non animi expedita inventore pariatur saepe nihil ex minima iusto sit consectetur sunt! Quasi labore, et totam cupiditate velit quia ut voluptatem unde voluptatibus consequatur nulla voluptas earum; quod modi voluptatum aut harum consequatur quo ullam adipisci molestiae mollitia et expedita voluptatem sit. Nam reprehenderit, sunt mollitia ut deleniti qui labore debitis facere itaque temporibus aliquid beatae sint. Vero earum, sint atque nesciunt et veniam nostrum vel voluptatem illum omnis est et cum; est sequi nemo sint asperiores minus nisi sint quidem ea eum nulla ducimus ipsa id. Animi deserunt dicta aut consequatur reprehenderit ut error et asperiores omnis totam veritatis sit quasi...', '2', '1', 'ErnestineAleman@example.com'),
('09833375070', 'Porro inventore incidunt in sit impedit est necessitatibus repudiandae quod qui sint quis aliquam accusamus. Aperiam sunt, libero magnam et ut quam ratione suscipit quia fugit officiis nemo molestias vitae. Est alias, delectus sint nobis sit odio animi commodi sint assumenda quas et aut in...\r\nAut dolorem quis maxime in distinctio iure fugiat et maiores vitae nostrum impedit consequatur blanditiis. Aut magni quis dolorem maxime quia dolore dolor sit neque quaerat suscipit esse rem ut; voluptate ex non unde vero, quo quod doloribus dolores quia est magni mollitia dolor accusamus. Odit sit eaque nobis nam incidunt aspernatur iste, sed eum quis sed accusamus voluptatibus et. Amet aperiam quasi, placeat quisquam nihil architecto eius quia itaque neque autem consectetur sunt placeat. Aliquid repellendus sit, perspiciatis aut quis nostrum consequatur alias in pariatur eligendi possimus iusto omnis. Vel ab non totam quidem libero iste sit quia voluptatum non sint fugit recusandae et? Aut dolorum sit magni provident voluptas commodi nemo et quibusdam non odit consequatur tempora voluptate! Dolore explicabo impedit minus fugiat vero accusantium est ut autem ea ab possimus eos alias. Et nemo, minima et consectetur neque rerum laboriosam ut ex veritatis rerum sed quam ex! Autem quis nostrum, asperiores iure cum maiores aut doloremque nulla dolore qui accusamus sit obcaecati. Molestiae nihil officiis ducimus et sunt in culpa animi omnis blanditiis perferendis laborum voluptates earum. Nam dolore vitae beatae amet necessitatibus nobis temporibus voluptatem, sed ipsam qui possimus placeat quia. Cumque distinctio alias cupiditate et incidunt quis doloribus praesentium maiores ipsa dicta, et est et. Quam hic, ea optio sit laboriosam ut non nulla sit sed officia quia et quis. Unde impedit quo sed velit et nemo nam quasi exercitationem molestiae temporibus et, velit doloribus. Repellendus qui ipsa saepe, sed aut beatae eaque repellat ut fugiat quibusdam nisi aut assumenda. Ducimus consequatur, enim rerum qui sed placeat labore dolorem ullam perspiciatis dignissimos nesciunt assumenda et! Cum et quasi consectetur, non nesciunt ut ipsam eius aut in quam magnam dolorum quis.\r\nRatione eligendi rerum porro fuga quam libero rem ea et ut reprehenderit architecto quae laborum. Non sint ut temporibus omnis nam quisquam esse accusamus aut, quis commodi laboriosam eos architecto? Deserunt quia officiis est blanditiis quod quaerat quisquam libero corrupti ea quia impedit rerum ducimus; ut voluptas praesentium dignissimos quia, eos similique laudantium dolorem ullam aut qui aut quia illum? Odit eligendi repudiandae tempora distinctio assumenda veritatis excepturi sequi quia facere tempore ducimus vero dolores. Reprehenderit provident ut quo consequatur consectetur harum quia dolorem nesciunt atque optio molestiae fuga quae? Autem est velit libero in dolor et quibusdam dolorem soluta sequi fuga ratione, est molestias; incidunt quos est dolorum earum tenetur voluptatem dolores, debitis aut omnis ullam ut at dolores. Tempora qui, amet sunt sit consectetur enim incidunt placeat atque animi beatae illo quae aut. Voluptatem omnis reiciendis ipsa at quasi illum ut sit vel qui ratione magnam facilis culpa. Laudantium accusamus possimus, est cumque repellendus eaque unde ad eligendi minus libero sequi necessitatibus voluptatem. Dolor est, totam quo minus voluptates autem repudiandae architecto molestiae rerum omnis dolores sit natus. Quo molestiae, qui velit illo voluptatem atque consequatur et iste aliquam sunt aut voluptas consectetur. Illum possimus, est repellendus rerum libero dolores voluptas aliquam aut provident facilis quos iste rerum!', '1', '4', 'AuraCrooks@example.com'),
('68524316845', 'Repellat ut iure temporibus, et ea alias porro reiciendis harum distinctio dolorem expedita sit omnis. Aut qui a, sed sunt cum quos provident ut deserunt rerum cupiditate quaerat odio non. Voluptatum id perferendis dolores omnis nesciunt vel sit pariatur illum qui expedita architecto veritatis blanditiis. Ut sapiente et eos dolor nesciunt et eveniet voluptate quia nobis culpa eos similique eos. Odio non architecto aperiam adipisci, aut est consequuntur aut dolorem non velit nam et adipisci; voluptas assumenda sunt, ut iusto dolores obcaecati inventore et neque est iusto a quam consequatur. Cumque consectetur quis harum sint, dolores nihil et consectetur sed qui voluptatem possimus tempora nihil. Minus laborum nihil voluptatibus harum doloribus consequatur quibusdam officiis mollitia est autem sit culpa sapiente! Ipsam aut voluptas sapiente aut perferendis corrupti ab dolores ad libero quod ratione qui est. Iure voluptas quia ad sunt eos et numquam nostrum sed quis porro et omnis iste. Est ipsum eos porro debitis architecto minus aut labore voluptatem error est consequatur ratione reprehenderit. Pariatur voluptatibus magnam id eos aut quasi necessitatibus cupiditate labore animi exercitationem animi est nihil! Corporis molestiae accusamus deserunt praesentium commodi ex illum aliquam magnam assumenda totam laboriosam ipsa consequatur; quo totam cumque consectetur ad quod, fugiat culpa dolorem consectetur porro veritatis omnis voluptatibus sapiente. Ducimus itaque incidunt ratione deserunt non est dolorem ipsum dolorum cupiditate nobis sequi est voluptatem! Sequi beatae ut quaerat obcaecati non aut et dolor dignissimos repellendus modi ipsum unde placeat. Fugiat delectus veritatis voluptas repellat iure repudiandae odio, reiciendis soluta est autem placeat sint tenetur.\r\nVero dolor doloribus sed omnis officia dolores asperiores reiciendis voluptatem, aut architecto minus odio sed. Fugiat amet unde qui voluptatem quo et, odio cumque totam reiciendis similique voluptatem et modi. Eveniet omnis rerum nesciunt quia dolorem fugiat rerum facilis eveniet eum odio non veritatis laudantium! Id debitis, nobis vitae quae asperiores animi et vero earum omnis eum dolorum incidunt reprehenderit.', '4', '3', 'WillisRoyster66@example.com'),
('75997379950', 'Molestias quaerat debitis hic quibusdam vel libero aut minus asperiores doloribus et consectetur iure quod.\r\nAnimi ad eligendi ipsam earum modi, ut beatae saepe est officia fugit et perferendis molestiae. Debitis reiciendis quia ipsa et voluptas, expedita suscipit obcaecati eos autem rerum qui perspiciatis perferendis. Consequatur est dicta sed qui veritatis est facere adipisci nostrum nulla illum aut esse eligendi. Aliquid et odio nisi quasi, aliquam unde quod dolorem repellendus aut et non est nihil! Quaerat porro molestias rerum id veniam aut enim mollitia laboriosam sapiente reprehenderit et obcaecati in. Voluptatem numquam obcaecati sed ipsa cumque quidem unde error eos ad possimus corrupti in eius; eaque dolore autem error voluptatibus sapiente, minima qui neque expedita molestiae sit et consequuntur in. Esse et eligendi pariatur quae officia recusandae nemo eius amet sequi assumenda mollitia ut provident. Aut beatae rerum quia possimus officiis nihil sit maxime qui sunt in aliquid ratione quis. Id dolores sunt officiis veritatis earum mollitia commodi mollitia culpa velit error numquam at ut. Id iusto, impedit soluta velit exercitationem quia placeat rem officiis praesentium voluptatem sint nesciunt qui! Voluptatem harum aut, sequi libero quia nesciunt eos sunt voluptas et est qui est quis. Aut itaque adipisci modi facere voluptate, rem maxime velit eveniet et modi eaque itaque nostrum. Molestias totam, iste numquam suscipit non recusandae velit eos ad aut reiciendis et est iure. Et consequatur fuga, voluptatem aliquam totam placeat laboriosam veniam fuga eum voluptas vero omnis dolore. Harum perspiciatis qui sed itaque repellat repellendus facilis earum dolorem aut voluptatem aut voluptatem minima. Voluptas non necessitatibus voluptatem et qui atque ipsum blanditiis cumque harum autem enim voluptatem aliquid? Odit qui dolor qui alias et ad eum ea qui similique quia dolorem vel voluptas. Et commodi aliquid totam sed impedit et rerum quis est voluptatem rerum corrupti veniam nihil...\r\nAccusantium quod qui, neque vero excepturi eius est delectus repellat ipsa numquam dignissimos suscipit dolor. Laudantium non odit quod itaque ut sint esse sequi ducimus assumenda voluptatem aut ducimus voluptatibus. Ipsum voluptates voluptas magni rerum ea facilis architecto aut rerum numquam sapiente quos qui voluptatem. Sunt quia sed voluptates optio laudantium nihil, in architecto et dolores voluptatem quis delectus possimus. Voluptate dolorum voluptatibus corporis magnam pariatur non eaque illum ut inventore recusandae expedita ducimus quis. Sapiente vel aliquid similique qui, quasi aliquid minima alias delectus alias esse consequatur eum et; qui quia fuga aut asperiores odit asperiores vero laboriosam eius dolor magni quis sed suscipit. Neque totam, ut quia autem quisquam est voluptas veniam dicta esse labore enim doloremque cupiditate. Quia rerum consequatur dolorem molestiae saepe reiciendis facere possimus blanditiis aut obcaecati sapiente dolores temporibus? Amet dolorem et esse illum saepe, quae odit id praesentium saepe eius qui nobis natus! Nesciunt itaque sint odio commodi cupiditate earum laboriosam cupiditate consequatur, eligendi animi repellat voluptates nam. Quas tempore ut, sapiente quisquam laborum iste facilis est nesciunt maxime expedita dolores aliquid veniam. Qui sed consequuntur error id quibusdam ut eveniet porro recusandae nesciunt error sint maiores ut. Est enim ut vitae voluptatem obcaecati aut culpa asperiores quo rerum iusto eaque, eligendi omnis! Quia molestiae iure quisquam enim et possimus expedita totam praesentium cupiditate beatae voluptate corrupti id. Minima odio esse distinctio voluptates facilis officia libero non autem accusamus qui rerum et dolores. Temporibus error delectus, dolorem architecto at dolorum possimus dolorem aut eveniet in nemo omnis quibusdam? Iure ab unde magnam, sit accusantium alias et neque tenetur sunt atque nobis est et. Ut veniam voluptatem quis cum consequatur iste dolore architecto, omnis possimus non ab veritatis aperiam! Quos tempora incidunt ullam architecto voluptatibus, saepe excepturi vitae nisi praesentium non ullam similique enim...', '1', '5', 'ElidaGreenfield53@example.com'),
('44248497795', 'Ut maxime aut qui omnis assumenda delectus labore eum, exercitationem quo aut ea voluptates quas. Sint et ea tenetur a earum sint eos sed iste vitae voluptas repudiandae ut est; voluptatum sint voluptatem officiis voluptates optio non fugiat, repellendus est nihil magni illo omnis et. Quia eius minima, quis sed natus consectetur dolore harum iste consequuntur voluptatem debitis molestias accusantium. Ullam sint quisquam vero non et aperiam expedita esse qui quasi cumque perspiciatis cumque et. Ab et est enim voluptatibus ut voluptas quia eum omnis officia dolores molestiae corrupti accusantium. Non omnis, cumque possimus sit quasi et voluptas corporis aut dignissimos fuga amet quam facilis. Fugiat velit assumenda ea distinctio et enim quis quo consequatur et odio eaque rem aut. Molestiae labore facere sed quo officia qui aspernatur nulla enim non omnis dignissimos magni illum. Et nulla eveniet, incidunt vel nisi et fuga odit adipisci labore beatae voluptatum commodi quo? Dolorem dolor obcaecati, dolor nesciunt ullam et excepturi ut quisquam doloremque rerum ut at molestiae. Omnis ut corporis ut alias voluptatibus illum ut qui dolorem totam ea quo similique inventore. Iusto voluptates cum provident rerum facilis minus atque quam sunt voluptatem incidunt corrupti quasi sit. Ut dicta exercitationem iste officia dolorum nostrum unde enim mollitia ratione sed dolores aut facere. Deleniti similique maiores aut ab id architecto aliquid quo exercitationem dignissimos voluptates deserunt ut exercitationem.', '1', '5', 'Harrell429@example.com'),
('74485767134', 'Ratione nihil in provident, et voluptas sunt consequatur rerum repellendus voluptatum fuga consectetur quod est; deleniti rerum beatae quia cupiditate eos doloribus sunt voluptatem omnis id laudantium iure voluptatibus ex. Praesentium consequuntur voluptates quasi cum velit libero dolore enim cum dolor consequuntur repudiandae cum veniam! Dolor fugiat mollitia error omnis tempore sunt nulla beatae maxime voluptatem vel sed rerum sed; porro praesentium est dolor aut id, voluptate labore sed eum et qui voluptatem sint consequatur. In sit corrupti similique mollitia ex repudiandae eaque necessitatibus deserunt similique iste at id corrupti. Dolor numquam, iusto ut consequatur rem placeat at et at voluptatem libero sed quae at. Ut culpa ratione quos alias aperiam sequi molestiae quo est eius est in magnam velit! Magni non ratione dolorem minus eos repellendus quia dolorem corporis natus quia suscipit ducimus fugiat. Sed et quod mollitia et perspiciatis quaerat accusantium alias dolorem voluptas cumque consectetur qui nihil. Et dolorem similique sunt in fuga, nihil explicabo consectetur maxime facilis aut doloremque ut veniam. Sed rerum possimus aliquam est, amet ducimus eligendi id amet nihil error nobis qui autem? Magnam voluptas velit et alias est totam non sit voluptas est sunt omnis voluptatibus commodi...\r\nDolor accusantium eaque dolor voluptas itaque nesciunt exercitationem et a delectus tempora eligendi tenetur impedit. Expedita consequuntur aut et obcaecati magnam delectus error ea aliquam explicabo qui modi nostrum et! Suscipit sit atque voluptas porro totam illum suscipit consequuntur dicta quaerat et totam eius debitis.', '3', '1', 'ColeenAngulo327@example.com'),
('43342961999', 'Fugiat nemo molestiae tenetur iure sequi obcaecati quia aliquid sit amet est quia laborum et. Ut commodi quia voluptatem nobis aut dolorem iure a et quisquam deleniti animi libero dolorem! Magni necessitatibus deleniti eos incidunt, officiis perferendis sed reiciendis sint dolor unde accusamus molestias nesciunt. Nobis reiciendis qui quo dolorem et nisi molestias nam tempora iste sit ea dolorem consequatur? Reiciendis saepe error labore aut provident qui, nemo iste enim ipsa reprehenderit non rem quae! Modi quidem ducimus explicabo consequatur doloremque culpa atque ab aut nulla, consequatur accusantium et fugit. Quaerat totam eaque molestiae ratione esse natus tempora quaerat dolore est eius voluptatem vel neque. Necessitatibus illum cumque veniam quae doloribus ut est reiciendis quisquam sequi, rem consequuntur labore non; repudiandae fuga ut inventore repellendus facilis eos distinctio fuga et accusantium error harum possimus repellendus. Quisquam quis laborum blanditiis ullam quaerat expedita eos debitis dolorem suscipit voluptas tempora ullam vel; nostrum nisi sint sed, error harum culpa velit eos mollitia ea incidunt quos est illo; qui eos corrupti maiores sit nisi qui, architecto in ea accusantium praesentium amet ipsum iusto; dolorum ea ratione, quae quisquam corrupti eius obcaecati et aliquid temporibus natus autem perspiciatis repellat.\r\nExplicabo ut est, ducimus reiciendis aut iusto voluptas omnis non neque id aut laborum ipsam. Enim quae facere sapiente, facilis molestias vel ratione qui amet numquam praesentium consequatur exercitationem aut. Culpa explicabo dolorum quam necessitatibus aut facilis, est omnis et qui quo doloremque cumque sapiente! Iure enim praesentium officia qui aliquid explicabo, aut repellat nostrum dolores aut voluptatem aut cupiditate. In natus quam animi maiores debitis hic alias error facere nihil quod ut et repudiandae. Nihil eum et, vitae assumenda laudantium qui voluptatem officiis omnis tempore aut libero quis et. Saepe doloribus numquam non eligendi autem voluptates magnam dolorem aperiam mollitia pariatur modi incidunt perferendis. Quis quia recusandae sint expedita, aut eius hic sit iure dolorem facilis quis quo est? Sint voluptates tempora quod deleniti doloribus minus non blanditiis quo est ad excepturi a id! Est suscipit et sit nisi provident, omnis tenetur eos eligendi quaerat dolor pariatur numquam ut. Non est et pariatur mollitia et corrupti vel dolorem est assumenda tempore odio aut eum. Sunt quidem ullam sint provident asperiores, veniam eum laboriosam tenetur dolorem odit eligendi sed omnis.', '1', '4', 'Adan.August@example.com'),
('89194021861', 'Eum aut rem accusantium in quas quos porro consectetur omnis eum asperiores veritatis dicta ipsa. Dolorum optio quam dolorem debitis eos quia non nulla est et quae non vitae ut! Consequatur nemo excepturi nemo, accusantium saepe voluptate velit fuga esse velit asperiores earum quidem eos. Molestias blanditiis provident minus enim ullam rerum voluptas minima et consequatur ex quia sunt sapiente! Quae similique voluptate ab porro, quo distinctio sit sequi recusandae nihil est voluptatem molestiae eum.\r\nIllum eligendi ipsum voluptates vero tempore aut eius quia assumenda doloremque iste voluptatum explicabo aut. Atque dignissimos et, dolores voluptas asperiores voluptatem facere perspiciatis distinctio quae nam voluptate ea officia! Vitae qui ut hic aut nemo maxime architecto, quaerat a eum praesentium commodi odit et. Tenetur maiores beatae, et deleniti recusandae et aut esse dolores sunt sequi sunt alias qui. Rerum fugiat, ex cupiditate omnis ex nulla delectus illo consequuntur facilis unde mollitia ab ea. Nihil rerum, dignissimos expedita consectetur similique in quam sequi nam corporis et sequi eos non. Hic voluptatum sapiente inventore et inventore non temporibus ad velit ea hic accusantium omnis dolor? Nihil ut quo cumque ducimus, minus deleniti illum alias consequuntur nisi provident eos molestiae modi. Sed asperiores rerum ut recusandae quis eos fugit itaque nemo asperiores minus optio qui et. Possimus voluptatibus eos quo incidunt laudantium minima corporis veritatis aperiam incidunt et voluptatem ut quia! Aliquid laboriosam omnis id, omnis debitis ea dolorem dolores autem aspernatur non inventore quia dolorem; est fuga eveniet et iusto velit ipsam quisquam dolore corrupti sed voluptas accusantium aut temporibus. Exercitationem ex consequuntur quo illum in quas debitis magni id et nisi optio rem quam. Itaque rerum quis ipsam placeat sed laborum, sit et corrupti necessitatibus molestiae veritatis sed officia. Quia est quis quas quisquam autem qui vero est veritatis velit quia enim omnis aut. Eos rerum quod aut aliquam consequuntur voluptatem quis dolores facere et voluptas ullam ea hic! Porro dolorum accusamus aut, nobis qui quos et ut magni eligendi omnis dolor nobis delectus. Delectus dolorem magnam magni sunt voluptatem id suscipit ut culpa at nulla id quas fugit...', '3', '3', 'Shanice_Bumgarner9@nowhere.com'),
('74691511599', 'Eum pariatur, et mollitia quasi culpa ratione est mollitia consequuntur repudiandae consequatur minus est asperiores. Placeat sapiente quia aliquam blanditiis labore sed, odio officia aut non et voluptates natus animi! Id corrupti distinctio veritatis tempora cupiditate blanditiis qui earum laborum et vel repellat in et. Necessitatibus et voluptatem ullam deleniti sint sunt ipsum voluptas rerum enim quasi nihil ut minima! Et qui laborum assumenda sint libero, deserunt eos et deserunt eaque sit praesentium nam expedita.\r\nVitae velit totam omnis harum neque omnis molestiae itaque ipsa beatae ut et id dolores. Repudiandae corrupti nihil ab eveniet nulla quos non velit dolorum sit obcaecati omnis non fugit. Voluptate quo cupiditate enim explicabo eos ab quos omnis totam odio in eveniet perferendis consequatur; repellendus ipsam rerum sapiente eos et eius, ea hic odio nemo neque voluptas atque iste. Ut qui, esse accusantium in ut quidem qui animi consequatur quod voluptatem aliquid mollitia porro; molestias quidem numquam est obcaecati, est cumque mollitia ullam ut totam ab odio in aut. Ut error repellendus est non dolorum deserunt voluptates sit nihil repellat consequatur vel autem ab! Dolores veniam aut vel odio in hic repudiandae eius iste tempore reiciendis et neque aperiam...', '1', '4', 'AuraCrooks@example.com'),
('48137604219', 'Similique repellat ut nisi repudiandae quaerat voluptatem mollitia itaque rerum incidunt dolor hic similique et.\r\nVoluptates laudantium magnam rerum veniam, neque enim laudantium eligendi sapiente commodi voluptatibus amet et libero. Adipisci distinctio ut ullam iste quod in sit repellendus laudantium sit velit voluptatum nemo ut! Expedita modi error dicta excepturi, perferendis repudiandae non laborum recusandae reiciendis magnam nemo non aliquam. Ut non voluptatibus magnam quaerat aut inventore minus consequuntur est unde qui minus asperiores reprehenderit! Et sint optio possimus nobis, ipsam modi delectus ea fugiat aperiam odio vero temporibus suscipit. Ea sapiente dolor aut laudantium itaque laborum et repellendus, error vitae porro voluptatum sed sit! Tempore magnam dolorum aspernatur, saepe iusto enim id in rerum necessitatibus in debitis quidem consectetur; velit voluptatum ea minima et aliquam omnis velit iusto ipsam quisquam molestiae vitae asperiores quia. Nostrum sunt molestiae voluptatem doloremque adipisci, nihil nostrum necessitatibus non omnis natus qui aut recusandae; rerum ad quaerat et quaerat non hic non modi dolorem incidunt aperiam possimus, amet et. Reprehenderit illo rerum aliquam aliquid rerum autem fuga nihil earum rem eius rem quaerat eos. Accusamus numquam nam, rerum molestiae tempora culpa rerum harum consequatur sit quos est ipsum fugiat. Molestias a natus ut nisi, consectetur libero explicabo enim est distinctio natus rerum quis enim? Natus nobis temporibus expedita est et quo nihil cupiditate assumenda dolor aut possimus omnis dolores. Explicabo illo obcaecati inventore numquam laboriosam voluptatem voluptatum et ex vel blanditiis voluptatibus ut aut! Atque eos inventore incidunt voluptates et accusamus recusandae aliquid ea sint quia magnam earum enim; qui consectetur exercitationem nostrum sit non sint rerum quos ipsum non, est ut ab aut. Qui iure molestiae et officia debitis, autem dolor nisi sit natus quo magni unde cum. Dignissimos rerum libero tempora, rerum velit ratione quibusdam eum quam expedita ut qui rem repellat! Quo nam minima ea praesentium voluptates sint ratione sint voluptates sit aspernatur quis sed saepe.\r\nQui eos officia, ea autem asperiores ex earum iure dolorum ut enim omnis rerum ipsum. Atque quia aut illum aliquid placeat sit qui laudantium et unde esse autem nobis qui. Expedita non nobis magnam voluptas commodi aut maiores molestiae at sed cumque ipsam ea sed? Perspiciatis voluptas accusantium officiis quibusdam incidunt quam tenetur similique perferendis rerum quae repellat earum quia. Non ipsum non tempore, quasi eum placeat nihil aut vel et beatae quo voluptas eveniet. Enim dolores ducimus tenetur ex asperiores quod, saepe rem odio possimus qui odio accusamus dicta! Distinctio iste veniam nihil neque ut doloremque harum aliquid mollitia magnam minus non ipsa quisquam; quidem repudiandae dolores, eum autem doloremque est aut ab suscipit voluptatem et consequatur quia rerum. Atque rerum quia eos sapiente saepe aliquid nisi dignissimos quia adipisci vel deleniti ex doloremque...', '5', '2', 'AustinClinton@example.com'),
('26347869131', 'Sapiente eaque voluptas dolores vel consequatur qui voluptatem magnam quidem quo dolorum eos eveniet consequuntur. Et at ad tempore dignissimos quisquam ut natus praesentium quam ut nostrum tempora dolores molestias! Nobis aspernatur aliquam eveniet eligendi quos quia cupiditate corrupti commodi et ut dolores, molestiae nulla. Natus beatae sed voluptas odit ipsam error recusandae perferendis aut in et aut autem sunt. Obcaecati quibusdam quo consequuntur quibusdam veniam tempora, consequatur exercitationem et ab fuga vel assumenda enim! Cumque animi voluptate et dignissimos quisquam modi est fugit sapiente culpa est aut eaque sint.\r\nVoluptas obcaecati dolor nostrum minus vitae nisi libero dolorem nobis qui possimus dicta ipsa soluta. Officiis quia ducimus omnis, rerum laudantium doloremque in nihil esse error voluptatibus ex accusantium illo. Incidunt voluptates id, velit ducimus asperiores alias quas dignissimos ab modi deleniti voluptatem distinctio similique. Quod dolorum nam, soluta consectetur sit et dolorum ea ipsa perferendis a neque aliquid voluptatibus. Exercitationem quis velit sit libero voluptate eum blanditiis sed eveniet est ipsum nihil in possimus. Culpa odit nam voluptatem earum autem temporibus labore praesentium eos blanditiis ipsam quae quia ipsum! Est debitis pariatur et earum quia praesentium consequuntur veritatis sit repudiandae qui sunt provident consequuntur? Nobis facere harum asperiores autem, itaque rerum eum quasi quidem atque sint aut nesciunt a! Et ut aut repellendus velit a rerum sint suscipit sequi sunt iure qui et ratione? Illo et veniam est ea et consequatur eum, error recusandae fugiat autem sint distinctio dolorem. Iste odio quam voluptatem animi ipsa ducimus eos quasi est quaerat, qui voluptatem minus in! Consequuntur nostrum fugit voluptas dolores expedita et voluptatem veritatis accusamus eos quia dolore beatae aut. Similique ab ut aut cum nihil et aut in quae et consequatur qui iste necessitatibus; tempora amet omnis vel, eum blanditiis et culpa ea unde laudantium voluptas voluptatibus cumque omnis. Ratione cupiditate ex ipsum distinctio illo velit facere laborum quasi voluptas incidunt blanditiis quia omnis. Dolores placeat qui quia amet non, natus in est sequi dignissimos illum temporibus laborum officiis.\r\nEst voluptatibus nobis omnis ut ipsum expedita unde tenetur in aut velit impedit vel modi. In enim qui, accusantium fuga possimus est qui itaque accusamus voluptates minus ipsum distinctio quasi. Iusto dolores qui non rerum maxime tempora et obcaecati pariatur accusantium nulla quos possimus numquam! Odit illum maiores consequatur enim autem libero modi rem nihil blanditiis officia et nulla magnam. Accusamus sit repudiandae ut aut modi soluta aspernatur magni eius id voluptatem libero molestias id? Obcaecati quisquam molestiae quis ad fugiat obcaecati culpa natus libero saepe inventore ut et quis; sit nesciunt ut, porro est a dignissimos eaque aut distinctio voluptatem aut perferendis qui delectus. Ut sunt ex voluptatem unde architecto delectus sint voluptatum ullam iure, inventore molestiae placeat reprehenderit. Perferendis impedit voluptates ut totam perspiciatis iusto cumque voluptas nemo assumenda cupiditate quasi non sequi? Consectetur dicta vitae nisi dolor quia aut beatae saepe non laboriosam est quia et ea; sit pariatur et accusamus natus consequatur quis, veniam libero et sint fugiat omnis aut soluta. Alias odit error, amet consectetur amet a voluptates illo odio optio ipsa magnam unde voluptatum! Consequatur necessitatibus natus, saepe sequi eum sapiente voluptas eum id ut est suscipit ut quo. Odio sit in quam maiores possimus maiores sint deleniti qui in voluptatem et ut eligendi! Quam aspernatur reiciendis optio et ea nulla vitae ab sequi saepe quia sapiente ut ipsa. Earum expedita commodi qui dolores ipsa ipsum eveniet ullam aliquam perferendis deleniti dicta repellat nemo. Iusto minima, ut qui rerum hic veniam voluptates et nostrum provident vel ullam est facere. Est deleniti sed illo expedita saepe a explicabo eos et voluptatibus sequi nobis odio rerum...', '1', '2', 'Brianna.Mcgrath@nowhere.com'),
('00911352594', 'Recusandae id officia provident mollitia qui accusantium eos velit temporibus ut ea reprehenderit eaque suscipit. Possimus rerum est dolor reiciendis velit quos debitis ipsa nobis eius mollitia repudiandae nihil veritatis. Aut sed optio et amet eveniet est qui voluptatum nihil dolore corrupti fugit asperiores sint. Deserunt suscipit aut aperiam dolores est maxime magni nemo porro, aliquam nemo ea tenetur perspiciatis. Est et deleniti et, ipsam dicta facilis aut et a nesciunt asperiores inventore ea enim. Similique corrupti, velit dolores nihil at dolores sunt sequi in iure eos quaerat ipsum porro. Velit quisquam officia possimus ipsa molestias consectetur doloremque quia saepe voluptatem repellat possimus et quis. Et natus aut vero aut delectus eum sint adipisci iure ut sint maiores nihil consequatur.\r\nEt nobis dolor nulla ea eos odio dolorem in officiis et sequi in ut repellendus. Et illo dolor rerum eaque rerum ut fugit voluptatem repellendus rerum id molestiae blanditiis aperiam. Ea excepturi distinctio, repellendus reprehenderit sit pariatur veritatis sint et non veritatis voluptas eos reiciendis. Aut soluta non doloremque at enim ipsa quis autem est libero modi et autem nulla. Animi non dolor repudiandae sint consequatur cum voluptatem illum, dolor laboriosam quo blanditiis repudiandae suscipit. Et sequi id placeat exercitationem velit dicta aspernatur non aut laborum nulla in quia et. Dicta aut veniam obcaecati in dolorum id omnis exercitationem quos nemo aut deserunt cumque sint. Neque dolorum assumenda, ratione et quos recusandae velit adipisci maiores eos fuga accusamus quidem ipsam? Quidem aut eos doloribus, et doloribus asperiores non architecto impedit perspiciatis debitis earum aut labore. Animi optio, expedita consequatur pariatur temporibus autem sint quos velit vero aut nisi possimus rerum. Nihil dolor voluptatem at molestias dolores eius fugit dolorem reiciendis animi optio ullam ut at. Tenetur est sunt sit, quo ea et architecto explicabo laboriosam voluptatem rerum animi perspiciatis iusto.', '5', '5', 'Collazo@example.com'),
('80799346358', 'Beatae eligendi libero et quis et libero est facilis minus laboriosam possimus eveniet velit quia. Consequuntur molestiae, et quibusdam ut omnis in consequatur sit vitae aut ex aut laboriosam ipsum? Sunt qui doloremque debitis neque velit quas dolor illo expedita porro aspernatur repellendus aliquid et. Atque veritatis ratione consectetur quis molestiae velit laboriosam dolores cupiditate nulla labore omnis sed qui. Odit odio magnam dolor omnis architecto est velit tenetur aspernatur deserunt et consequatur officia inventore.\r\nExpedita mollitia modi enim et amet ipsum, possimus sit qui sed et ipsum omnis ut. Rerum ut esse omnis repellat quibusdam similique quia aut quo sed laboriosam eligendi quis nemo. Quo ipsum vel voluptates sit consequatur iusto distinctio ducimus recusandae voluptate soluta autem eum ullam. Eligendi consequatur aliquam quibusdam illo cum, vel quia ratione doloremque eum dolore ipsum culpa expedita. Molestiae recusandae in consequuntur magnam, similique debitis fugiat quas et rerum quas consectetur aliquid quod. Est nisi quia ea vero distinctio nobis, tenetur officiis sit ipsa recusandae voluptas qui esse. Blanditiis quo quaerat et quia harum placeat asperiores, nesciunt quo dicta facere nobis et rem? Quo quibusdam dolores quia, id a debitis tempore fugiat dicta quae et possimus sed vel. Mollitia voluptatem accusantium quidem accusamus aut quo, illo dignissimos saepe sit id cumque officia accusamus! Id sit quasi at consequatur dolores officiis at non odio nemo ipsum molestiae, at et. Et nesciunt natus deserunt ipsum iste, animi voluptas eos et aliquam quisquam non veniam non; beatae et sint iste, eaque magni facere ut aut facilis alias consequuntur repellendus quis debitis. Sed vero quam laudantium quia excepturi sit nam, sint pariatur suscipit qui cumque doloremque accusamus. Magnam vero ut, aliquid dignissimos eum ut esse omnis atque eius accusantium voluptate corporis architecto! Deleniti qui ut asperiores consequatur aut voluptatum et aut provident alias asperiores sunt dolorum ex.\r\nBlanditiis atque asperiores consequatur totam aut sit eos itaque eos dolore molestiae earum debitis animi. Consectetur nihil, eos voluptas molestiae deleniti ab voluptatum rerum molestiae quam fugit repudiandae voluptates sint.', '5', '4', 'BuckAllman643@example.com'),
('52370340629', 'Nobis provident eum praesentium ex laudantium quia a reprehenderit cum eos debitis aperiam voluptate ipsam. Pariatur architecto molestias nihil assumenda molestiae consectetur minus enim optio consequatur sunt nulla voluptatem deleniti; labore facilis sed et, rem itaque dolorum reprehenderit consectetur voluptatem quas alias quasi voluptatibus repudiandae; hic aut, quod adipisci eius libero ut earum quidem cupiditate a mollitia quia vel eum. Laboriosam qui voluptates dolor placeat, qui et consequatur ipsa et non facere suscipit dignissimos mollitia; eum iure nobis asperiores aut voluptas dolore est esse dignissimos quas voluptatem beatae nulla qui. Ullam voluptatem velit nihil enim modi cumque pariatur similique tenetur deserunt officiis cumque necessitatibus repellendus. Aut ut deserunt repudiandae possimus unde qui nemo quidem ut tenetur velit reiciendis fugit inventore. Quia magnam itaque voluptatem vel saepe assumenda laborum mollitia dignissimos, et voluptatem praesentium magnam ipsa. Commodi dolor ipsum est nihil praesentium ipsum vel et nulla consectetur iusto mollitia aut est. Voluptatem accusamus labore ut sequi sed sint magnam obcaecati voluptates illo ratione excepturi sed quia. Libero aspernatur laborum, et voluptatum velit aut sit ex et voluptates aliquam officiis expedita dicta; error vel qui deserunt similique minima aspernatur est odit porro inventore nulla explicabo voluptatibus maxime; quia quo error in cum tempore quisquam recusandae sequi quisquam expedita praesentium porro vel eum? Odio in fugiat aliquam autem laudantium soluta enim, eos ut iusto voluptatem aspernatur veritatis eius. Tempore autem, iure beatae tenetur cum quos harum pariatur quis ad et omnis praesentium voluptate. Quaerat fuga aliquam sed hic quasi cupiditate ullam ut hic aut deserunt pariatur sit optio? Dolores ratione labore ut doloremque est quas consequatur ab, reiciendis repellat in blanditiis qui natus. Totam possimus voluptatem aut error corporis qui aut omnis, aut laboriosam aut nihil blanditiis aut? Ea modi optio earum qui rerum quia facilis deleniti quis fugiat eveniet perspiciatis cumque ducimus.\r\nEaque quas in at minima et obcaecati non qui dolore culpa sapiente maiores qui et. Odio debitis omnis architecto totam est eaque aut voluptatem ea eveniet ipsam sunt ex omnis. Fugiat veniam aperiam, qui voluptas tempora optio laboriosam accusamus optio excepturi rerum qui nam odio? Enim nihil perspiciatis earum voluptatum animi nesciunt qui libero qui magnam recusandae assumenda dolor impedit! Pariatur ex mollitia facere eius et at ea consequuntur, veniam distinctio dolorem iure aperiam aliquid? Quis voluptas quam voluptas a, nesciunt sit cumque sit id est sunt voluptatem voluptatum et. Inventore est libero dolorum repudiandae laudantium eum aperiam velit sed praesentium vitae amet doloribus officiis; corrupti harum quae, autem quasi dolorum rem quo placeat iste est ratione vel recusandae distinctio? Sit sint in, eligendi voluptas qui earum commodi laborum officiis omnis quisquam doloribus aut odio. Voluptatem et corrupti sequi doloribus expedita consectetur iure quia exercitationem dolorum ut consectetur fugit et.', '2', '1', 'Bert.Gibbs37@example.com'),
('72069113054', 'In quam aperiam et commodi hic excepturi placeat quia sunt ad voluptas possimus quibusdam reprehenderit; aliquam voluptatum, consequatur voluptas beatae incidunt nisi hic sequi maiores dolorem velit ad assumenda voluptas. Exercitationem numquam dolore accusantium quam magni earum dignissimos fuga cupiditate dolorum reprehenderit porro consequatur debitis. In ut repellat modi quis eligendi facilis consequatur distinctio sunt qui ut eius et repellat? Eaque et nostrum numquam beatae hic illum dolores quis dolorum rerum fugiat perferendis asperiores corporis. Ullam eos molestiae eligendi perspiciatis eos sint praesentium cum odio exercitationem odio ex veritatis dolorum! Molestiae aliquam est temporibus voluptatem omnis nulla quidem a quae ut alias cum culpa consequuntur. Aut possimus voluptatem, sed nobis expedita exercitationem laboriosam sunt doloremque omnis et omnis ea ducimus. Blanditiis nisi sit sed aut totam ipsa velit molestias dolores repellat sint consequuntur minus quaerat.\r\nEst ut aliquam sunt ut itaque perferendis consequuntur ipsam et, provident molestiae perferendis odio quia. Illum hic consectetur fuga animi ipsam fugit aut quisquam expedita culpa velit eaque et blanditiis? Alias cupiditate iste assumenda ut doloremque atque qui possimus dolor magnam commodi aut quo doloribus. Esse ut voluptas ex, voluptatem quis ducimus commodi totam inventore enim quos autem voluptatum vero. Quia ut dolorum voluptatem officiis eveniet quibusdam eligendi quis a aut non nihil nisi beatae! Odit nihil cupiditate facere sed similique iste dolorem nobis aut est natus voluptatem dolor eveniet. Voluptatum facilis qui ut maiores ducimus amet consequatur fuga nemo quos quidem qui corrupti rerum! Qui nobis quia sit mollitia placeat vitae et aut tenetur voluptatem tempore obcaecati ex autem; modi est voluptatem placeat aperiam et natus aut quaerat dicta odit quam soluta qui et. Aliquid tempora et, ea quibusdam dolor fuga magnam in tempore quae nam aut dolore quidem; voluptatem aut vel voluptatem dicta quasi quaerat dolorum sapiente dolor explicabo quidem dolorem a explicabo; pariatur neque dolor labore quis odio corporis neque laboriosam autem amet laboriosam repellat voluptas accusantium; quos et veritatis neque et repellat cupiditate placeat nam, possimus illum voluptatem et quibusdam consequatur. Libero et ipsa tempora sapiente beatae ab eligendi quis minima quos error sit cumque sed. Velit dignissimos quas cupiditate deserunt enim et cum, earum architecto omnis et culpa autem ut.\r\nDebitis doloremque nostrum perspiciatis, vel quo et nisi officiis ipsum nisi est rem cumque culpa.', '4', '4', 'Roden@example.com'),
('21699750095', 'Reiciendis nemo perspiciatis autem dolores, modi omnis obcaecati voluptatem ut qui earum qui est et. Doloremque quam voluptate sit vel perferendis, ea iusto accusamus enim nam velit quaerat doloremque exercitationem. Aperiam id nihil, eligendi eaque ea quos rem illo recusandae animi accusamus qui hic quos. Debitis assumenda, molestias tempore enim animi atque recusandae odio qui impedit magnam sed velit ullam. Id ipsam voluptas, aliquid ut dolore non rerum possimus aut ut cum veniam qui perspiciatis. Consequuntur minus nemo ea sed sit repudiandae error non optio cum voluptatem aut repudiandae expedita...\r\nFugiat est sunt autem maxime nobis assumenda explicabo, adipisci enim vel iure mollitia nam dolorem. Nostrum est eveniet in obcaecati placeat modi ut quis sint ex nesciunt sunt a est. Voluptatem dolor perspiciatis et qui sed alias debitis repellendus enim voluptatem vel dolores necessitatibus non! Officiis delectus sapiente ipsa dolor sunt et quas voluptate voluptas recusandae ut et assumenda officiis; voluptatibus fuga deleniti eligendi sunt qui fugiat deleniti vel amet itaque veritatis ut qui nesciunt; necessitatibus nihil et non, eos nemo odit sapiente eos consequatur dolore cupiditate adipisci ipsa deserunt; architecto repellendus voluptatum sunt et omnis rerum sunt nisi, non sit impedit esse blanditiis doloribus. Laudantium ipsa tenetur tempora est velit deleniti consequatur aut voluptatem illo qui sequi quae ab! Dolore corrupti dolorem earum quo corporis est aut ea reiciendis repellendus accusamus quibusdam perferendis omnis. Repudiandae suscipit accusamus quisquam, officia molestiae ut velit quidem consequuntur harum natus distinctio est voluptas. Eius qui eaque deserunt dicta sed pariatur deleniti in eos quasi similique corrupti voluptas consequuntur. Minus corrupti perspiciatis libero nemo nihil earum est velit neque adipisci omnis voluptas sed fugit. Sed voluptatem eveniet omnis obcaecati est dicta nulla eum quisquam ut, et quia sapiente deserunt! Nihil similique, earum rerum illo est quibusdam soluta quis veniam optio tempora dicta recusandae est. Ut iusto autem non ex, vitae dolorem fugit hic nihil rerum esse et voluptatum et.\r\nSit in animi porro unde et nihil ut quia ut vel rem et consequatur fugiat. Tempore perferendis alias, excepturi deleniti vel quos voluptates temporibus adipisci enim rem qui asperiores ut. Cupiditate ullam est consequatur aliquid dolor debitis sint soluta saepe voluptate velit reiciendis itaque magnam. Nostrum rem culpa a aut, sint non aut aperiam perspiciatis et consequatur ut eveniet aut. Quia consectetur dolor voluptatem necessitatibus iste, voluptas similique quia impedit natus alias temporibus omnis et. Aut obcaecati optio assumenda qui quia dignissimos obcaecati in alias id quisquam non aperiam minima! Facere enim animi quia iure et quaerat, fugit molestias molestiae magnam incidunt veritatis eaque quod. Magnam libero nemo ea est aut ut hic, ab qui earum laboriosam et quas aut! Facere quia dolore dolores optio consectetur nobis quia beatae repellendus maiores hic tempora totam vel. Omnis facilis fugit enim aut repellendus alias aut porro officia quia ea omnis harum aut.', '2', '3', 'Daren_Patten@example.com'),
('91627092132', 'Dolorum necessitatibus tempora eligendi quis consectetur voluptates ut sapiente in adipisci harum doloremque cumque itaque. Et dolorum libero autem possimus, assumenda placeat aspernatur tempore deserunt officia quia consequatur blanditiis sint. Non corporis voluptate enim vel veritatis ad et dolore neque vitae aspernatur nesciunt doloremque nihil. Voluptate fugiat ut aliquam in quasi et sequi quod obcaecati ducimus similique ratione omnis iusto. Labore suscipit temporibus voluptate ut atque, in molestias laborum qui eos voluptate deserunt ea corrupti! Dolorem velit nam rem, ratione praesentium consequuntur neque tempore veritatis est et explicabo laudantium totam. Pariatur facere ad, saepe reprehenderit ut praesentium et voluptatum commodi suscipit natus repudiandae praesentium natus. Quia suscipit vel porro quos animi molestias dolores temporibus in expedita non, sunt laborum excepturi. Eaque earum quasi voluptas praesentium, magnam est explicabo voluptatem eius aperiam enim dolorem non porro. Magni voluptatem ipsa, officia adipisci soluta facere quod consequatur pariatur at ea harum est sed; consequatur quidem commodi atque, qui nihil aliquid nisi asperiores aut eveniet expedita accusantium natus aliquam. Incidunt aliquid vero in est non nihil sint culpa perspiciatis ut laboriosam hic doloribus illum! Dolorem vel veritatis ad ex qui distinctio voluptatem ex beatae quibusdam sunt consequatur explicabo laboriosam. Aperiam voluptatibus aliquid ut vero id et odio voluptatibus omnis doloremque sunt doloremque tempora eaque! Doloribus possimus totam aut vitae eveniet sed asperiores dignissimos explicabo nihil vel quia ullam voluptatibus.\r\nMinima dolores ipsum autem enim autem doloremque aut officiis tempora consectetur nam itaque est et. Enim atque voluptatem natus delectus inventore porro et alias animi reprehenderit ipsa est reprehenderit illo! Sapiente consequatur ut doloremque debitis nisi perspiciatis enim sit corrupti non consectetur provident incidunt deleniti.', '5', '5', 'LawerenceYang5@example.com'),
('43226595043', 'Aliquam repudiandae harum quo ut non enim nostrum debitis necessitatibus cum eos harum vel non.\r\nDebitis et provident ad expedita in eum, facere ipsa maiores eos minima molestiae rerum sed. Assumenda aliquid et id qui aliquam accusamus praesentium rerum molestiae voluptatum aut harum, id quisquam. Voluptas autem quia ut qui rerum, sit in suscipit architecto est consectetur voluptas ex provident. Est neque voluptas ut repellendus quam laudantium repellendus cupiditate in consequatur explicabo fugit illum vel! Et aliquam quia beatae iusto tempore et iusto molestias dolor perferendis omnis vero omnis necessitatibus. Excepturi nobis eum, impedit quas excepturi ut molestias sed dolore voluptatem obcaecati qui necessitatibus asperiores; quia voluptas illum placeat similique, iste quasi cupiditate beatae nihil sed saepe libero aliquid distinctio. Et fugiat enim, quisquam aliquid sequi est tenetur eos vitae praesentium nulla ab recusandae consectetur...', '1', '4', 'Harrell429@example.com'),
('99430042999', 'Quam et velit minima quod voluptatum temporibus vel et inventore voluptatum nulla accusamus aut eos. Est et quis, non natus voluptas rerum corporis esse nihil dolor esse amet iste est? Quam molestiae corporis aperiam perferendis et neque fugiat sunt consequatur sunt voluptates tempore id natus. Quia quaerat et ex iure voluptatem recusandae eos corporis ut aperiam non labore qui est. Dolorem qui sit quidem quis est vel et nesciunt, soluta qui libero exercitationem sit rerum. Excepturi optio aut necessitatibus aliquam perferendis itaque perferendis incidunt modi nihil aliquid quia velit similique. Doloremque accusamus dolorum est qui sed temporibus consequatur quisquam soluta porro sed eaque esse officiis. Sequi tenetur nihil iusto rem dolorum labore eum autem nisi eligendi est tenetur numquam aut. Doloribus fugit impedit sit reiciendis illum dolore quam quasi ipsum harum voluptas dolorem repellendus sint. Ipsum et obcaecati qui perferendis et ullam neque est ut ab dolores numquam velit ullam.\r\nMolestiae dolorum unde velit ab in et, ducimus voluptas assumenda reiciendis doloremque odit nam a. Ea hic nam quas dolorem necessitatibus omnis id aliquam perferendis ducimus quis earum suscipit reiciendis. Aut nostrum, commodi eligendi accusamus laudantium quaerat hic impedit aliquam consequatur sequi architecto tempore nihil? Illo at aut sequi ratione sit deserunt numquam harum non eos neque reprehenderit sed totam. Atque aut culpa et incidunt, illum corporis sunt ut assumenda et qui odit saepe nihil. Aut rerum est nihil autem eum ipsam et voluptatem magnam veniam numquam et aut qui. Fuga autem quos et architecto id non aut voluptas possimus incidunt mollitia velit nemo corrupti! Vel vitae, sed ducimus sit ipsam quos nihil odit omnis dolor enim mollitia ea beatae. Provident placeat, totam ratione nihil incidunt natus cupiditate dolor rem aperiam eos nihil nobis hic! Eius aliquid, corrupti velit dolore voluptatem quo consectetur voluptatem nihil quia repudiandae dignissimos et tenetur.\r\nQui exercitationem et eos incidunt rerum quia, consequatur rerum error voluptas qui rem accusantium enim. Harum voluptatem qui hic laboriosam voluptas, ullam nostrum nihil quas at quas ut aspernatur quod! Unde sit, sequi rerum cum illum saepe non aliquid repellendus qui sequi illum molestiae maiores. Natus magnam rerum iure ipsa accusantium blanditiis qui sequi laborum esse veritatis dolores a veritatis. Facilis quo adipisci aperiam optio repudiandae laboriosam sint et amet sunt sint provident placeat id; repellendus atque, unde qui labore et omnis autem est voluptatem et qui totam modi ratione.', '2', '3', 'MalcomQBourgeois8@nowhere.com'),
('41097341979', 'Odit non eum voluptas, nam nulla placeat ut reprehenderit soluta dolores eos facere facilis quo. Et alias ducimus, quaerat nostrum voluptate laudantium et quasi velit officia animi suscipit rerum dolorum. Qui maxime omnis placeat ullam molestias suscipit voluptatem dolores recusandae dignissimos, et mollitia architecto et? Earum sit rerum iste saepe molestiae nemo et asperiores in omnis qui aut doloribus sint; et cupiditate ipsam earum consequatur nam perspiciatis porro ad est reiciendis vitae dolore expedita temporibus.\r\nEa libero fugiat perspiciatis qui beatae praesentium, harum qui est quod numquam error aut ea. Facere et qui odit quo est expedita maiores quas distinctio iusto eum est asperiores voluptas; illo quia vero et asperiores quo pariatur consectetur saepe praesentium hic dignissimos molestias et repellat; dicta maiores quibusdam, vero illum ipsam non quibusdam sint ratione vero eligendi alias qui et.', '4', '1', 'ErnestineAleman@example.com'),
('34076684677', 'Temporibus saepe et omnis voluptatem exercitationem et, minima omnis aut dolore quidem perspiciatis omnis veritatis. Nesciunt sint odit harum provident eaque dolorum ipsam provident, quis officiis magni qui est voluptas. Modi dolor, tempora cupiditate expedita autem recusandae praesentium provident beatae quaerat officiis voluptatem ut laudantium. Autem ullam earum facere, sapiente commodi qui nam rerum ut facere beatae sint explicabo aut? Quos enim cumque quo modi illo voluptatem architecto quam exercitationem, tempora quisquam laborum labore magni! Qui incidunt porro ipsum sequi consequatur iure consequatur enim eum architecto sint dolore ut quo. Et dolores, numquam dolor in nam eligendi debitis dolore architecto non sit illo deleniti obcaecati? Ipsa reiciendis rerum accusantium rerum numquam alias consequatur nostrum aut eligendi dolorum et voluptate a; et eos consequatur nulla sint, labore nesciunt quam omnis magnam asperiores laudantium non rerum impedit? Et ut et minima quia nobis repellat sed quis qui alias laudantium obcaecati aut veritatis. Dolorem voluptate consequatur eum dolores alias eligendi unde enim deserunt cumque sunt cupiditate soluta aut! Facilis in explicabo cumque qui mollitia consequatur ut libero nesciunt doloremque modi ducimus hic veritatis. Maxime sint possimus et omnis sed ea fuga nulla magni dolorum ut perferendis voluptates labore.\r\nA dolore et autem et libero, minus exercitationem est quisquam sint et optio reprehenderit eveniet. Voluptate accusantium, natus sunt et consectetur ex et accusantium tempore asperiores impedit exercitationem similique est! Rem numquam aut et sint nam est unde nam inventore perferendis dignissimos ab distinctio nostrum. Debitis dolor voluptas voluptatem suscipit quia perspiciatis ipsam sit doloremque ullam sint officiis adipisci inventore. Est eius qui tempore iure consequatur ratione non nostrum quia consequatur doloremque voluptatibus unde similique! Impedit doloribus eligendi ut atque dolorum dicta assumenda odit sint, totam laborum eum autem incidunt. Architecto et, eaque error cum laboriosam sint dolorem et eos et voluptas non ad aspernatur; est nulla quis eveniet dicta quam ad qui, mollitia et sit dolorem voluptas officia facilis. Magnam omnis et id vero et ipsa cum, voluptatem facilis recusandae quia recusandae non voluptas. Et illum veritatis enim, accusantium minus eos sit quidem quia molestiae quis quo eligendi est! Perspiciatis architecto, aut fugit non facere tempore et voluptas ut quia numquam animi ad velit. Debitis quisquam cupiditate quo eius doloribus facilis laboriosam aut qui ducimus ea aut necessitatibus ullam. Reprehenderit ut recusandae iusto nulla magni quis explicabo, exercitationem voluptatem et iusto amet quo voluptas! Id magnam blanditiis quia enim officia nihil possimus in facilis non rerum qui quidem illum. Asperiores aliquam aut suscipit, nihil voluptatem iste aut omnis laboriosam voluptate non dolores est enim! Aut suscipit labore et laudantium quo necessitatibus voluptatem aut qui commodi debitis consequatur nulla illum. Est sapiente voluptate facilis et similique illum aut amet numquam cum in praesentium iure facilis. Unde inventore facere dolores voluptas et labore rerum corrupti deleniti voluptatibus ea a voluptatem quibusdam! Beatae eos voluptate numquam et est eaque pariatur obcaecati itaque autem expedita rerum consequatur sit. Nihil amet provident iusto quisquam, molestiae unde aut et voluptas repudiandae tempora sit magnam consequuntur.', '4', '4', 'AuraCrooks@example.com'),
('42700685330', 'Odio ducimus nulla ab voluptatem labore ratione ut velit consequatur labore aut voluptatum officia eos. Rerum et unde nesciunt distinctio, a autem nostrum consequatur et quia velit nam sunt eum; modi perspiciatis veniam, modi nesciunt quam accusantium sed impedit blanditiis tempora vel necessitatibus nisi a. Quia veniam ullam a tenetur, fuga autem accusamus nihil illo non consequatur vero repellendus deserunt. Sit consectetur, a ipsa facere sed dicta ut id odit inventore aliquid provident rem sunt. Est veniam illo quo qui quam ut illum omnis unde minima ducimus numquam ut vel! Consequuntur eum voluptatem omnis facere, corporis dolorum deserunt minima ut dolorem voluptatem blanditiis ipsa qui. Aperiam dolore, quasi aut quaerat fugiat impedit mollitia ea accusamus saepe voluptatem ratione sed excepturi. Alias voluptas, dolore placeat quis animi quam nesciunt doloremque totam officiis itaque excepturi aliquam ut.\r\nQuam distinctio aut molestiae ducimus quas iste quia sunt molestiae laborum ipsam voluptatibus nam sit. Facilis laboriosam at reprehenderit dicta et vel odio consequatur voluptas ut quos modi ipsum dolores. Illo aliquam vitae, cupiditate praesentium vel incidunt id eius corporis veniam architecto ut neque facere.', '4', '5', 'pdcw1967@example.com'),
('81931372041', 'Ut consequatur exercitationem repellendus rerum dolorum eum sit vel nulla omnis voluptas qui excepturi ab. Adipisci exercitationem voluptatum dolores illo laborum, incidunt vitae doloremque est magnam nam dolorem ipsum iure? Tempore mollitia quis architecto et ex debitis similique numquam ullam non quo consequatur quaerat vitae; laboriosam laborum iure, quam et exercitationem quam enim omnis eligendi dicta repellendus numquam harum velit. Sequi culpa modi rerum animi, excepturi ipsa ut sequi rerum et officiis eligendi molestias blanditiis; nulla tempore rem, necessitatibus sed accusamus asperiores omnis rerum quidem et dolores sed voluptas suscipit. Obcaecati placeat eligendi sed dolor consequatur veritatis sint, harum molestiae non qui consequuntur asperiores neque? Placeat nostrum in quis voluptatem quibusdam ad corporis quae sed vitae ex et consequatur aut. Doloremque et ducimus esse expedita repellat placeat id voluptates et ut voluptas ad praesentium ex. Reiciendis sit dolorem similique, unde facilis quod mollitia omnis rerum nihil consequuntur optio delectus labore? Ab nostrum voluptatum est nam est saepe, est et fugit dignissimos qui earum incidunt rerum. Nemo saepe odit dicta reiciendis corrupti cupiditate veritatis architecto ipsum eveniet id vero et laudantium! Rerum non ab voluptatem delectus dolores est amet quae ea dolores adipisci, voluptas non provident. Sit fugit quo eligendi vel, rerum dolores tempore quia odit molestiae asperiores porro adipisci velit. Et fuga illum, assumenda mollitia voluptatem quam velit incidunt quo facere magnam architecto voluptates repellat!', '5', '3', 'Ambrose_Adcock@example.com'),
('88080443714', 'A est non odio consequatur et est nihil nostrum sit voluptates aliquam adipisci voluptatum et. Id alias nam rerum necessitatibus, ipsam aut sit ipsum autem necessitatibus dolor sapiente sed animi. Exercitationem et est amet veritatis qui, iste et numquam nostrum omnis ut quibusdam modi laborum. Suscipit dolore sunt ut laudantium voluptate omnis provident itaque et iste veniam molestias rem officiis. Libero sint, accusamus eius ab porro voluptas ducimus nulla est sunt quaerat ullam temporibus totam. Ducimus quidem voluptatem ipsa in, sed ut et incidunt odit eum cupiditate blanditiis aperiam exercitationem.\r\nIpsum repudiandae aut dolorem a id asperiores quos at magni incidunt asperiores quibusdam incidunt vitae. Possimus tenetur officia porro saepe ipsa, facilis possimus impedit dolorum ut enim labore possimus quia! Numquam alias, mollitia voluptas sit dolorum esse debitis nisi tempore accusantium amet eum officia iure. Minima sint tempore et officiis eveniet est consequatur obcaecati quas est doloribus incidunt rerum possimus; quos molestias commodi dolores sequi maiores nulla cum voluptatibus, dolor beatae enim voluptatum sunt aut. Quis inventore rerum, sit qui magnam quo aperiam omnis vitae velit deleniti autem doloribus voluptas! Delectus sint nostrum debitis omnis natus sed saepe quidem omnis illo molestiae qui numquam ut. Repellat ut mollitia tenetur eos dolores vel laborum rerum aut officiis sit dolorum voluptatem aperiam. Repellat fugiat totam quisquam nam quibusdam molestiae aspernatur accusamus nulla harum dolores nisi omnis consectetur. Asperiores aut in alias autem facilis eveniet magni sit fugit et non omnis id omnis!', '2', '1', 'Adan.August@example.com'),
('31423982675', 'Atque maxime, accusantium atque laborum dolores et at autem et ipsam voluptatem accusamus optio molestiae. Laborum et dolores vel error architecto id quia expedita corrupti qui vero explicabo voluptates repudiandae. Ipsam temporibus assumenda, dolor consequatur temporibus architecto sapiente sed dolorem temporibus nemo rerum vel neque! Aspernatur optio, tenetur molestiae et necessitatibus delectus rerum dolore qui ipsum ut dolor doloremque quo. Officiis accusamus delectus, repellat aspernatur aliquid qui ut esse et quasi sint omnis possimus dignissimos. Sint id numquam excepturi iusto voluptatibus quod voluptatem quis sit praesentium, minus nulla ut perferendis. Neque deserunt porro quo quia et est harum ipsum deleniti dolor in enim laborum velit. Perferendis et vitae laboriosam quidem iusto et officia enim laboriosam asperiores sunt velit aliquid tempora? Tempora ut esse et in, id inventore nulla debitis et sint quaerat illo sint voluptates. Pariatur dicta iusto aut hic est expedita deleniti alias quia ut dolor ut suscipit voluptatum; quas ea soluta optio quia dolorem quod, eum commodi eum fuga minus impedit hic excepturi? Non aperiam quia molestias ipsam et alias nulla accusantium quis vitae incidunt qui et iste! Delectus est neque quod dolorum ea, et placeat voluptatem nostrum voluptas autem blanditiis dolorum ullam. Esse voluptas aut voluptatem eum illo dolores recusandae at id assumenda autem perferendis repudiandae sed. Sed aliquid quos quo quia soluta, eaque enim ut et qui eum dolor a dolorem! Quidem dolorem provident eveniet eos quo corporis totam nihil quia mollitia asperiores commodi alias qui? Nam aperiam, beatae voluptatem sit et sed quaerat neque porro qui culpa rem vero ducimus. Eum reiciendis quia, rerum velit sed unde commodi ad rerum non reiciendis provident ipsa nesciunt.\r\nDolor exercitationem velit minus rerum qui sit blanditiis omnis inventore ipsam qui dolorem quia possimus. Vel itaque temporibus, iste qui dolor ex et consectetur debitis deleniti quibusdam ad similique animi. Quia et laudantium atque expedita facilis voluptate earum sed molestiae qui enim aspernatur distinctio non.', '5', '2', 'Amaya@example.com'),
('91845685640', 'Recusandae reiciendis dolor beatae ipsam eius dicta et earum dolor iste accusamus temporibus voluptas dolor. Sed ratione illum, sint aliquid dolore repellat dolores tempora molestiae sequi numquam quidem ut sed? Est id aut, harum saepe voluptatum earum tempora ut non consequuntur distinctio id nemo ea; omnis ad officiis id voluptatem architecto voluptas consequuntur et voluptatibus magnam eos mollitia aut consequatur. Reprehenderit quia quod accusantium iste, molestiae sunt magni et aut modi hic eum aspernatur dolorem. Eum officiis pariatur, excepturi molestias architecto quisquam eum nihil assumenda non fuga aspernatur quibusdam et. Nisi optio, eos et asperiores sed possimus natus consectetur aut quidem itaque laudantium accusantium perspiciatis. Sed quae iure aut itaque ut vel minima exercitationem recusandae molestiae quia inventore molestias deleniti. Dolorem ea mollitia non at aut facere deleniti temporibus rem nam et nihil atque et. Obcaecati quo vero quia enim amet ut, qui explicabo tempore corrupti possimus excepturi nam cupiditate! Similique numquam, omnis nobis fugiat quas voluptatem maxime corporis illum doloribus ipsa labore a aliquid. Non et distinctio quam et animi fugiat excepturi dicta consequuntur impedit quae sit aut debitis? Qui optio et voluptatibus autem error itaque iusto voluptas et voluptatum laudantium vel in consequatur...\r\nUt aut nostrum aut et autem aliquam quia nisi quis blanditiis et ut quo nemo. Facilis similique consequatur debitis itaque, maiores earum ducimus et iusto quis distinctio dolor in asperiores? Sunt enim doloribus omnis voluptate obcaecati veniam omnis fugit dolores in ut ad hic quo.', '3', '1', 'NelidaAcosta@example.com'),
('82907239771', 'Aspernatur perferendis quia ea quasi perspiciatis minus illum odit enim excepturi corrupti magnam ea soluta. Omnis porro dolores eligendi aspernatur illo et ad qui non vitae, commodi animi non vel.', '4', '4', 'Roden@example.com'),
('80249455504', 'Et aliquid nostrum recusandae est fugiat modi consectetur earum voluptate fugit corporis asperiores soluta et. Repellendus est laborum est voluptas illum aut sequi, id sed unde et inventore libero et. Ut vel sequi soluta doloremque nostrum pariatur vero quod temporibus non molestiae tempore eum sit!\r\nArchitecto omnis optio et vel dolorem repellat facilis est libero sed quod ipsa sit alias. Voluptatem omnis cumque, voluptatibus perspiciatis corporis excepturi earum adipisci hic laborum aut rerum ex provident. Totam quod alias ut minus sed ipsam fugit harum, est ut id totam est expedita. Nam quo, est ipsa ut in modi tempore nulla sed ut doloremque consequuntur eum fugiat. Corporis autem quod quaerat cumque alias non id culpa numquam ipsa magni incidunt ipsa nemo; qui ex, voluptate excepturi magnam autem eos deserunt rerum quis quasi voluptatum molestiae numquam rerum? Error vero ex perspiciatis fugit nihil numquam soluta aspernatur porro dignissimos sequi rerum sequi nisi. Quasi aspernatur sit cumque pariatur delectus ipsam beatae adipisci itaque dolorum ipsa suscipit minus et. Quasi voluptatem cupiditate odio est qui odit aut fugit cupiditate culpa in impedit voluptas est. Dolores est qui deleniti nulla voluptatum consectetur et sint odio molestias est impedit in qui. Dicta dolor et rerum dolores rerum repudiandae ad aliquam dolorem mollitia eum impedit alias mollitia! Quas placeat sit corrupti blanditiis quis culpa aliquam unde qui eos aliquid sed consequatur adipisci. Esse rerum dolore, exercitationem laborum aut quia impedit ipsum commodi impedit provident perspiciatis reprehenderit et.\r\nTotam eos consequuntur et ut delectus, ab aliquid earum cum nulla quod sint velit vel; autem dolore quos ea itaque ipsum rerum consequuntur reiciendis magnam minus et pariatur quo impedit. Minus iusto, alias nesciunt veritatis et vel error sunt porro omnis atque sit delectus corrupti.', '3', '1', 'BuckAllman643@example.com'),
('21056018305', 'Sequi voluptas voluptatem provident hic ea, minus odit sequi laborum voluptate quisquam consectetur aliquid enim. Suscipit sunt consectetur veritatis neque deleniti inventore et voluptas rerum et quia explicabo praesentium qui. Id praesentium autem perspiciatis aliquam harum, consequatur reiciendis eum voluptatem exercitationem quis reprehenderit quibusdam necessitatibus? Nostrum quibusdam sit eaque veritatis, voluptates corporis quia nam quo et ut voluptatem beatae qui. Saepe accusantium consequuntur voluptas rerum, et consequatur iure amet ratione provident minima illo cupiditate est! Quos sit quas id nihil iure impedit quam aliquid tempore laboriosam et non illum possimus. Consequuntur ducimus, laboriosam alias quia aliquid soluta molestiae voluptatum voluptatibus molestias aut illum quo autem. Et magnam qui, voluptatem ipsum cum consequatur et iusto enim et omnis id ut qui. Quia sint alias voluptatem accusantium modi officiis possimus debitis reprehenderit dolor excepturi molestiae laudantium eos. Et cum ipsam, qui facere ratione enim officiis voluptatem assumenda delectus doloremque obcaecati quia obcaecati. Sunt veniam, neque est suscipit incidunt nam perferendis ipsa eius vero molestiae odio aliquam quidem. Architecto corporis commodi aut, animi doloremque qui voluptatem doloribus porro iure nulla asperiores explicabo magnam. Sint optio molestiae enim quaerat velit enim sequi ut, est pariatur consequatur neque blanditiis voluptatem. Repellat et unde vel, beatae vel voluptatem ut qui incidunt dolores facilis quaerat est qui. Debitis totam, recusandae voluptatem et consequatur omnis cupiditate voluptatem eum sunt sapiente assumenda non consequatur. Quibusdam cupiditate dolorem nulla ipsa sed aut autem sunt omnis culpa iusto nemo qui ut! Repellendus a eaque, dolores qui laboriosam possimus non magnam veniam quo vel veniam nemo rerum. Et a soluta ut eius sed alias eum voluptatem aut odit non necessitatibus voluptate sit.', '3', '5', 'crfipqej_kmjfuiub@example.com'),
('43397300880', 'Nulla et laudantium, quae sint alias dolore et saepe architecto voluptas rerum consequatur laborum illum. Sapiente obcaecati ut qui ipsum qui voluptatem, beatae qui dolorem est sequi suscipit consequatur in! Ut explicabo et repudiandae fugit perferendis nesciunt est id et quo voluptatum repellendus corrupti aliquid. Dolor eum vel et deleniti sed, autem vitae quo voluptatem facilis voluptatibus ab rerum ducimus! Ad nemo ullam qui aliquam mollitia commodi officia quia aliquid est corrupti unde repellat dolorem; accusamus dolore voluptas reprehenderit iure exercitationem, obcaecati et vitae sit eligendi a eaque minima qui. Non porro at nam eveniet soluta eos qui voluptatem nesciunt reprehenderit qui aut qui et! Et sunt laudantium non, reiciendis non at omnis quae hic quia veritatis laboriosam rerum ea. Vel ducimus quo et quod aut molestiae consequuntur animi a non porro velit earum mollitia! Obcaecati cupiditate a illum cumque et porro quidem consequatur sed quae enim consectetur tempora repellendus.\r\nDeserunt ipsam obcaecati labore consectetur ipsam ullam aut tempora ut excepturi molestias possimus ut vel. Dolor id possimus reiciendis ratione ut autem culpa, sed ut adipisci vero rerum pariatur veniam. Similique nihil sit obcaecati et excepturi velit dolores voluptatum facilis doloremque laudantium quibusdam deleniti a! Beatae ut dolor accusamus unde repudiandae harum vero quas recusandae tempore aut eaque voluptatem repudiandae.\r\nSed quia rerum animi vitae nihil obcaecati ipsum adipisci et sit aut labore aliquam ad. Nihil dolorem voluptatem cupiditate voluptatum qui et eum et sunt voluptas est voluptas est accusantium!', '1', '3', 'Walton@nowhere.com'),
('03595294593', 'Voluptas voluptatum quae, excepturi optio omnis ea quia dicta molestiae similique saepe quidem commodi ad. Necessitatibus exercitationem quas, inventore explicabo error voluptas doloremque et quia quibusdam omnis aliquam architecto nisi; dolorum perferendis magni officia sequi aliquam et quo nam asperiores neque illo velit iste dolorum. Maiores qui perferendis reiciendis deleniti sapiente alias libero quos temporibus eaque sint dignissimos et iste! Rem ut consequuntur possimus nisi distinctio aliquid enim tempora est omnis sunt qui sit odit. Enim omnis, quos beatae accusantium sequi itaque non dolorem provident odit quia aliquid eos quo? Facere nemo eveniet atque temporibus dolores obcaecati quia nemo sit et minima atque et non! Quia quam ut autem alias ut cumque est cumque consequuntur explicabo vel provident officiis repellendus. Corrupti eligendi dignissimos perferendis quam alias dolor recusandae rem omnis velit molestiae distinctio amet consectetur? Et tenetur, aut sit repellat voluptas molestias dolor iure aspernatur rerum at dolorem pariatur non; aspernatur recusandae id explicabo non, eum dolore accusantium earum officiis dolorem sunt aliquam repudiandae numquam. Optio tempore suscipit sunt et laborum nesciunt et corrupti est provident consequuntur tenetur vitae unde! Ea et, dolorem tenetur dolore numquam quod voluptas tempora sequi ut non cupiditate repellat ipsam; quia temporibus, delectus ea est ullam molestiae soluta et officiis perferendis nobis consequatur aut atque; corporis eos omnis autem et error corporis sed deserunt est enim similique doloremque laudantium est; quas fugiat dolore quam dolores vero libero, quaerat sed et optio et praesentium optio cum.', '2', '2', 'NelidaAcosta@example.com');