USE db_public_transport;

--
-- Inserting data into table card_type
--
INSERT INTO card_type(cType, Expiry_Period) VALUES
('Disabled', 20);

--
-- Inserting data into table driver
--
INSERT INTO driver(Driver_Id, Driver_Name, License_Type, License_Expiry) VALUES
('63751858682', 'Lucius Wilburn', 'Bus', '2027-10-29'),
('37366278972', 'Boyce Mcdermott', 'Bus', '2025-04-18'),
('53316492713', 'Avril Moriarty', 'Bus', '2021-06-24'),
('75072748320', 'George Ault', 'Bus', '2021-03-20'),
('66957693773', 'Elijah Schaeffer', 'Bus', '2021-12-21'),
('17703743101', 'Brianne Maher', 'Bus', '2021-03-27'),
('81982463520', 'Aleshia Brothers', 'Bus', '2021-02-02'),
('99785317716', 'Delisa Geary', 'Bus', '2021-09-11'),
('16390549045', 'Tran Centeno', 'Bus', '2021-01-02'),
('38454557921', 'Leonel Alger', 'Bus', '2027-07-16'),
('54258321367', 'Wayne Vidal', 'Bus', '2021-06-24'),
('00611671256', 'Bennie Dasilva', 'Bus', '2024-03-30'),
('25927140101', 'Carlton Lacroix', 'Bus', '2023-01-01'),
('00432555968', 'Jani Albertson', 'Bus', '2022-05-14'),
('23865184274', 'Daron Lemaster', 'Bus', '2029-01-14'),
('48641269553', 'Cecil Neeley', 'Bus', '2023-08-15'),
('15822043935', 'Timothy Muse', 'Bus', '2029-02-27'),
('65249706697', 'Erick Carrier', 'Bus', '2022-02-04'),
('64949660232', 'Tommy Leigh', 'Bus', '2026-09-22'),
('06337921008', 'Myesha Watt', 'Bus', '2021-01-07'),
('30842016451', 'Arden Bergman', 'Bus', '2029-06-23'),
('96029752709', 'Jamaal Pulido', 'Bus', '2024-02-16'),
('72626247844', 'Ilana Burke', 'Bus', '2026-01-22'),
('19629350682', 'Carri Chin', 'Bus', '2028-11-18'),
('95026984782', 'Darrell Hughes', 'Bus', '2021-01-04'),
('00696677411', 'Beata Alston', 'Bus', '2025-07-16'),
('90502745969', 'Kristopher Markley', 'Bus', '2029-05-28'),
('14157301755', 'Emmett Peeler', 'Bus', '2029-04-17'),
('40418572119', 'Tami Peyton', 'Bus', '2023-04-06'),
('36607882313', 'Erika Christenson', 'Bus', '2027-12-08'),
('72680472665', 'Bunny Yarbrough', 'Bus', '2024-07-12'),
('07079900074', 'Luanne Baron', 'Bus', '2022-03-27'),
('13885347002', 'Shirley Ruff', 'Bus', '2024-04-21'),
('65280497514', 'Cole Van', 'Bus', '2024-12-27'),
('90641828308', 'Janeen Hutto', 'Bus', '2021-01-08'),
('42356510639', 'Moses Lee', 'Bus', '2024-06-05'),
('35380419455', 'Elias Aguilera', 'Bus', '2023-06-28'),
('11680415062', 'India Pannell', 'Bus', '2027-04-15'),
('95000669956', 'Arie Guajardo', 'Bus', '2021-12-31'),
('76310185403', 'Conrad Westbrook', 'Bus', '2021-06-19'),
('05154487906', 'Effie Templeton', 'Bus', '2024-05-17'),
('62055649877', 'Tilda Burr', 'Bus', '2029-06-17'),
('57698032746', 'Alfonzo Deal', 'Bus', '2025-03-19'),
('81578369432', 'Chantell Lim', 'Bus', '2025-05-22'),
('92777779995', 'Bernard Culp', 'Bus', '2028-05-04'),
('09811743305', 'Rosario Valenti', 'Bus', '2022-07-07'),
('35881447409', 'Donnette Avalos', 'Bus', '2024-08-16'),
('14821102893', 'Nieves Mcgrath', 'Bus', '2024-08-15'),
('64208153883', 'Brett Sinclair', 'Bus', '2028-07-18'),
('50627501285', 'Silas Nelms', 'Bus', '2024-02-20');

--
-- Inserting data into table vehicle
--
INSERT INTO vehicle(Vehicle_Id, Vehicle_Type, Capacity, Status) VALUES
('16490229853', 'Bus', 43, 'inactive'),
('90331668378', 'Bus', 25, 'inactive'),
('97285889013', 'Bus', 45, 'inactive'),
('72356094273', 'Bus', 23, 'inactive'),
('91713863879', 'Bus', 48, 'inactive'),
('06854209157', 'Bus', 34, 'inactive'),
('81416859083', 'Bus', 28, 'inactive'),
('62719130659', 'Bus', 44, 'inactive'),
('37520508946', 'Bus', 47, NULL),
('83540965354', 'Bus', 21, 'inactive'),
('05383717721', 'Bus', 29, 'inactive'),
('36535820983', 'Bus', 27, 'inactive'),
('09402462336', 'Bus', 30, 'inactive'),
('03806775426', 'Bus', 46, 'inactive'),
('39164807509', 'Bus', 36, 'inactive'),
('54848288841', 'Bus', 49, 'inactive'),
('67237502768', 'Bus', 34, 'inactive'),
('36796505680', 'Bus', 33, 'inactive'),
('47184238268', 'Bus', 47, 'inactive'),
('97167872232', 'Bus', 29, 'inactive'),
('65001692552', 'Bus', 23, 'inactive'),
('04297557696', 'Bus', 27, 'inactive'),
('38115379886', 'Bus', 48, 'inactive'),
('48582963991', 'Bus', 34, 'inactive'),
('40204309179', 'Bus', 35, 'inactive'),
('39073030983', 'Bus', 42, 'inactive'),
('95537972760', 'Bus', 48, 'inactive'),
('76790725923', 'Bus', 41, 'inactive'),
('31168069827', 'Bus', 24, 'inactive'),
('85427140099', 'Bus', 28, 'inactive'),
('28408174292', 'Bus', 37, 'inactive'),
('11779339202', 'Bus', 29, 'inactive'),
('27802758516', 'Bus', 39, 'inactive'),
('82756311867', 'Bus', 42, 'inactive'),
('01828254799', 'Bus', 49, 'inactive'),
('46754660863', 'Bus', 34, 'inactive'),
('07863573773', 'Bus', 48, 'inactive'),
('03129803945', 'Bus', 36, 'inactive'),
('57988993043', 'Bus', 45, 'inactive'),
('20249770197', 'Bus', 26, 'inactive'),
('93349288733', 'Bus', 39, 'inactive'),
('55312903460', 'Bus', 23, 'inactive'),
('28175614753', 'Bus', 46, 'inactive'),
('35705078441', 'Bus', 47, 'inactive'),
('58720900401', 'Bus', 50, 'inactive'),
('04723583929', 'Bus', 31, 'inactive'),
('14417543230', 'Bus', 39, 'inactive'),
('38825058501', 'Bus', 32, 'inactive'),
('84278995340', 'Bus', 41, 'inactive'),
('29336833630', 'Bus', 28, 'inactive');

--
-- Inserting data into table travel_card
--
INSERT INTO travel_card(Card_Id, Balance, Status, Issue_Date, Last_Usage, Travel_Count, cType) VALUES
('90860563671', 30, 'active', '2005-10-19', '2016-04-16 19:45:21', 6362, 'Disabled'),
('88080158852', 6, 'active', '2007-11-29', '2015-03-21 07:07:04', 35590, 'Disabled'),
('37093024912', 82, 'active', '2016-02-23', '2019-08-25 02:20:44', 11174, 'Disabled'),
('52137457085', 88, 'active', '2017-04-05', '2017-11-24 14:18:23', 24595, 'Disabled'),
('82827739331', 129, 'active', '2014-04-09', '2015-02-01 02:22:12', NULL, 'Disabled'),
('38794948976', 25, 'active', '2005-01-08', '2018-02-27 09:33:48', 5833, 'Disabled'),
('52723582163', 19, 'active', '2017-05-25', '2017-11-18 11:47:42', 19721, 'Disabled'),
('32936299869', 98, 'active', '2006-11-01', NULL, 2, 'Disabled'),
('34322397058', NULL, 'active', '2005-05-20', '2017-07-08 04:23:01', 0, 'Disabled'),
('68421884340', 16, 'active', '2006-12-31', '2015-02-01 00:10:20', 1342, 'Disabled'),
('05524247384', 32, 'active', '2015-02-01', '2019-06-21 23:45:00', 24647, 'Disabled'),
('91355100818', 8, 'active', '2005-01-08', '2015-02-01 00:00:02', 59266, 'Disabled'),
('91736941594', 89, 'active', '2018-10-29', '2017-07-13 08:43:40', 60688, 'Disabled'),
('37924554675', 50, 'active', '2005-01-06', '2015-02-01 00:00:02', 62465, 'Disabled'),
('08203372187', 116, 'active', '2015-01-03', '2018-02-24 17:27:28', 8, 'Disabled'),
('39532696984', 22, 'active', '2005-02-08', '2015-02-01 00:00:09', 60470, 'Disabled'),
('96092813294', 4, 'active', '2018-11-12', '2016-11-29 13:24:15', 3, 'Disabled'),
('15841941210', 0, 'active', '2018-11-03', '2015-03-16 11:02:01', 26150, 'Disabled'),
('40414444573', 50, 'active', '2007-03-09', '2015-02-01 00:01:19', 6, 'Disabled'),
('84153454118', 45, 'active', '2014-04-11', '2019-07-07 18:15:01', 63411, 'Disabled'),
('47540693136', 66, 'active', '2010-09-10', '2017-06-18 05:41:01', 46614, 'Disabled'),
('27898062947', 81, 'active', '2010-04-24', '2019-03-26 22:50:58', 9, 'Disabled'),
('39192144760', 50, 'active', '2009-02-02', '2016-02-01 09:20:17', 1866, 'Disabled'),
('38015464253', 118, 'active', '2014-10-28', '2019-01-18 14:55:27', 22908, 'Disabled'),
('94058774501', 81, 'active', '2010-09-03', '2015-02-01 00:01:30', 49274, 'Disabled'),
('69297934777', 111, 'active', '2015-07-07', '2015-02-01 00:00:20', 19490, 'Disabled'),
('31132851682', 78, 'active', '2012-02-13', '2015-02-01 00:02:46', 17695, 'Disabled'),
('71694142860', 2, 'active', '2005-01-08', '2015-11-15 19:56:43', 8803, 'Disabled'),
('95436257040', 19, 'active', '2005-04-02', '2015-02-01 00:01:12', 61990, 'Disabled'),
('86238986316', 41, 'active', '2007-09-29', '2019-08-12 19:36:31', 3, 'Disabled'),
('96091849774', 33, 'active', '2018-01-08', '2016-05-20 12:49:51', 33574, 'Disabled'),
('67336956368', 8, 'active', '2015-10-29', '2020-03-26 21:26:10', 59037, 'Disabled'),
('86202661929', 75, 'active', '2007-08-15', '2015-07-05 20:54:35', 65020, 'Disabled'),
('18000802835', 57, 'active', '2011-07-13', '2019-01-13 16:38:20', 76, 'Disabled'),
('80213405757', 117, 'active', '2018-07-18', '2020-02-09 11:36:16', 61428, 'Disabled'),
('23652638077', 37, 'active', '2008-03-29', '2016-08-26 15:48:49', 46073, 'Disabled'),
('29463159553', 22, 'active', '2005-01-09', '2016-05-24 22:49:17', 6222, 'Disabled'),
('26162010827', 75, 'active', '2016-05-26', '2015-02-01 00:00:32', 5560, 'Disabled'),
('20351930285', 51, 'active', '2007-05-12', '2017-07-08 12:23:43', 56, 'Disabled'),
('07714188425', 78, 'active', '2008-08-27', '2018-03-30 03:49:50', 51223, 'Disabled'),
('19550952769', 85, 'active', '2017-01-22', '2015-02-01 00:00:45', 6222, 'Disabled'),
('19341883869', 125, 'active', '2005-04-03', '2020-05-14 20:37:20', 23426, 'Disabled'),
('19732812198', 104, 'active', '2005-01-05', '2015-04-01 10:23:49', 37999, 'Disabled'),
('48183972299', 102, 'active', '2011-04-11', '2016-07-13 14:11:39', 2194, 'Disabled'),
('98080542516', 122, 'active', '2013-02-18', '2015-02-01 00:00:04', 20219, 'Disabled'),
('24273772800', 99, 'active', '2005-02-07', '2016-10-24 19:03:04', 20376, 'Disabled'),
('65155615424', 99, 'active', '2005-01-01', '2015-02-01 00:00:05', 5759, 'Disabled'),
('78148146712', 34, 'active', '2020-03-21', '2019-09-05 15:38:47', 33808, 'Disabled'),
('24934770763', 102, 'active', '2006-04-21', '2015-02-01 00:00:08', 21442, 'Disabled'),
('43999774431', 70, 'active', '2009-11-27', '2015-02-01 00:01:07', 53864, 'Disabled');

--
-- Inserting data into table passenger
--
INSERT INTO passenger(Passenger_Id, Full_Name, Birth_Date, Card_Id) VALUES
('06522073351', 'Lacey Steen', '1950-05-16', '94058774501'),
('62921547899', 'Laverne Kirkwood', '1936-03-03', '88080158852'),
('64174875965', 'Perry Hahn', '1950-05-30', '18000802835'),
('67506799315', 'Lourdes Wolfe', '2002-01-31', '88080158852'),
('51087920710', 'Tyesha Parris', '1950-02-17', '37093024912'),
('53196038911', 'Gonzalo Layman', '1963-12-09', '65155615424'),
('64619919965', 'Ismael Leslie', '1969-05-24', '20351930285'),
('44388142286', 'Stacia Zeigler', '1951-01-18', '98080542516'),
('63251033311', 'Svetlana Schultz', '1963-11-20', '34322397058'),
('00713714017', 'Marcelo Mayer', '1964-10-05', '52723582163'),
('11504134732', 'Sheryll Mccabe', '1949-05-20', '48183972299'),
('08173009021', 'Thaddeus Martinez', '2007-11-27', '39192144760'),
('90495160607', 'Naida Templeton', '2001-05-20', '68421884340'),
('76119830965', 'Noe Trejo', '1968-10-06', '71694142860'),
('29596965900', 'Sidney Arnett', '2006-11-20', '86238986316'),
('88811787262', 'Alden Spearman', '1931-12-31', '67336956368'),
('80130216966', 'Hiram Camp', '1943-03-19', '47540693136'),
('56686781432', 'Minda Mckeever', '2003-04-20', '82827739331'),
('38414026891', 'Melva Schott', '1982-02-18', '68421884340'),
('14286161621', 'Leonie Billiot', '1989-02-23', '71694142860'),
('12253803528', 'Andera Custer', '2002-04-02', '32936299869'),
('79211909222', 'Jackson Mayer', '1950-03-23', '48183972299'),
('40625816073', 'Jazmin Mcgee', '1959-04-22', '31132851682'),
('74432974972', 'Annabel Irish', '1952-01-05', '86238986316'),
('34928865974', 'Maxwell Vernon', '1970-04-07', '18000802835'),
('39554307645', 'Ingrid Viera', '1977-05-27', '19732812198'),
('60363821481', 'Delena Hollins', '1955-08-29', '37924554675'),
('49350652916', 'Carson Wampler', '1976-08-06', '91355100818'),
('84079783381', 'Wilton Tijerina', '2001-09-14', '98080542516'),
('82977956721', 'Martina Way', '1990-01-07', '31132851682'),
('74533841579', 'Alphonse Morin', '1956-05-29', '68421884340'),
('40239799556', 'Aliza Torrence', '1990-02-16', '96092813294'),
('33632329241', 'Yesenia Dick', '1968-03-06', '94058774501'),
('49719711368', 'Alysia Swafford', '1986-08-28', '23652638077'),
('46223269520', 'Kevin Baughman', '1937-06-02', '38015464253');

--
-- Inserting data into table user_account
--
INSERT INTO user_account(Email, Password, Last_Login, Passenger_Id) VALUES
('wtfqi656@nowhere.com', 'Ecel4W9vomdBbK3', '2018-12-07', '08173009021'),
('zqtjxovl_unwjz@example.com', '7O7nqp2T9', '2018-03-31', '06522073351'),
('ClemmieFrantz236@example.com', 'c8p86vreFN1s', '2018-11-03', '14286161621'),
('wsqgtpul_zlqabh@nowhere.com', 'BIKNZ5_p', '2019-12-27', '38414026891'),
('Ali26@nowhere.com', 'gLVt2CtiZ8', '2019-03-05', '11504134732'),
('Neuman@example.com', '2ReJ_I7N', '2018-02-10', '14286161621'),
('Russel_Beatty@example.com', 'Y6J_pG99D4730SzRi3Rl', '2018-01-11', '14286161621'),
('CedrickAbreu97@example.com', '_g2a0Y2am', NULL, '90495160607'),
('GrahamQ_Marsh@example.com', '89n02VNOO9VT9', '2019-02-17', '88811787262'),
('Almeida627@nowhere.com', 'xiHKHWb8989WMsl', '2018-01-07', '90495160607'),
('Johns742@example.com', '2fUh0M3FaSzN', '2018-02-26', '80130216966'),
('Johnson.Vines@example.com', 'e603_4E1', '2018-01-10', '39554307645'),
('Carranza@example.com', '44p5ZUh0', '2018-09-30', '29596965900'),
('CarolaY.Burk@example.com', '_q1nioXqj', '2019-09-03', '38414026891'),
('Ashley.FWimberly@example.com', '8_z5o87MgQw1_', '2018-08-08', '60363821481'),
('Loomis@example.com', 'eKwm___JZ', '2018-11-13', '08173009021'),
('DeborahGardiner163@example.com', 'Teg7f__6g', '2019-04-19', '34928865974'),
('Suzi.Alves99@example.com', 'Q7gttN96_3x', '2019-04-16', '06522073351'),
('Coons724@example.com', 'dx__3375O7_662x5', '2020-01-26', '79211909222'),
('Chaffin2@nowhere.com', 'MC3679_A7bk', '2019-08-03', '67506799315'),
('Garris@example.com', 'i_N0dYVG', '2018-10-25', '12253803528'),
('MikiSmith@nowhere.com', 'i181113aG6', '2020-04-29', '62921547899'),
('Larose537@nowhere.com', '49U7ZKDeMTPD', '2018-02-15', '51087920710'),
('Autry@nowhere.com', 'K0N27hi8S____L_z3DBj', '2018-10-18', '64174875965'),
('Kandra_Russo@example.com', '7x43DfO5A6NRf_', '2018-10-01', '64174875965'),
('Cornell@example.com', 'JIQ969f68', '2018-06-11', '44388142286'),
('AbramBenavides@example.com', 'f__Yp40B10l', '2020-02-20', '06522073351'),
('JerryAckerman@example.com', '36_3UOJO7', '2019-04-23', '62921547899'),
('Large92@example.com', '_g64Yg__75Zr_f7__W', '2018-01-21', '82977956721'),
('SanjuanaAbernathy73@example.com', 'o3v_4_WZqs', '2019-08-05', '76119830965'),
('MorganForte62@example.com', 'u31Ah4tt', '2018-11-14', '39554307645'),
('Marinda.Mock9@example.com', 'U_nJxoe33', '2019-01-20', '49350652916'),
('MichaelDuke587@nowhere.com', '_0cR_M50QIZ', '2018-05-15', '64174875965'),
('AbbottL@example.com', 'xI1zqtCd2', '2020-01-17', '76119830965'),
('Lynwood.Culbertson36@example.com', 'IXvdcSQA', '2018-11-10', '88811787262'),
('Chang.Younger@nowhere.com', 'mAO_x_I5z', '2018-12-14', '12253803528'),
('uojsuu4530@example.com', 'qSILwo0_', '2019-12-10', '40625816073'),
('Trejo195@example.com', 'jrG_E476Mzo_549p', '2018-06-10', '56686781432'),
('AdahDonohue3@example.com', '94e8_V_3W8', '2019-10-11', '12253803528'),
('Ackerman@example.com', 'meruU2H6', '2018-01-19', '63251033311'),
('Peter.Abreu@nowhere.com', '06_RLkKyl4t0g3', '2018-01-10', '46223269520'),
('Darcel.Browning@example.com', '08o2mYU2', '2018-04-06', '64174875965'),
('TangelaVickery@example.com', '__9Ayzvx', '2019-10-28', '49719711368'),
('CarmellaLuciano9@nowhere.com', '29N0vGYt_5f', '2018-12-19', '33632329241'),
('GaylordCrow2@example.com', 'f__IQ5c1', '2019-05-06', '84079783381'),
('fvfi81@example.com', '8w13FDQb9mf', '2018-05-12', '40239799556'),
('RicardoBelt@example.com', 'r7N__X0a', '2018-04-03', '00713714017'),
('MarlonGallegos6@example.com', 'yXl9M71T', '2018-03-03', '80130216966'),
('Goldsmith31@example.com', 'ox_yUO5xoM8', '2018-01-10', '64174875965'),
('ThoraSturm7@example.com', '1083GvOz', '2018-01-03', '79211909222');

--
-- Inserting data into table driver_drives
--
INSERT INTO driver_drives(Driver_Id, Vehicle_Id) VALUES
('35881447409', '14417543230'),
('16390549045', '37520508946'),
('65249706697', '36796505680'),
('75072748320', '72356094273'),
('14157301755', '76790725923'),
('50627501285', '29336833630'),
('92777779995', '58720900401'),
('14821102893', '38825058501'),
('09811743305', '04723583929'),
('72626247844', '38115379886'),
('25927140101', '09402462336'),
('64949660232', '47184238268'),
('62055649877', '55312903460'),
('00432555968', '03806775426'),
('06337921008', '97167872232'),
('64208153883', '84278995340'),
('23865184274', '39164807509'),
('35380419455', '07863573773'),
('57698032746', '28175614753'),
('30842016451', '65001692552'),
('40418572119', '31168069827'),
('11680415062', '03129803945'),
('38454557921', '83540965354'),
('48641269553', '54848288841'),
('66957693773', '91713863879'),
('54258321367', '05383717721'),
('19629350682', '48582963991'),
('36607882313', '85427140099'),
('95026984782', '40204309179'),
('96029752709', '04297557696'),
('81578369432', '35705078441'),
('17703743101', '06854209157'),
('72680472665', '28408174292'),
('95000669956', '57988993043'),
('00696677411', '39073030983'),
('07079900074', '11779339202'),
('15822043935', '67237502768'),
('00611671256', '36535820983'),
('63751858682', '16490229853'),
('65280497514', '82756311867'),
('76310185403', '20249770197'),
('90502745969', '95537972760'),
('13885347002', '27802758516'),
('81982463520', '81416859083'),
('90641828308', '01828254799'),
('05154487906', '93349288733'),
('42356510639', '46754660863'),
('37366278972', '90331668378'),
('99785317716', '62719130659'),
('53316492713', '97285889013');

--
-- Inserting data into table passenger_address
--
INSERT INTO passenger_address(Address_Id, Passenger_Id, Town, Neighborhood, Street, Number, X_Coordinate, Y_Coordinate) VALUES
('62024149404', '08173009021', 'Bedfordshire', 'Ogden', 'MO', '95728', 94, NULL),
('30020275596', '63251033311', 'Wigtownshire', 'Bailey', 'RI', '11301', 649, -9392),
('16104913482', '56686781432', 'Northumberland', 'Zuni', 'ND', '13341', -3, 50461),
('13356431814', '67506799315', 'Tyne and Wear', 'Fenton', 'AK', '26098', -32173, 48123),
('73904213394', '49350652916', 'Rutland', 'Cedar Glen', 'ID', '18913', NULL, -7411),
('01590859738', '29596965900', 'Cornwall', 'Rice Lake', 'AL', '92541', 831, 62659),
('03943662983', '00713714017', 'Nottinghamshire', 'Maggie Valley', 'SC', '22497', -49687, -6501),
('38835523833', '90495160607', 'Down', 'Hidalgo', 'ND', '47870', -11528, 75923),
('53591643936', '11504134732', 'Selkirkshire', 'Sylva', 'CT', '84382', -70275, -97633),
('03735242794', '40625816073', 'Nairnshire', 'Baileyville', 'CO', '62303', -42896, -6),
('62024149404', '90495160607', 'Gwent', 'Ipswich', 'KS', '91771', -68749, -87241),
('37416852185', '38414026891', 'Orkney', 'Fenwick Island', 'CA', '31816', -66196, 39428),
('67746009837', '64619919965', 'Shetland', 'Cedar Grove', 'MN', '41158', 1697, 28325),
('38835523833', '76119830965', 'Oxfordshire', 'Ogdensburg', 'MI', '66412', -80540, -6560),
('91027822405', '14286161621', 'Shropshire', 'Magna', 'NC', '81887', 63, -82698),
('73096366037', '76119830965', 'Peeblesshire', 'Wilmore', 'NJ', '83014', -40961, 58900),
('73096366037', '29596965900', 'Lanarkshire', 'Bainbridge', 'DE', '89589', 82816, -34638),
('41395459442', '62921547899', 'Wiltshire', 'Higbee', 'MI', '90823', -7, -82),
('30020275596', '44388142286', 'Somerset', 'Irene', 'CT', '51629', -1080, -4359),
('79165502804', '12253803528', 'Dumfriesshire', 'Riceboro', 'WI', '23615', 53903, -92686),
('84849910424', '84079783381', 'Perthshire', 'Ogilvie', 'KS', '31617', -6109, -63919),
('13356431814', '64174875965', 'Gwynedd', 'Ferdinand', 'PA', '46480', 73940, -44622),
('89041178998', '00713714017', 'Herefordshire', 'Sylvan Grove', 'WV', '48806', -8, -98250),
('01590859738', '88811787262', 'Berkshire', 'Cedar Hill', 'AK', '02077', -80408, -66625),
('59437850278', '51087920710', 'Staffordshire', 'Riceville', 'ND', '15766', 4, 40356),
('03943662983', '11504134732', 'Dunbartonshire', 'Wilmot', 'NE', '93011', -2, 40033),
('58278068894', '74432974972', 'County Durham', 'Oglesby', 'NV', '69634', -30, 9485),
('47014598054', '82977956721', 'Lancashire', 'Sylvania', 'NV', '94043', -64408, 14656),
('41412131767', '34928865974', 'Powys', 'Wilsall', 'NV', '42326', -17023, 42777),
('21294928450', '79211909222', 'Hertfordshire', 'Rich Creek', 'MS', '97519', 36, -31),
('89041178998', '63251033311', 'Tyrone', 'Magnolia', 'IL', '19996', 20416, -88066),
('33142401941', '53196038911', 'Hampshire', 'Sylvester', 'MN', '67729', 66174, -82147),
('44362706352', '74533841579', 'Berwickshire', 'Irmo', 'SC', '80528', 0, 86243),
('59437850278', '67506799315', 'Worcestershire', 'Mahaffey', 'WY', '24180', 68407, 98288),
('07457613283', '39554307645', 'Dyfed', 'Bainbridge Island', 'KY', '65360', 6108, 87247),
('29089308263', '40239799556', 'Aberdeenshire', 'Oglethorpe', 'GA', '83070', 75, 32),
('48055691065', '80130216966', 'Cromartyshire', 'Iron Mountain', 'IL', '18285', 1, 50761),
('53591643936', '08173009021', 'Leicestershire', 'Rich Hill', 'OH', '52905', 6, -7),
('74903696607', '06522073351', 'Humberside', 'Wilson', 'FL', '09629', -73715, -11059),
('49951087779', '49719711368', 'Lincolnshire', 'Higden', 'WY', '14169', -57, -6632),
('33142401941', '51087920710', 'Buckinghamshire', 'Syosset', 'MT', '95806', 98176, -27),
('84312645542', '60363821481', 'Angus', 'Mahanoy City', 'WI', '84474', -13368, -49936),
('25394551889', '33632329241', 'Bute', 'Ogunquit', 'AL', '70961', 15174, 95285),
('95541881046', '64619919965', 'Huntingdonshire', 'Wilsonville', 'IA', '11283', 81995, 36),
('42008256364', '46223269520', 'Antrim', 'Iron Ridge', 'MT', '07853', -381, 0),
('95541881046', '53196038911', 'Caithness', 'Syracuse', 'OR', '74628', -14253, -44028),
('16938733031', '06522073351', 'East Lothian', 'Wilton', 'AL', '06030', -48728, 63806),
('16938733031', '62921547899', 'Stirlingshire', 'Richardson', 'MD', '51151', -51255, -80431),
('67746009837', '44388142286', 'Warwickshire', 'Ohiowa', 'MS', '60982', 1959, -80962),
('41395459442', '64174875965', 'Argyll', 'Richardton', 'NV', '56842', 9215, 64875);

--
-- Inserting data into table passenger_phone
--
INSERT INTO passenger_phone(Phone, Passenger_Id, Phone_Type) VALUES
('1683548134', '08173009021', 'Personal'),
('4641767299', '63251033311', 'Pager'),
('1958391413', '56686781432', 'Work'),
('1159918927', '67506799315', 'Cell'),
('2088076838', '49350652916', 'Fax'),
('3051927716', '29596965900', 'Work'),
('9633823992', '00713714017', 'Preferred'),
('8156542490', '90495160607', 'Cell'),
('8426794247', '11504134732', 'Preferred'),
('6343097289', '40625816073', 'Cell'),
('1683548134', '90495160607', 'Personal'),
('3427290257', '38414026891', 'Personal'),
('9753217127', '64619919965', 'Toll-Free'),
('8156542490', '76119830965', 'Personal'),
('6768220544', '14286161621', 'Fax'),
('7909185012', '76119830965', 'Cell'),
('7909185012', '29596965900', 'Toll-Free'),
('9849274721', '62921547899', 'Fax'),
('4641767299', '44388142286', 'Fax'),
('6938719281', '12253803528', 'Work'),
('3082311236', '84079783381', 'Voicemail'),
('1159918927', '64174875965', 'Work'),
('6513754154', '00713714017', 'Mobile'),
('3051927716', '88811787262', 'Fax'),
('7958236481', '51087920710', 'Work'),
('9633823992', '11504134732', 'Voicemail'),
('4741008169', '74432974972', 'Work'),
('4067577564', '82977956721', 'Pager'),
('8477014216', '34928865974', 'Voicemail'),
('0844290237', '79211909222', 'Pager'),
('6513754154', '63251033311', 'Pager'),
('8000884046', '53196038911', 'Fax'),
('0222094354', '74533841579', 'Work'),
('7958236481', '67506799315', 'Fax'),
('1867873421', '39554307645', 'Work'),
('6611025824', '40239799556', 'Toll-Free'),
('2079170496', '80130216966', 'Toll-Free'),
('8426794247', '08173009021', 'Fax'),
('0933992245', '06522073351', 'Mobile'),
('4702996582', '49719711368', 'Personal'),
('8000884046', '51087920710', 'Home'),
('4868308581', '60363821481', 'Work'),
('8712682363', '33632329241', 'Home'),
('9283273193', '64619919965', 'Cell'),
('9361075476', '46223269520', 'Voicemail'),
('9283273193', '53196038911', 'Home'),
('6905842320', '06522073351', 'Fax'),
('6905842320', '62921547899', 'Personal'),
('9753217127', '44388142286', 'Voicemail'),
('9849274721', '64174875965', 'Voicemail');

--
-- Inserting data into table travel_review
--
INSERT INTO travel_review(Review_Id, Message, Travel_Rating, Review_Rating, Email) VALUES
('44886779947', 'Magni dolorem illo libero recusandae rem perspiciatis voluptatem et debitis dolor in libero sed voluptate. Commodi et, reiciendis asperiores odit iusto labore sunt minus accusamus reiciendis voluptatem architecto est eligendi. Qui facere quam ut quibusdam doloribus id aperiam numquam quidem aperiam autem sunt consequatur nobis. In perspiciatis sint eos ab et vel placeat quia consequatur quae culpa optio perspiciatis fuga. Neque voluptatibus vel vero et aperiam modi hic saepe autem quia voluptas explicabo sequi praesentium. Soluta suscipit aut consectetur voluptatem inventore praesentium nulla dolores quis vero et corporis nisi doloribus. Doloribus et nobis sapiente excepturi amet ratione harum quia at ipsam minima aut quae est; quae consequatur, rerum qui reprehenderit nemo odio rerum pariatur minima sit necessitatibus et aspernatur rerum; at similique placeat impedit et ut praesentium debitis praesentium iure aut distinctio ut voluptas aperiam; pariatur ipsam ab odio et cupiditate ex et soluta et iusto ut similique consequatur vel. Dolores repellat quia tempora praesentium architecto voluptatem atque rerum et nisi consequatur sed accusamus inventore. In placeat minima sit vel perspiciatis ex rerum aut beatae iste dignissimos tenetur velit tempore! Cupiditate eaque numquam unde sapiente error a voluptatibus quisquam rerum perspiciatis earum voluptatum labore velit; ut non, quam nihil doloribus cum iure consequatur repellat dicta natus rerum dolorem officia dolorum. Iste aspernatur qui et cumque commodi eaque eos ab ut a quos maxime blanditiis fuga? Vitae ratione aut, iusto corrupti accusamus error omnis a modi fuga veniam ipsum quia aliquid. Eum culpa debitis laborum aliquid voluptatum molestiae minima qui est voluptatem dignissimos voluptatem totam nemo? Sapiente aperiam sint aut corrupti, repudiandae ut voluptatem quidem enim aliquid nemo aut laboriosam nihil. Perferendis quia aut eos et est omnis velit molestias ipsum blanditiis assumenda eligendi tempora voluptatem. At illum nemo et velit laborum at et quod vel omnis vel veniam id deserunt!\r\nAut minus autem ut ea molestiae labore at deserunt omnis neque a accusantium aperiam in. Aut nemo et culpa ut omnis quia et facere dignissimos laborum voluptatem minus iste harum! Qui nobis id molestiae possimus est odit eos dolorem quia ipsam accusamus deleniti nesciunt voluptates. Illo recusandae fuga quia harum voluptas rerum voluptatem quisquam sapiente molestiae qui maiores corrupti delectus. Maxime adipisci, quo nihil est ullam velit beatae ullam voluptatum voluptatem rem est magnam dolore; quo commodi quidem soluta dolorem officiis consectetur atque nam dolor eveniet velit et magni est? Non ex eum et dolorum dolore rerum dolores ipsam veniam eaque fugit explicabo corrupti aliquam. Sed corporis optio laudantium error voluptatem pariatur magni quo sunt ut temporibus quo nisi a. Itaque aut non veritatis dolor sit architecto fugiat qui commodi molestias animi dignissimos quo delectus! Veniam corporis et dolores consequatur nemo consequuntur qui vel eligendi quis voluptatibus et quisquam distinctio.', '4', '1', 'Ackerman@example.com'),
('81441041122', 'Consectetur hic inventore consequatur illum ad soluta harum quos sunt quo nulla quia atque fugiat. Facere et iste id harum placeat voluptates voluptate earum aut iusto qui quia ut aspernatur. Est quidem sapiente odio, ut nihil nobis quis nobis et quibusdam consequatur illum labore debitis. Quae a sunt, cum molestiae aut ut iure sed nostrum ducimus dolor aut facere maiores. Laudantium quibusdam animi quisquam laudantium vel quidem qui dolore praesentium ut hic consequatur commodi quis? Facere deleniti possimus vitae quae unde animi sit voluptatum laudantium eos qui consequatur sed pariatur. Harum quis consequatur et aspernatur qui voluptas sit dolores nisi eum harum aut eos consequuntur. Ut autem alias repellendus sed eos consequatur eum quo maxime ut reprehenderit et blanditiis facilis. Totam delectus exercitationem earum quia saepe, repellat sit eveniet quia nemo animi quae distinctio corrupti. Corporis nam hic est omnis ratione delectus culpa enim quia sit eos accusantium doloremque maiores? Laudantium consequatur distinctio deserunt et quaerat voluptas et velit nesciunt labore magni dolorem perferendis quis! Deleniti et reprehenderit ut dicta neque aliquam et soluta quibusdam soluta nam autem enim aspernatur. Est fugit aut aliquid sed perferendis esse consectetur quia molestiae cupiditate tenetur, aliquid cumque aut. Voluptas obcaecati illo aut atque mollitia et dolores blanditiis animi facere modi ut facilis eligendi. Iure beatae corrupti aut ea quaerat mollitia necessitatibus doloribus consequatur libero consequatur eius architecto earum! Quis tempore illum consequatur rerum quibusdam aut culpa, aut facilis quaerat soluta sint molestiae nostrum. Non quos consequuntur atque sequi sed blanditiis necessitatibus nisi ut minima iste aliquam ratione ducimus! Voluptas tempore illum doloribus et corporis repellendus dignissimos omnis atque nihil consequuntur ut eligendi repellat.', '2', '3', 'Lynwood.Culbertson36@example.com'),
('76526717979', 'Minima error dolores et maxime et suscipit atque veniam praesentium et sed consectetur voluptatem adipisci. Voluptatem dolores architecto aliquid ab praesentium repellat officia, omnis ab in ut incidunt nobis qui. Et a quos minus quo nulla sed beatae voluptatem et ipsum quasi vitae voluptas sunt. Placeat explicabo atque recusandae eos, voluptates earum minima iusto et veritatis quae commodi et possimus; vel modi et, rem placeat facilis voluptatibus provident rerum fugiat ipsam fuga consequatur atque vitae. Consequatur ut suscipit, eligendi quod saepe aspernatur natus quidem nesciunt dolor qui voluptatem dolore dolor? Delectus debitis, illum neque adipisci neque et consequatur error vitae dolorem tempora in ipsam provident. Non deserunt ipsam quia culpa et adipisci consequatur saepe incidunt quasi ullam sit laborum autem? Maiores omnis beatae dicta officiis molestiae suscipit et doloremque accusamus ea deleniti harum praesentium impedit; ipsum ducimus rerum et nostrum facere ut aut enim odio labore deserunt aut voluptas saepe? Mollitia in, placeat facere quisquam rerum quaerat et voluptas aut temporibus quia libero aliquam sequi! Debitis tempora enim molestias iste sit amet nulla nostrum eaque dolores inventore expedita vero tenetur. Aliquam beatae sunt in quaerat temporibus minima nihil deserunt veritatis omnis odit voluptas perferendis ea. Unde voluptatem, rem vel sint accusamus eius aut facere voluptatem voluptas vel ut repudiandae omnis? Architecto dicta et quo nostrum, ipsum ad odio ab soluta quis enim nulla quas quia; voluptatem atque, nihil sit nesciunt amet est nobis sunt veniam doloribus enim sint nisi illum.\r\nPorro rem modi et ut, illo dolor modi provident alias veritatis voluptates et autem aperiam. Deleniti ipsam et nemo doloribus qui veritatis ea soluta aut error nam cumque provident quibusdam. Voluptatem aspernatur labore omnis vitae sit itaque est distinctio unde repudiandae ea ab iusto autem; qui earum vero aut ut eligendi sunt perferendis ea explicabo facere praesentium aut ad ipsum. Similique molestiae, cum quam perferendis aliquid incidunt adipisci iusto dolores aut animi consequatur excepturi non. Itaque et, sit aliquid est temporibus facilis natus sunt dolor officiis id officia itaque repellendus. Magnam vitae, tenetur enim aut fuga sequi in error tempore est dolores numquam ut exercitationem. Enim corporis nulla ea et eligendi reiciendis sed totam commodi saepe accusamus sit repellendus fugiat! Possimus maxime aut expedita sit praesentium magni quisquam omnis maiores labore rerum voluptatibus et incidunt. Rerum accusamus asperiores saepe voluptatem eum consequatur aut omnis quia voluptatem molestiae asperiores et sequi. Sit voluptatum ut aut necessitatibus possimus aliquam neque et id qui enim inventore fugiat voluptatum. Enim reiciendis beatae illo quas nostrum ut aut in numquam aut dolore voluptas eaque architecto. Eligendi libero numquam nam mollitia, culpa quaerat voluptas distinctio minus optio quidem voluptatem impedit dolor!\r\nOdio voluptatem et pariatur repudiandae et quo soluta nesciunt tempora qui expedita veniam voluptas veritatis. Eius et nisi vero dolores sequi, optio omnis earum id ut velit voluptatem itaque qui. Omnis et aperiam mollitia facilis, laboriosam non laborum vel harum culpa aperiam accusamus et dignissimos. Omnis quia mollitia animi maxime ut minima ea molestiae aut nemo et assumenda repellendus dolore! Voluptatem repellat fuga omnis sit veritatis sequi excepturi ut repellat odit et nisi accusamus nesciunt. Excepturi debitis magnam fugiat ut sed ducimus officiis sequi voluptas reprehenderit magni pariatur eius maxime. Alias qui, nulla ipsum repellendus error ex nobis enim porro eaque vel id et magnam. Est voluptatem facilis vitae voluptatem suscipit accusamus nostrum consequuntur officiis consequatur eveniet ea aut ex. Deserunt reiciendis amet exercitationem error modi architecto in rerum voluptatem maxime id voluptas autem debitis!', '1', '5', 'SanjuanaAbernathy73@example.com'),
('21832924230', 'Explicabo et impedit doloribus veritatis nemo nisi accusantium sint fugiat iste aut nostrum ratione recusandae. Nihil dolorem tempora sint aut ut nemo rerum omnis sequi sint ea voluptas sequi temporibus. Non rerum harum quis ut sint dolores asperiores vitae sint distinctio quia laudantium dolor atque; suscipit accusantium dolores cumque voluptatibus corporis qui rem consectetur recusandae illum in ut eius consequuntur. Deleniti perferendis commodi non, cupiditate doloremque et ex id quo reiciendis dolore architecto sint repellendus. Rem mollitia laudantium fuga facilis expedita et voluptas et qui autem, quia recusandae et quia.', '3', NULL, 'wsqgtpul_zlqabh@nowhere.com'),
('83877460975', 'Qui totam, earum ex velit aliquam exercitationem officiis nihil velit numquam distinctio eum rerum consectetur. Non cum saepe facere illo ratione soluta iusto voluptas quisquam aut aspernatur enim iste eligendi; voluptas in eum dolorum necessitatibus dolores labore nisi possimus nesciunt id qui accusantium quod eos. Praesentium sed dignissimos quibusdam alias itaque consequuntur aut velit quasi quo rerum nemo quia eos. Qui est inventore, sit blanditiis quis sed perferendis quae beatae impedit qui est voluptas ipsam. Sint vitae fugit at et dolor autem eum omnis dolorum et maiores voluptatem saepe quo. Nemo explicabo eos natus doloribus iure harum tenetur beatae soluta dolorum mollitia dolor ducimus doloribus; delectus iure incidunt sit officia libero omnis quisquam sequi omnis, earum ducimus cupiditate laborum consequatur. Illo libero consequatur, fuga sed dolores rerum ipsa autem ipsa qui aut et ullam est. Itaque fugit quis eos alias ut est expedita fugit assumenda molestias autem tempora, exercitationem est.\r\nIste magni ut consequatur ullam mollitia voluptatem blanditiis dolore nisi ea dolores et ut facere. Rerum minima, et omnis dignissimos velit et qui ab vel neque illo tempora quae omnis. Tenetur quo rem molestias iure perspiciatis, accusamus sapiente harum eveniet reprehenderit eveniet consectetur velit ut! Eveniet sed obcaecati architecto sit voluptates et nisi necessitatibus, ea sunt nemo inventore perspiciatis iusto; voluptatem culpa autem voluptas ullam quibusdam voluptatum sed voluptates exercitationem vel facilis amet nihil enim. Modi ab minima natus ut doloremque quos nisi nostrum ducimus nulla omnis placeat aut voluptatem. Cumque deserunt nam rerum at sint natus animi qui iste voluptas aut repellendus aut doloribus. Est quam, eum repellat et dolor vel ut numquam rem dolores et ratione in praesentium! Molestiae voluptate id impedit quam aliquam nostrum fuga natus quo porro et deleniti vero aut. Voluptatum unde aliquam nihil rem repudiandae non pariatur aliquam voluptatibus molestiae ducimus est ullam et? Pariatur dolorem possimus tenetur repellat facere ipsam ut voluptatum totam ratione molestiae facilis accusamus aliquam. Rerum ducimus, hic quis dignissimos quo sit voluptatem quis et ipsam voluptatem commodi non voluptatem? Ullam ex nulla voluptatum nesciunt dolores esse qui autem illo doloremque obcaecati eum voluptas id. Accusantium numquam ad architecto a incidunt et debitis qui quia sed exercitationem qui deleniti voluptatem! Ut qui modi ut recusandae molestiae rerum facilis autem sequi at hic cum quam ipsam. Et delectus iure, dolor est quo a non sunt eos quo est ratione voluptates dolores. Ratione rerum exercitationem necessitatibus sed est eveniet molestiae ut quo voluptas facilis qui cum repellat. Similique vero ut ea corrupti blanditiis alias dolores omnis pariatur recusandae fugiat dolore voluptatem odio. Quidem saepe vel quae distinctio ratione nesciunt quis ullam velit reprehenderit voluptatum ut voluptate voluptas. Consectetur id quod eum cupiditate voluptatem aliquid dolorum exercitationem est voluptatibus maiores iste nihil aut.', '2', '1', 'Trejo195@example.com'),
('86357217049', NULL, '4', '4', 'AbramBenavides@example.com'),
('65769570563', 'Neque enim veniam ad sint laboriosam commodi quibusdam aut ipsa in officia ducimus harum qui. Rerum eaque laboriosam sed repellendus deserunt qui, nihil alias officia iste totam dolorem autem accusamus. Laborum voluptates dolore temporibus fuga dicta neque voluptate, tempora enim omnis nulla fuga distinctio iusto.\r\nQuas nihil repellat et culpa qui velit accusamus doloremque atque non qui fuga dolorum provident; voluptatibus ut officia veritatis omnis repudiandae natus, optio ipsam accusamus reprehenderit et voluptate temporibus odit. Autem aut fugit incidunt aut pariatur excepturi deserunt quia nulla esse optio quos aut quia. Placeat pariatur ut incidunt animi nulla aut est sit delectus sit voluptatibus quia odit eaque; et id, sit fugiat voluptas dolorem iure nulla tempore repellat iusto ducimus eius exercitationem quae; odit commodi quia veniam et illum unde praesentium veniam et repellat minima ut autem ad. Velit quos cumque unde cum aperiam qui sed sunt est excepturi aliquid reiciendis et beatae! Eligendi repellendus minima iure cumque incidunt iste hic quod odio iure aut enim aut eos. Quasi illum sed similique autem enim sapiente minima qui mollitia ea fugit aliquid et voluptates. Illo pariatur quasi earum quo numquam soluta illo delectus pariatur facere quibusdam impedit mollitia quis!\r\nFugiat non et quod ut qui commodi illo praesentium in obcaecati optio aliquid voluptate et. Ab et, unde dolores eos et dignissimos nihil dolor quia quo vel sed doloribus eveniet! Adipisci suscipit consequuntur cum natus et autem tenetur culpa nemo dolore ducimus eaque consectetur recusandae. Libero numquam perspiciatis et eum dolore qui rerum mollitia consectetur deleniti quia in non eveniet. Velit odio eos voluptatem officia labore fugit deserunt dignissimos ea qui non optio eveniet quos; sit et quis fuga autem aperiam sapiente necessitatibus exercitationem iure adipisci maxime sed quo reprehenderit. Asperiores exercitationem quia, alias autem dolor saepe recusandae sed aut repudiandae suscipit perferendis sunt quisquam. Id fugit eum qui quia quam numquam eveniet et aut odio repudiandae placeat laboriosam ducimus. Omnis aut, cupiditate pariatur reprehenderit voluptatibus voluptas sapiente recusandae nihil laudantium quia est quo voluptatem. Voluptatem blanditiis eveniet ut id placeat veritatis tenetur nisi quaerat omnis voluptatem voluptatum enim eum. Rem dolores sit quam incidunt assumenda non, nihil optio culpa vero pariatur magnam voluptatem rerum. Et atque laudantium sunt nemo cum ad explicabo ducimus voluptas suscipit expedita sapiente qui facilis. Et qui dolorem consequatur amet labore eos qui amet qui doloremque dolor sed iure vel! Ipsam voluptatum dolor blanditiis harum sunt doloremque aut sequi maxime quia velit officiis, rerum quia. Laboriosam quae ut doloremque enim minima ipsam non velit aliquam illo voluptatem non aut eos. Qui ea est obcaecati delectus in voluptatem et quis debitis incidunt omnis eligendi ad nisi. Voluptates accusantium repellat possimus corrupti nihil, architecto dicta numquam quae molestiae qui eum quo ipsa! Reprehenderit nobis est dolor nulla harum, ut inventore sit vero pariatur eligendi et odio sit. Ipsa eum deleniti minima, recusandae excepturi dolor expedita quam molestias vitae vel maiores dolore et!', '2', '3', 'RicardoBelt@example.com'),
('31836519506', 'Ullam ut ea aspernatur quia eum labore quae sit enim iure ut ducimus ea dolor. Autem minima mollitia ipsa atque corporis et perspiciatis et omnis aliquid rerum voluptatum laudantium similique! Modi laudantium odit assumenda deserunt repellat inventore dolores ratione perferendis culpa quisquam necessitatibus ea itaque. Quia facere repellat maxime rerum voluptas quis vero illum et odit nihil suscipit optio voluptatem; non reiciendis et aut sed nostrum error molestiae ut dolor nobis quia, esse ipsam nulla. Reprehenderit molestias ut iste unde dolorem sunt consequatur mollitia corrupti voluptatem unde possimus eligendi magnam! Eum beatae nam excepturi aut, dolores architecto sapiente voluptas qui sit deleniti qui tempore a; omnis ut temporibus aut culpa magni et voluptatem a molestias officiis qui optio sunt ea. Alias asperiores ut aut repudiandae et eos pariatur natus doloribus qui quia iste suscipit incidunt. Porro ullam nihil assumenda vel dolorem at sed doloribus quia est nisi itaque soluta suscipit. Delectus vero sunt incidunt nemo, rerum repudiandae et corrupti vel rerum harum aut quia omnis. Voluptatum et distinctio numquam enim, ipsum rem nisi sit eum quo dolores quis qui ipsa! Adipisci accusamus cupiditate vel commodi nihil minus fuga cumque blanditiis ducimus earum excepturi corporis omnis.\r\nIllo unde repellat, esse autem incidunt aliquam laudantium aspernatur beatae facere sapiente est dolores nihil. Error quia eum at error in ut laborum fugiat esse culpa totam voluptatibus nihil voluptatibus. Expedita et sequi quae quo sed ab et provident atque voluptatibus cupiditate facere voluptatem quia! Maxime sit corrupti eum corrupti dignissimos est minus ut quibusdam dolorum repellat dolores ut repellendus. Rerum quo, beatae dolor ipsa autem facere ea debitis corporis rem quidem nemo quo aut. Voluptas voluptatum qui voluptatem eum eius qui quaerat aliquid expedita qui ipsum enim dolor architecto. Alias at et ab aut harum quia et ut distinctio in et consequuntur unde et! Neque voluptatem nam in quas assumenda voluptas cum iste ab voluptatibus cupiditate quia quisquam et. Ut est tempore debitis in, praesentium placeat sint nesciunt rerum quos eveniet beatae sint voluptatibus. Corporis rerum ut, obcaecati sequi quae veritatis eum doloremque rem accusantium perspiciatis error rerum non. Nihil eos quia, nemo omnis corporis suscipit cum voluptatem obcaecati provident earum quis provident dicta! Consectetur quia ullam, ipsa est ducimus fugit harum qui ut omnis facere fuga voluptatibus eos. Est sequi ipsum quaerat eveniet enim suscipit porro odio, iste omnis corporis quia consectetur voluptatum. Est id voluptas reiciendis harum asperiores, rerum ut recusandae voluptatem dicta magni voluptatem vel iusto.', '3', '4', 'Trejo195@example.com'),
('99731818308', 'Et quis, rem suscipit blanditiis non omnis magni quia laboriosam iusto dolorem qui et dolorem; debitis sit omnis sunt ut fugiat qui similique temporibus recusandae eius numquam at dolorem quas. Qui amet quo dolores sit dignissimos et rerum dolorum aspernatur suscipit quos qui eius quod. Voluptates non id voluptas qui, adipisci et quasi natus totam sunt est ipsa sed neque? Architecto amet, at assumenda ab dolor doloremque sunt provident quo quis voluptate et vel laudantium. Voluptatum iusto non impedit architecto veniam, numquam voluptatum sit ex maxime natus similique consectetur tempore; quas iusto in ad et deleniti velit magnam est omnis ipsa beatae doloremque explicabo enim? Nobis aut voluptas ut aut, possimus numquam et quod eos accusantium et a eum culpa. Illo culpa autem molestias dicta neque quam sequi sed mollitia totam est nulla atque et. Sit tempora quis vero officia sit sint quisquam necessitatibus aperiam aspernatur quia rerum aliquam totam? Quaerat veritatis, aliquid explicabo nihil delectus impedit quia qui cupiditate quia obcaecati delectus expedita voluptatem. Hic praesentium ducimus doloribus nisi quidem ut enim ex totam quasi aut distinctio sed aut. Illo assumenda sed voluptatum nulla non sit, iure quia labore aut explicabo veritatis at ut. Nulla minus, repudiandae laborum magni voluptas in vel dicta magni in neque est fugit perferendis; vel quos hic, numquam cupiditate ut qui soluta totam cumque perferendis autem suscipit eum enim. Laborum ab magnam eius temporibus eos voluptatem rerum maxime earum ducimus omnis ipsam et est; maiores deleniti minus expedita cumque mollitia, cumque amet quod non quo beatae dolore nam aspernatur. Commodi delectus quis dolor error veritatis hic recusandae id velit qui adipisci esse dignissimos rerum. Veniam id eos ea rerum perspiciatis odit et ipsam rerum sit error impedit perferendis rerum! Aut cum in ea nihil officiis asperiores ipsa, ut recusandae corporis exercitationem nihil ipsam et.', '2', '1', 'Goldsmith31@example.com'),
('60652353975', 'Debitis reiciendis, officiis sint voluptatem laudantium sit provident facere quisquam voluptas placeat eius rerum atque. Minima iusto amet dolorum beatae quaerat reiciendis est error quae aspernatur animi quod dolorem optio. Tenetur rerum voluptatem laborum pariatur ex assumenda optio odit ea voluptas debitis laudantium cumque ex. Molestias asperiores sed fuga repudiandae alias, reiciendis unde doloribus laboriosam facilis doloribus facilis rem repudiandae. Qui earum eveniet, et consequatur ut est eveniet sequi similique cumque odio explicabo inventore quia; sequi vel expedita placeat sit esse eum aspernatur rem impedit fuga expedita et impedit aut. Molestiae omnis nobis laudantium aliquam id ad illo facere quis cupiditate odit rerum et non. Et expedita enim placeat vel et harum itaque et eaque aut et debitis non qui? Ullam aliquid eveniet ullam ad, omnis asperiores dolores rerum aut omnis ducimus voluptas ipsam nisi! Laboriosam error veniam commodi ipsam non itaque velit eum rerum expedita asperiores nam odit at; reiciendis ad quis voluptate magnam et quidem nam animi et minima alias est quo totam; doloribus nostrum consequatur veritatis quae architecto eos, asperiores numquam odit ea sed voluptatem rerum mollitia. Officia laborum molestiae corporis voluptatum tempora id rerum id ipsum mollitia sed aspernatur iste velit? Cupiditate corporis expedita possimus eum et at non aperiam omnis ut molestias unde doloremque ea; expedita placeat, et porro quo assumenda sed molestias ut vel est ipsam quia ipsam temporibus. Non voluptatem porro, delectus quam voluptas qui consequatur aliquam officia qui amet ipsum non tempora! Et ex quas et provident omnis atque accusantium veritatis rerum id sed cumque est reiciendis. Itaque fugiat officia qui sit est numquam ut et delectus eligendi porro atque neque autem? Ipsum dolorum iure ex molestiae atque incidunt autem voluptatem asperiores est numquam et quo necessitatibus. Nulla facilis nulla, doloribus sed reprehenderit aut quisquam architecto inventore eius eveniet ipsam nihil sit.', '5', '5', 'AbbottL@example.com'),
('24493234199', 'Cumque quidem harum dignissimos et enim tempore illum est sit aperiam et enim omnis consectetur. Aut architecto qui suscipit qui velit ut beatae reiciendis dignissimos ea vero voluptatem eum consequuntur. Quia nisi voluptatem explicabo consequatur aliquid et in qui voluptate nemo ut eum laboriosam eius? Sunt dolorem cum quis quia natus ea blanditiis fugiat illum repellendus et aut et aliquid. Tempore saepe sunt facilis tempore ut et aut, aspernatur doloremque quod a harum doloribus voluptatem. Ducimus vel molestiae et architecto ipsum blanditiis libero illum culpa qui consequatur architecto fugit cumque! Non et, qui et error et est nisi molestiae quasi voluptate voluptatem debitis quas pariatur. Ut placeat, sunt repellat qui illum est omnis at soluta laudantium saepe natus consequatur temporibus! Voluptatem at rerum voluptate dolores sed est quaerat nihil quia sed minus doloremque repudiandae quos. Libero omnis et est voluptatem rerum error, voluptatem exercitationem eum exercitationem quia doloribus officiis a. Itaque animi alias ratione aut accusantium molestiae quibusdam esse velit officia laborum unde suscipit aliquam! Inventore ipsum suscipit aliquid et et iure maiores, dolorem sint odio mollitia aut aliquam illo? Autem quis dicta, eum porro nihil harum commodi sint iusto nostrum atque reiciendis laudantium est. Aut vero voluptas, et veritatis quia neque vel quae nihil odit quo iusto alias eveniet? In numquam consequatur explicabo at error sint accusamus perspiciatis qui labore delectus sed non tenetur! Est molestias ab eum atque sit autem qui iusto illum iste fuga maxime nesciunt vitae? Animi hic eum impedit dolorem fuga, corporis similique vitae magni sint illum totam eum voluptas. Laboriosam vitae at et est dolores cupiditate sed tempore sed exercitationem accusamus reiciendis sed ipsum! Repellendus consequatur qui temporibus, non corporis temporibus id labore aut dolorum explicabo et dolor dignissimos. Sint rem consequatur obcaecati corporis ut dolor ut quasi sit consequuntur deserunt a accusamus dolores!\r\nSimilique itaque velit commodi minus ut minima temporibus et deleniti dolorem ipsum autem enim ea. Sint impedit hic sunt omnis voluptas perspiciatis beatae voluptas porro officia nemo exercitationem non veritatis. Eos similique omnis praesentium repellendus et explicabo minus dolorum corporis voluptatem optio sit omnis tempore; similique est, quisquam omnis consequatur consectetur tempora voluptatibus dicta quidem facilis aliquam ut ea neque. Assumenda magnam repellat ipsa totam omnis aut voluptatem ipsam est ad qui voluptatem recusandae obcaecati. Velit aut laboriosam qui rerum vel, quis vel hic iusto ipsum illo recusandae magni suscipit! Minima ullam sed ut molestiae veritatis reiciendis, minima commodi ducimus dolores cumque nam ratione voluptate. Minus est cum facere et explicabo repellat iure excepturi eum voluptas pariatur qui est sapiente. Quam et aut, esse possimus dolores temporibus eos magnam vel officia quis labore reiciendis quos.', '1', '2', 'MorganForte62@example.com'),
('17932214704', 'Suscipit explicabo, ullam et aut magnam tempora itaque quia veniam id dolorum laborum similique dolorem; nesciunt id, labore non iusto sint dolores dicta qui cumque molestiae eum numquam at natus. Dolor exercitationem aut voluptates vel esse quaerat eligendi sit omnis non repellat corporis expedita in! Debitis dolorum, sequi obcaecati optio et cum est et voluptate nobis eaque voluptas mollitia commodi. Dolor et ut aut, eius facere quia dicta sed doloremque natus minus delectus deserunt ut. Similique excepturi voluptatem aspernatur omnis rerum eveniet ut magni mollitia dolor quos consequatur tempore dolores. Ducimus ut, totam aliquam aut qui non aliquid illum vel maiores sunt dolorem dolore sequi. Culpa ducimus, eum nobis quasi voluptas architecto voluptatem natus eos aut ut temporibus dolor tenetur; vitae ex ut qui quidem eos consequatur in esse voluptatem ipsa fugit hic suscipit repudiandae; ex et rem amet doloribus et porro est consequatur quasi et quia quos voluptatem consequuntur. Architecto dicta accusantium repellat aut sunt inventore incidunt in vitae sit voluptatibus veritatis sit voluptatibus? Iure inventore, quae sunt dolorem illo dolor numquam iure saepe adipisci necessitatibus repudiandae et minus.', '5', '3', 'Garris@example.com'),
('97529346510', 'Modi facilis, minima molestiae aut non aut blanditiis voluptatem nihil sequi voluptas magni voluptatem necessitatibus; cum ut saepe eaque sunt nihil et repudiandae consequatur voluptatibus illum labore perspiciatis deleniti dolores. Accusantium modi, laboriosam suscipit aut ut cumque recusandae atque quos accusantium animi consequuntur quae suscipit. Omnis neque quod hic, dolores quas expedita voluptates error eos iste minima eligendi et atque. Nostrum sint necessitatibus tempora ratione magni architecto officiis labore minus commodi hic voluptatem iste nostrum. Sit ab dolore, laboriosam non rerum ut nisi praesentium fuga molestiae veritatis eum minima consequatur. Enim aut corrupti natus dolor voluptatem eveniet assumenda et reiciendis harum fugit deserunt quo molestias. Possimus saepe, at quos iure dolore facere accusamus fugit ex et non atque officiis dolor. Aut est totam aliquid dicta ut blanditiis maiores et dolores nesciunt molestiae incidunt quia asperiores! Omnis ea dignissimos porro voluptatem nemo laboriosam ut iusto fugit commodi rerum cupiditate nemo corrupti. Et in sit voluptas, consequatur obcaecati commodi dolor beatae ab omnis reprehenderit praesentium vero minima. Exercitationem aut, odio voluptatem repellendus sit ea voluptatem error voluptatem in mollitia quo nisi dolorum. Atque eos quia ipsa est optio cupiditate incidunt fuga doloremque at laudantium repellat impedit facilis. Est nostrum voluptates animi voluptatem adipisci, in tempora reprehenderit est illo sed nihil minima nulla. Et rerum temporibus voluptas beatae rerum inventore error nostrum hic distinctio ut aut dolore dicta. Debitis dolores libero qui eum iure officiis ut excepturi cumque voluptatibus omnis sed quis vel! Laudantium qui, sed qui mollitia quia ducimus et sit et consequatur quia reprehenderit maiores et. Itaque blanditiis est consequatur eum, explicabo ratione quis deleniti tempora numquam maiores adipisci laborum ea; rerum illum quos, voluptatem consequatur aliquam quaerat repellat vitae ut rerum quo sit suscipit est.', '4', '2', 'TangelaVickery@example.com'),
('34297536817', 'Fugit repellendus, et voluptatibus rerum placeat sit dolores voluptatem libero aliquam nostrum dolorem iure veniam. Eum expedita et omnis odit rerum placeat animi dolorum pariatur ut quia repellat non qui; animi sed deleniti cupiditate et, qui aut nostrum sapiente ducimus expedita omnis magni omnis sunt. Id quis incidunt, quia incidunt ad accusantium vitae et non ad nihil veniam aperiam nihil. Aut incidunt, voluptas assumenda incidunt cum aut est qui voluptas placeat sunt omnis soluta repellat. Sed aut praesentium inventore et quod soluta ut, delectus quibusdam similique velit vel sed quia? Molestiae quisquam labore alias assumenda quas impedit nihil quasi eos blanditiis optio consequatur hic delectus!', '4', '2', 'MichaelDuke587@nowhere.com'),
('86602193435', 'Et illum et, fugiat esse officiis voluptatem recusandae itaque asperiores omnis quas culpa at soluta. Molestiae et deleniti ducimus reprehenderit ipsam sit voluptatem nesciunt enim est rerum ut quidem commodi! Itaque eveniet cum non consequatur veritatis dignissimos ut culpa sit aspernatur consectetur doloremque deleniti nobis. Doloribus et earum odio eius nam doloremque modi voluptas, et debitis pariatur cupiditate reprehenderit quos; maxime perferendis repellat sapiente aut dignissimos quae iste provident facilis distinctio et fuga inventore voluptatem. Est nostrum aut iusto, omnis consequatur ut quaerat rerum ducimus et est suscipit accusantium qui. Ab sed natus corrupti iure nulla culpa, voluptatem quisquam quod dolores sunt enim voluptate dolor; magni fuga itaque aspernatur similique ut labore doloremque impedit repellat velit sit dolores perferendis hic. Deserunt et laborum nihil nostrum fuga rerum minima aut itaque quod itaque iure autem pariatur. Aperiam ut iure eum, nihil nobis culpa nam totam sit facere deserunt id officiis placeat; vitae omnis repellat neque facere cumque illo vero explicabo enim atque eligendi porro dolores earum. Autem ea qui sint, consequatur tempora repellendus sunt enim ipsam voluptatum non exercitationem velit qui. Ratione provident qui enim voluptas ad commodi aperiam alias dolor in saepe aperiam necessitatibus omnis! Omnis vitae sequi ut dolorem quo hic voluptatibus ut perferendis nihil aut nisi nihil architecto? Facilis sequi non, officia voluptatem aut ut nihil nisi ipsum eaque consectetur ducimus est consequatur. Natus laboriosam nemo corporis, quis sunt beatae corrupti aperiam ut magni omnis odit possimus consequatur. Velit ut qui, iusto expedita aliquam distinctio nesciunt distinctio non voluptatem distinctio animi rerum nobis. Accusamus natus eius praesentium saepe autem commodi doloremque rem sit quasi nobis eligendi eum sapiente!\r\nConsequatur distinctio, ut deserunt id sunt vel suscipit id earum obcaecati at tenetur quis et. Mollitia odit qui et voluptas provident fugiat animi ipsa non quam maiores quis dolores facere. Iste repellat eveniet deserunt, eum nobis illum iure accusamus dolore dolorum error culpa totam non.', '1', '3', 'DeborahGardiner163@example.com'),
('73344089217', 'Est a iure aliquam nostrum molestiae accusantium eaque quia vitae et quibusdam voluptates at culpa. Eum nobis sint mollitia autem eius labore ut eum debitis dolor numquam expedita quibusdam dolore. Voluptatibus ipsa eos illo et omnis impedit omnis ut quia magni non animi sint aut...\r\nPraesentium aliquid velit quam non qui explicabo in aut laudantium maxime quo autem adipisci nesciunt; ducimus voluptatum deserunt perspiciatis excepturi earum temporibus aut fugiat unde explicabo maiores dolor aut laboriosam.', '1', '5', 'TangelaVickery@example.com'),
('83895659429', 'Aut error recusandae unde alias voluptas sunt ad eius velit fugiat reiciendis nihil obcaecati sint. Sed molestiae sit veritatis commodi quas sequi perferendis numquam quis similique quo voluptas dolor ullam. Officiis est repellat, esse eos sint veritatis expedita est dolore velit ullam id in quod! Doloribus dolorum voluptatum eum facilis error dolorum veritatis ut autem voluptas voluptatem enim suscipit dolore. Dolor sunt perspiciatis vel eveniet id doloremque debitis autem dolores numquam saepe esse dolores nihil. Corrupti a, sint asperiores voluptas sit dignissimos aut sit ratione sit odio voluptatem quis aut. Consequatur id nostrum earum id aut molestiae ex delectus id ut in qui est ullam? Nam et reprehenderit aut laudantium sequi eius doloremque qui consectetur error autem id excepturi molestias. Quod odit sit deserunt aspernatur numquam quia dolores debitis vel odit pariatur quo dolorem ut. Similique odit sint ut rerum voluptatum quae saepe enim dolores qui ducimus non rem id. Earum voluptatem nesciunt amet voluptatum commodi eius amet magni nam nemo et tenetur nihil voluptas? Consequatur in distinctio quos, quo omnis et quidem voluptatem deleniti autem corporis qui ut praesentium. Sit rem dolore, soluta autem sapiente ad ea est modi repudiandae molestiae illo enim molestias.\r\nObcaecati voluptatem cumque dolores excepturi est totam nihil enim dolorum laborum, soluta enim eum commodi. Voluptatem id sit asperiores rem odio accusantium dolor, et eos unde minima obcaecati omnis qui; deserunt nesciunt ut totam autem, illo a maiores et cum rem rerum commodi aut maxime. Animi et sequi consequatur, dolor deleniti a architecto sed corporis suscipit quo odio magni omnis? Qui et soluta dolores blanditiis consequatur sed eius non quis voluptatem impedit et unde odio! Mollitia ipsa in incidunt quos excepturi quia autem placeat enim nostrum non aspernatur porro accusantium. Qui nemo architecto quod qui esse voluptatem optio ut aut molestias aliquam sunt quis dolor. Eos eligendi aut sunt sint rerum molestias minima cumque ipsam molestiae perspiciatis optio eos eius. Voluptatum autem adipisci consequuntur perspiciatis excepturi fugiat et dolor voluptate accusamus nulla aut perferendis et.', '5', '2', 'wsqgtpul_zlqabh@nowhere.com'),
('87307334822', 'Vel ipsa temporibus excepturi voluptas suscipit voluptatem consequuntur fugiat ut sit facere soluta neque nihil; non velit laborum porro corporis, explicabo libero magni sed voluptatem veritatis aut molestiae expedita eum; quia aut aliquid ut aut, dolores exercitationem qui ut aut illo ut dolorum asperiores quibusdam. Delectus sit ea repellat magnam aut a quibusdam velit fugiat enim voluptas et architecto autem; omnis recusandae quibusdam aliquid aut rerum nostrum accusamus minus sed perspiciatis qui quod nam atque. Est et sequi ex quia qui necessitatibus ipsam impedit fuga natus fugiat iusto cumque mollitia! Consequatur rerum aliquam temporibus quod magnam voluptatem esse et dolores hic eos vel impedit optio. Necessitatibus est saepe consequatur amet dolorem voluptatem nulla pariatur nobis quasi qui fugit molestias quibusdam.', '1', '1', 'GrahamQ_Marsh@example.com'),
('21520780229', 'Veniam deleniti ea illo quidem autem incidunt illo corrupti laborum et iste beatae provident dolores. Quod tenetur velit similique error dolore et magnam ipsa consectetur eum cupiditate voluptas ad debitis. Cum similique, magni nihil at tempora cumque quis consectetur qui repudiandae aut voluptas sit velit. Quos dolor est magnam sit ut optio provident aspernatur possimus quam ab quaerat est ullam? Aut ex dolore maiores est, repudiandae eum non sunt enim odit neque maiores sed est! Suscipit nam eum temporibus nostrum dolorem incidunt quia hic voluptatibus vero dolor amet dolores rem. Fugit officiis officia, consequatur voluptatem et voluptatem esse tempora officiis nostrum aut dignissimos vero nihil. Tenetur vel, blanditiis ut nemo hic sint mollitia officiis aspernatur beatae modi molestiae architecto reiciendis! Quia et veritatis explicabo aliquam error sed vel voluptatum ut maiores nam maxime sint nisi? Sunt suscipit consectetur, consequatur iure totam consequuntur ut eos blanditiis voluptate aut dolores et rerum. Quibusdam quis distinctio ea qui maiores dignissimos earum hic eaque et ut quaerat perferendis atque.', '3', '1', 'Trejo195@example.com'),
('27325120818', 'Voluptatem neque ut hic omnis modi at dignissimos fugiat sunt dicta nihil consequatur sit explicabo; rem ratione pariatur, eius atque expedita est vitae reprehenderit impedit dignissimos incidunt consequatur aliquam dolorum...\r\nDolores qui sequi voluptatem quos numquam odit delectus error aut voluptatem molestias repellat non ullam. Itaque at rerum sequi, magni illo quo sapiente assumenda ipsam qui quod inventore perspiciatis sed. Asperiores rerum quisquam iste ut odio cumque quis quo qui consequuntur nam quasi commodi aut. Quo reprehenderit voluptatem iste quo nulla neque enim repudiandae pariatur iusto pariatur perferendis perspiciatis nam. Modi rerum adipisci mollitia culpa cumque, voluptatem sit non necessitatibus omnis eum earum facilis alias. Possimus sequi officia dolor necessitatibus perferendis voluptate vel fugit repellat voluptatem dolores necessitatibus non dolores. Consequatur enim porro accusantium illum in, nulla inventore iste recusandae omnis deleniti nemo suscipit obcaecati! Et dolores omnis dolores et dolor quibusdam est dolores qui perferendis hic est provident ut; fugit maxime cumque ut ad eius voluptatibus illo alias eius fugit modi aspernatur nesciunt repudiandae. Qui id officiis natus odit, earum eos aspernatur maxime numquam et illo impedit sequi est. Ad repudiandae autem nulla sunt accusamus est esse reprehenderit iste inventore voluptatem et aut id. Porro nihil nemo quod modi exercitationem qui rerum consequuntur ut qui sequi laboriosam sed ab. Incidunt nihil praesentium ad omnis qui voluptatibus rerum sint et qui unde dolor ut unde.', '5', '1', 'wtfqi656@nowhere.com'),
('11402957770', 'Aliquid quia, inventore et quam repellat recusandae hic quidem consequatur sequi beatae unde natus aperiam. Dolorem odit et minus qui iure praesentium dicta enim impedit, aut ullam ipsa commodi mollitia; facilis voluptatem sapiente ut perferendis facilis rerum eum mollitia minima suscipit quo dolore laboriosam provident. Blanditiis laborum nostrum quae nostrum nam consequatur vel dolor earum aut saepe aut eligendi beatae. Quae autem eveniet et eos enim inventore eligendi dolor autem in enim voluptatibus libero id. Dolorem et sed cupiditate eos ut sequi fugiat harum sunt voluptas id saepe et est? Fugit vero provident laborum non explicabo quia ullam nam vitae officia tempora est soluta et. Accusamus consequatur amet explicabo maxime temporibus saepe est quia sint itaque et, ullam omnis atque! Ex commodi ex doloribus est a rem est aut et distinctio ea saepe eveniet eos. Dolorem eius aliquid recusandae totam impedit ipsam magni expedita sit aut magnam et iure aut. Aliquid labore reprehenderit consequatur culpa eum deserunt aut suscipit ex et veritatis doloremque hic qui; voluptatem eius hic sunt possimus maxime eum beatae laboriosam illum quibusdam placeat hic corporis ipsum. Nesciunt exercitationem velit repellat quasi deleniti et maiores laudantium laborum fugit sed ipsam quidem voluptate. Eius error ipsa molestias, placeat qui eum voluptatibus repellat est amet iste facilis repellendus deleniti.\r\nImpedit ut eaque, reprehenderit voluptatem laborum nemo facilis et numquam suscipit eaque illo nesciunt ut. Cumque iure excepturi, ad maiores suscipit quis voluptas nihil incidunt explicabo obcaecati corrupti repellendus numquam. Eaque unde ad minus et excepturi, omnis et est omnis ipsa et praesentium aliquid qui! Totam maxime mollitia maiores maxime placeat nobis est inventore dolor id nihil voluptatem, ipsa labore. Consectetur et itaque, aut molestias assumenda unde corporis iure perspiciatis omnis corporis laboriosam enim blanditiis? Rerum voluptate, praesentium at doloremque dolorum numquam ducimus dolores voluptas ut deserunt nemo est voluptatibus. Dolor quo optio at dolor vero aut corrupti sit quos magnam, saepe ad est laudantium! Sit quo quae consequatur tempore, adipisci sapiente magni at vitae velit nisi odit et quidem. Voluptatibus ea numquam odit cum corrupti et delectus aspernatur sunt facilis in unde autem molestiae. Perferendis corporis et, perferendis voluptates ea rerum sequi optio qui magni id minima eum atque! Quas non id voluptates et id voluptatem voluptas qui iusto quo et placeat sint est. Provident quae quis eligendi, ullam enim quam maiores voluptatem veniam nesciunt reprehenderit ad quasi sed! Vel sit, quia autem deserunt officiis ratione at voluptatibus necessitatibus molestiae saepe natus placeat quo. Sequi aspernatur similique vero ea magnam eaque omnis saepe aliquam ipsa enim harum qui quia...\r\nDolores unde deleniti repudiandae aut, dolores eum velit quaerat autem rerum aperiam quia voluptatibus suscipit. Similique cum, error quo et ipsam sed adipisci reprehenderit modi eius magni ratione dolorem qui. Amet facere est qui nam praesentium veniam odio molestiae voluptatem non dignissimos molestiae placeat sint! Velit blanditiis ut harum repudiandae, ratione odit voluptas nesciunt reprehenderit quis eligendi qui explicabo eveniet. Perspiciatis voluptas laborum est cupiditate asperiores voluptates est reiciendis eum ut tempora ipsum neque inventore! Et architecto voluptatem exercitationem, ea harum rerum placeat aut laborum omnis et blanditiis consectetur totam. Nobis rerum consequuntur, facilis impedit quibusdam alias nesciunt aliquam itaque voluptatibus est quo modi rem; illum omnis itaque eius iste recusandae consequatur assumenda ullam rerum laborum aut error voluptatibus facere. Voluptatem sit corporis deserunt quis qui distinctio qui et saepe omnis in dolorem incidunt quo! Laboriosam repudiandae consequatur adipisci et quia amet ut, veritatis corporis inventore et aperiam illum ipsa. Facere illum accusantium aut ullam enim ex sed ipsam sunt atque et doloribus ea ut. Unde quis eum est ipsum itaque aut veniam debitis neque et optio eum et provident. Quia porro pariatur cum, explicabo quia ullam consectetur impedit nisi in iste et rem aut! Dolorem sunt, omnis adipisci consequuntur deleniti ullam et adipisci sed et suscipit aut mollitia repudiandae. Laborum ut beatae eaque dignissimos quos atque consequatur atque deleniti officiis facilis amet quo aut. Beatae sit eum sed qui iusto est illum beatae perferendis illo ut molestiae quis perspiciatis. Sed quam nihil sed praesentium pariatur qui maxime quas sed pariatur aut ut fugiat autem. Ducimus soluta est tempore dicta cumque veniam atque in molestias eum nihil vitae nesciunt et.', '1', '3', 'Lynwood.Culbertson36@example.com'),
('04180370039', 'Consequatur atque nostrum fuga velit expedita, ut quam optio voluptatum cumque sit corrupti quod ut. Aspernatur unde laudantium et vel repellat nulla quo maxime dolorum at distinctio ullam inventore qui. Cumque dolore molestias deleniti fuga iusto et quam fuga vel et voluptatem optio rerum iure! Nisi qui blanditiis voluptatem porro natus praesentium illo quia nihil reprehenderit consequatur nesciunt omnis voluptate. Amet porro molestias voluptatem soluta mollitia laborum laboriosam nam ducimus debitis qui voluptatibus esse voluptas! Quae rem eligendi consequatur et qui ad excepturi voluptate deserunt inventore sint autem dolores ut.', '5', '2', 'Cornell@example.com'),
('99334242559', 'Et sequi labore eius ipsam consectetur sapiente aliquid qui illum sapiente minus sit iure modi. Illum ut exercitationem officiis id quod hic at quia iure est rerum error assumenda alias. Dolorem ad nihil, quia excepturi nemo harum nam iure fugiat velit minima omnis modi nihil. Et quia autem vero veniam sint unde nulla aut praesentium voluptate nemo omnis sint est. Placeat est aspernatur explicabo quia et rem quo omnis consequatur illo ea deleniti qui similique. Atque est qui, voluptatem libero in qui ipsum quas cupiditate et quas modi fugit fugiat. Consequatur quas magnam et voluptatem optio voluptates hic veritatis repellendus ducimus, ut possimus aut esse; corporis id ab quas qui eum quos architecto dolorum minima, fuga quae voluptas aperiam voluptatem. Omnis corrupti maxime deserunt molestiae ut maiores quam animi culpa vero non inventore voluptates voluptatem. Tempore molestiae asperiores veritatis, quis quo ad eos rem aut distinctio repudiandae tenetur excepturi atque. Numquam natus veniam cupiditate quasi reprehenderit officia aut officia consectetur neque qui velit quis magnam. Voluptatem beatae est voluptatibus impedit placeat non vel distinctio debitis dicta, repudiandae consequatur reprehenderit reiciendis. Enim odio voluptas sit ex assumenda laudantium, quidem et fuga in libero et est id. Ipsum eum est labore rem consequatur vero possimus vero quis, temporibus molestiae illum voluptas deserunt. Voluptatem repellendus rerum iure et velit quisquam non quis perspiciatis quod quia ut veritatis autem! Voluptatum quaerat, non eveniet minima voluptatem tenetur sit facilis eaque perspiciatis eligendi et ut itaque? Veniam quia suscipit velit tempora quas ea sed libero et ab perferendis repellat aspernatur esse. Qui laborum magnam illum eum dolorem temporibus soluta aut sint quas aliquam repellendus tenetur quis; ea cum, rem saepe iste reprehenderit quae molestiae non quia distinctio eaque officiis tempora in.\r\nQuia quo officiis et quia quibusdam repudiandae mollitia aut et, adipisci quis deserunt ut commodi. Mollitia iste veritatis est incidunt ut voluptatem repellendus fugit sequi distinctio iusto ut officia et. Dolores nemo dolor nam, beatae atque aliquid nostrum nobis quos et molestiae repellendus itaque eveniet. Est et, iusto qui id qui voluptatem cumque aliquid libero cupiditate modi quia voluptate obcaecati. Aut qui distinctio qui autem inventore atque dolore voluptas est error nihil error dolorum facere? Saepe rerum error a necessitatibus sint assumenda sed similique nemo maiores et provident suscipit ut; eaque corrupti voluptatum esse quam dolorem non hic ipsum voluptatum dicta vitae molestiae sequi aut. Magni quaerat error cupiditate qui natus sunt voluptate inventore rerum, sit minima consequatur omnis aliquid. Ut temporibus inventore fugiat cum aut, dolores saepe et molestias ut expedita iusto animi asperiores. Ut omnis, quia nihil quam ullam impedit vero quaerat commodi voluptatibus animi suscipit quaerat commodi! Omnis tempore nesciunt quia ab quod laudantium necessitatibus odio ad fuga consectetur nam similique aut. Illo consequatur quis libero repellendus ullam quam sunt laborum magni non qui porro laborum et. Fugit ipsam in veritatis soluta dolore est voluptates recusandae natus illo consectetur quas impedit aut; quia eum natus unde doloribus exercitationem est sint ea quas voluptatem quisquam magnam id corporis. Quam quibusdam aut commodi ut mollitia enim temporibus recusandae enim suscipit corporis quae consequatur rerum. Eum et ipsam molestiae quia nihil fuga vel ut et id dolores veniam facilis aspernatur. Ipsam at molestiae voluptates, quae iste corporis dolorem quaerat dolores voluptatem delectus aut ipsum illum? Non ab, rerum repellat sapiente voluptatem aut magnam doloribus est neque quia architecto maxime eligendi.\r\nExplicabo dolorem architecto et perspiciatis ut sint, porro consequuntur repudiandae natus rem veniam iusto non. Ut est, quidem iste totam veritatis quis dolores dicta distinctio quis libero odit quia quaerat; perferendis autem, ea facilis saepe voluptate voluptatem suscipit quae tempore ea magnam molestias incidunt laboriosam. Est sint aut molestiae fugiat debitis libero distinctio aut ea qui, aspernatur dolor aut est. Quod maxime sunt rem minima reprehenderit dolor cupiditate dolorem molestiae error aut dolorum recusandae sequi. Quos culpa porro perspiciatis repudiandae nihil et sint dolorum aut labore qui quis qui non. Cum rerum velit possimus quasi modi iste beatae adipisci laboriosam voluptates autem omnis in dolor! Aliquid natus id magnam aspernatur adipisci rem qui voluptates, quo neque minus dolorem ad ratione? Illo id eos repudiandae autem provident, et laboriosam dolor officia iure error quo doloremque ut. Debitis explicabo esse magnam in eveniet sint et quos optio adipisci ipsum deserunt est repellat...', '5', '1', 'ClemmieFrantz236@example.com'),
('46746239815', 'Velit id eveniet rerum exercitationem velit recusandae et ea nobis aut nesciunt aspernatur similique error; natus consequuntur doloribus fuga magni a aut ea aperiam quasi nesciunt aspernatur quam dignissimos repellendus. Alias cupiditate atque consequuntur quibusdam tempora libero accusantium ut suscipit neque temporibus et voluptatem aliquam; sed explicabo, nostrum velit nam earum incidunt veniam quidem tempore tenetur eos voluptas rem est; officia quod, eveniet sit qui est qui cum praesentium nihil et fugiat et dignissimos facilis. Quidem et deserunt saepe et a error incidunt unde consequuntur ipsa quo exercitationem dignissimos non; est ipsum et, aut magni tempore temporibus nihil voluptas qui commodi culpa reprehenderit earum est.', '1', '4', 'AbramBenavides@example.com'),
('83353660209', 'Quasi ut quo nam quis mollitia nihil, rerum consequatur neque ipsa excepturi et similique aut; ut sed consequuntur odio omnis pariatur tempore, autem libero unde non voluptatibus blanditiis dolor modi. Nihil hic ut excepturi voluptatem ea atque aut fugit nihil rerum qui minima ut et. Numquam aut dolores esse temporibus architecto delectus perspiciatis suscipit quisquam exercitationem est quam deleniti voluptatum. Provident hic, nesciunt corporis qui et voluptate doloribus sit facilis incidunt quaerat velit nostrum sint. Magni sunt vitae amet accusamus repellendus voluptates non molestiae, voluptatem libero beatae nostrum maxime rerum. Voluptatem aperiam nihil illum sed et beatae laboriosam quaerat quia nulla est consectetur aut voluptas; obcaecati velit voluptatem est iste excepturi quis eos ea quia exercitationem omnis autem accusantium et.', '5', '1', 'JerryAckerman@example.com'),
('58033605402', 'Sapiente quo et dolor est labore repellat totam dolore accusantium officiis explicabo possimus in culpa. Qui quasi et cumque, aperiam et sunt in minima dolore ipsa error reiciendis quibusdam esse. Voluptatum veritatis libero et debitis eius sit iusto rerum et accusamus magni doloremque a quam. In eius perspiciatis qui magni sequi laborum ducimus rerum repellat alias omnis odit aut fugit. Aliquid exercitationem doloremque sint enim quasi incidunt molestias porro fugit non saepe, modi aspernatur modi! Nihil libero ducimus unde ab ut ipsa dicta earum aliquid earum ex itaque rem nostrum; ex obcaecati sed ducimus est quas ut et, iure et nostrum dicta iusto ipsum quisquam. Reprehenderit tempora perspiciatis quia rem nostrum aliquam pariatur vel repellat eligendi laborum omnis qui dolor. Incidunt nisi minima dignissimos omnis commodi voluptas officiis voluptatibus ipsa et dolor sit totam fugit. Autem in iusto blanditiis officia magnam sed dolor at enim ut non commodi et hic; autem quae non quo veritatis similique in quos alias dolores quia aperiam, odio aut et. Enim mollitia odit dolore dolorem vitae quaerat sunt et nesciunt nobis accusantium quia qui sit...\r\nLaboriosam deleniti molestiae omnis tempora modi repellat culpa nemo nobis molestiae voluptatem amet explicabo laboriosam. Sed inventore error reprehenderit omnis et labore repellendus ducimus et est iste obcaecati assumenda ducimus. Praesentium nobis recusandae sit voluptas ex fugit placeat sed soluta numquam et vero eum sint. Voluptatem soluta provident, fuga modi nostrum totam minus officia earum quos unde quidem dolor facilis. Est nobis similique perspiciatis blanditiis omnis, vel recusandae labore sed excepturi omnis qui quod at. Et optio cupiditate at necessitatibus corrupti libero corrupti eius assumenda obcaecati sequi sit rerum hic. Obcaecati non explicabo nobis ad ut quis libero sint quos ea voluptates fuga itaque eius! Officiis nulla, nobis voluptatem temporibus repellendus reiciendis nam minima omnis facilis quia enim est harum. Repudiandae a necessitatibus iusto saepe consectetur id consectetur repellat quaerat et quas repudiandae magnam corrupti. Vel architecto consequatur eius cupiditate odio, quaerat velit nam eos vel nobis aliquid dolorum quia! Nobis voluptatibus saepe temporibus fugiat velit nemo velit illum explicabo tempora sunt dolor et distinctio. Officia veritatis ad optio et eum, voluptas rerum repudiandae facere harum quod minima deleniti quas. Nulla dolorem, eaque repudiandae error voluptatem vel et harum totam numquam sit inventore ut numquam! Sapiente tempora repudiandae impedit delectus labore ducimus quisquam eum vel esse quia voluptas et aut. Iure velit debitis ratione, sint vel veritatis culpa aut et incidunt fugiat et corporis officia. Tempore et voluptas accusamus omnis dignissimos nemo, voluptas reiciendis omnis nisi ut doloremque et impedit! Neque non minus, aut rerum nihil in voluptas maiores autem et quo voluptatem dolores nostrum. Odio earum enim pariatur et sequi enim illum earum voluptatem molestias ducimus sunt debitis eaque. Labore est rem minus cupiditate, animi ipsa nulla dolor voluptas dolorum possimus id magnam odio! Id voluptatum impedit consequatur ut libero temporibus delectus aut consequatur omnis reiciendis iusto saepe sint.', '2', '5', 'TangelaVickery@example.com'),
('50474119727', 'Illum quo sed natus eum voluptas quaerat autem recusandae eos ex qui incidunt voluptas enim. Nihil quam et quasi rerum porro voluptas officiis error quis voluptatibus cupiditate et qui dolor? Maiores harum nihil aspernatur eos quae illo voluptatem cumque consequatur sapiente ipsum a doloremque nostrum. Quibusdam aut vel incidunt dignissimos quia natus fugit quam veritatis nostrum porro eaque est voluptatum. Accusamus qui nihil velit tenetur nisi similique et odit nobis ratione sint veritatis exercitationem molestias. Et est assumenda quis perferendis, et aut harum expedita corporis voluptas optio nulla est consectetur. Nihil quibusdam consequatur ut et omnis ducimus corporis expedita optio sunt debitis aut repudiandae est. Qui aliquam numquam rerum ea recusandae molestiae nihil natus dolor nihil aliquam officiis voluptates magnam! Sint iste natus obcaecati et aut repellendus consequatur ut vel inventore, exercitationem earum quo itaque. Inventore doloremque aut error asperiores voluptatibus, ad est aut quia reiciendis qui sunt esse minima. Esse quis nobis accusamus, repudiandae beatae suscipit cupiditate enim culpa aliquid veritatis error possimus veritatis; eum ut enim quisquam est debitis quisquam voluptatibus a numquam accusantium culpa accusamus vitae ea? Quia dolor esse sunt eaque perferendis voluptatibus veritatis voluptas accusamus soluta rerum eos dolor ullam...', '4', '4', 'Trejo195@example.com'),
('38509080131', 'Consectetur iste quos nostrum magnam odit ipsam expedita aliquam vel et quis esse est impedit. Dolor aut optio, sit doloribus dicta aut provident dicta quidem sed est eum incidunt beatae. Quia repellendus, iste placeat velit dolor sit et quis animi ratione sunt rerum cum consequatur. Neque rerum quas dolor aspernatur et omnis magnam nam aut perferendis aspernatur praesentium itaque iure! Accusantium est voluptatibus quos dolore ut voluptatum possimus voluptatibus non corrupti quae perspiciatis eligendi quasi. Aut mollitia laborum sed enim, fugit ducimus voluptatem quasi non dolorum nihil aliquam iure deleniti. Odio culpa minima beatae dolor beatae sint a blanditiis velit dolores porro omnis rerum similique? Et aliquam soluta iure, neque aliquam omnis repudiandae enim eveniet suscipit aperiam id dolores quis. Et quos alias dolor excepturi sed aliquam debitis deserunt nobis quidem molestiae accusamus qui voluptatem. Rerum vel est consequatur aut deleniti distinctio ut eius quidem, minima harum ipsam illo architecto? Deleniti dolore vel omnis est ut quia ut distinctio asperiores dolor odit qui quia accusamus; quas illum, ut soluta quia consequuntur dignissimos delectus sapiente eum animi libero ut commodi quas. Sunt eum, enim quo in accusantium non velit quam est voluptatem recusandae assumenda et ullam; omnis sit repellendus ipsa ipsum amet quia aliquid aut in doloribus officia autem qui quo? Odio distinctio sit consequatur et consectetur quam quod et nam omnis error sint delectus quis! Atque vero doloremque, quo aperiam vitae dolores ex eius facere accusantium amet nostrum voluptatum ex. Porro culpa magnam doloribus ullam quia vero eos molestiae nostrum ipsum et provident maxime similique. Ad ullam sapiente, aut architecto debitis fugit doloribus laborum molestiae ea esse sequi quo et? Sit et cumque dolor soluta facilis perspiciatis quia, porro natus possimus quidem sit quo porro; eius et totam iste et error non aut qui distinctio et expedita excepturi rerum harum...\r\nEst aspernatur consequatur dolores qui, alias omnis molestias exercitationem sit commodi eum molestiae voluptas qui; dolore maxime aut ducimus quo architecto, reprehenderit deserunt nihil alias et deleniti debitis et est. Repudiandae ducimus, fuga labore eius ipsam et eum natus quia reprehenderit nostrum eligendi nemo minima. Nam optio unde, facilis blanditiis iure libero aut qui voluptatem et aut molestiae et aut. Aut ab sequi numquam sequi voluptas consequatur corporis sit excepturi hic dolores quisquam libero a; ut nisi consequatur nemo saepe qui alias deserunt odit ipsam dicta reiciendis nulla et omnis. Rerum pariatur deserunt eligendi eos placeat perspiciatis, aut porro laboriosam quo voluptatibus non nisi cum. Labore ducimus enim sed consectetur ipsa quasi natus nostrum est velit debitis eum sint quis? Ab et rem optio ut qui rem alias voluptates deleniti libero a non aut error. Odit quasi, illum quae esse distinctio nihil molestias voluptatem qui modi placeat impedit quis quos. Voluptas quia voluptates incidunt molestiae non tempora ullam dolorem nostrum inventore ea quo eum eos.\r\nEt nesciunt, sed voluptatem quaerat doloribus ex labore commodi et possimus corporis veniam provident officiis. Maiores officiis, eveniet consequuntur rerum voluptatibus quis dolorum aspernatur repellendus porro architecto est aliquam accusantium. Ut perspiciatis omnis sint et quas saepe cupiditate sed fuga doloribus libero est culpa iusto. Quos nemo voluptatibus fugit ut vel, atque aut consequatur quaerat aut dolorem dignissimos necessitatibus et? Quos sed qui eum sed ullam ut voluptatem magni et reprehenderit sunt tempore recusandae voluptatem. Temporibus et deserunt explicabo et accusantium consequatur sequi mollitia nobis aliquam et id delectus vero. Quaerat ea repudiandae veniam eius quia cum sapiente odio, saepe molestiae modi nihil labore at. Est ratione ut et unde qui dicta quasi corporis rerum nihil ipsam a dolorem ipsum; dolores repudiandae, molestiae quia possimus perspiciatis iusto provident ipsa laudantium ut ipsa iste ut aut. Sit et, qui deserunt dicta in voluptatem dolorem odio consequatur et in est odio in. Repellendus dolores nihil ex asperiores odio laboriosam quis aperiam optio ut dolorum ut non vitae. Quibusdam similique rerum ipsum ipsa dolor voluptatem blanditiis quam ipsam et eum est maxime iure. Omnis dolorem est qui, dolorem laudantium eveniet nam ducimus animi enim perferendis modi quia rerum...', '4', '5', 'AdahDonohue3@example.com'),
('39025727637', 'Possimus nihil natus possimus ullam soluta voluptas minus omnis nam consequatur incidunt officiis qui eveniet...\r\nNam unde ut eligendi autem ducimus nobis veniam est sequi sit cupiditate est eligendi quia. Saepe dolore ex fuga pariatur voluptas animi nisi veritatis qui omnis sapiente aliquid dolor sit; et distinctio sint laboriosam nesciunt sed voluptate cupiditate accusamus quo aut et alias adipisci necessitatibus. Qui laudantium et sequi quo distinctio ullam aliquam molestiae itaque consequatur veniam aut sed nesciunt! Eius rerum, dolorem architecto explicabo qui voluptates alias ut quisquam eum est ducimus ipsa incidunt? Veniam repudiandae, ad repellat dolorem rem ut minima accusantium adipisci deleniti quo a debitis accusamus. A dolores earum et autem, repellendus qui exercitationem ut totam ut eos officiis autem voluptatem! Molestiae reprehenderit nihil, provident ex vitae non sunt voluptatem deleniti repudiandae nostrum corporis unde eum. Assumenda aut, porro ipsa perferendis quidem nesciunt consequuntur dolor illo omnis qui sit nihil error! Aut fuga, libero debitis qui quasi quod in fuga omnis pariatur iure ut odio nemo. Sequi nam dolorem nesciunt qui tenetur iure obcaecati velit quasi eum natus eos vero odit. Est officia itaque iusto ullam sed rerum atque, quia perspiciatis quis ea odit aut tenetur? Sunt atque magni eligendi quos qui et totam nemo iusto sint non sunt nulla dicta. Repudiandae et omnis impedit ducimus voluptatum in voluptas delectus quia odit optio voluptatum eum impedit! Facere sunt quis sed id qui laboriosam debitis soluta dicta et necessitatibus sint fugiat quia; consectetur quia cupiditate id blanditiis perspiciatis cum a in doloribus nam modi dignissimos laudantium nemo.\r\nFacilis consequatur est ipsum dicta sit in non omnis velit cumque tenetur ut soluta recusandae. Est eos corrupti facere dolorem provident cupiditate est voluptas ea deserunt praesentium eos eaque dignissimos. Quod nihil eum, doloribus quia est dignissimos alias ut tempora quia omnis aut distinctio assumenda. Exercitationem molestiae veritatis, voluptatibus omnis quod ad obcaecati ut nesciunt quia repudiandae aut sit possimus; accusamus commodi doloremque qui quae culpa quisquam quibusdam ratione quibusdam quidem molestiae quia ut incidunt. Recusandae eos illum consequuntur ut commodi ipsam odit optio debitis ea eius mollitia rem ut. Inventore magnam impedit id, molestias a culpa voluptas consectetur autem omnis in est quia et. Omnis sunt non exercitationem non, in ab nulla et neque nobis quaerat voluptas illo quidem; ea optio doloribus unde fugiat iste atque qui iure minus iusto repellendus facilis eaque fuga. Praesentium quis et ut, sunt ullam cupiditate quae ut inventore eos voluptas temporibus quo voluptatum! Repudiandae suscipit debitis est accusamus consequuntur, aperiam harum numquam pariatur non laboriosam ut fuga eligendi. Enim ex enim corrupti repellat eum sed magni, assumenda iure ut quia et aut magni? Sint facere et debitis voluptate et eveniet sunt qui at dolor sapiente veniam recusandae commodi. Laborum sit deserunt dolor vel aliquam sequi praesentium velit dolorum sint ut autem a rerum. Iusto sint et iusto voluptatem sint et repellendus qui hic enim quam nulla et rerum. Hic voluptas cumque dolores molestiae veniam officia ut reprehenderit qui quo laudantium quasi labore unde! Aut corporis enim accusantium quos aliquid, architecto sapiente inventore soluta sed voluptatem ut dicta nam. Odio eveniet molestias dolores enim dicta magnam dolorem sit impedit quas reiciendis id dicta eligendi.', '4', '1', 'SanjuanaAbernathy73@example.com'),
('81552302510', 'Laborum vitae, quibusdam maxime accusantium dolores molestias non rerum optio quo repellendus alias unde dignissimos. Ut dolorem et magnam ab, in soluta sit delectus consequatur corrupti aut ut quia eos? In aliquid dolores et repudiandae ut aut similique culpa, sint omnis non et saepe soluta! Recusandae minima est temporibus a aut facilis, sit minus sed quia eligendi voluptatem ab quia. Aspernatur pariatur blanditiis eligendi blanditiis quibusdam magnam, ut quisquam soluta molestiae ut molestiae aliquid nihil. Ab veniam, non accusamus explicabo excepturi minus ipsa rerum voluptatum nihil aspernatur reprehenderit velit doloribus? Incidunt dolores aut animi rerum quos asperiores ut unde id impedit adipisci dolores ut blanditiis! Sequi magnam repudiandae accusantium, velit aliquid obcaecati dolorem ipsa ut qui et distinctio consectetur nihil? Consequatur vel velit itaque atque vitae a perspiciatis facere voluptatem praesentium voluptatem deleniti numquam aperiam. Dolorem debitis, facere ut et alias est ut rerum nihil velit iusto quaerat et odit! Id rerum et quasi, nihil aperiam laudantium sit dolorem iste ipsam culpa laboriosam iste excepturi. Iste voluptates illum aut et ea molestiae dignissimos amet sed natus accusantium eaque odio quia. Itaque et, nobis earum nihil itaque expedita ut dolorum quaerat omnis aut ut hic non? Voluptates laboriosam eligendi cupiditate earum non fugiat sequi aperiam iste asperiores eum molestiae officiis quibusdam. Ab qui quasi qui tempora voluptatem architecto et, omnis repellendus laboriosam quis deserunt incidunt molestias? Est commodi repudiandae nam voluptatibus nesciunt consequatur voluptatibus magni voluptatem officiis et expedita cupiditate molestiae; dolore ratione optio, ullam rerum aut molestias in molestiae eum labore placeat molestiae impedit sed; animi et voluptatem voluptas animi quo non illum dolorem consequatur beatae nesciunt non dolores enim. A qui voluptatem aut deleniti, accusamus saepe consequatur laboriosam sapiente in qui velit aut quas.\r\nEst aut, ut et velit fugiat vel ducimus repellendus voluptatibus assumenda ipsa repellendus quod quo. Aut consequatur mollitia sit, aut nihil mollitia consequatur esse reprehenderit soluta repellat rerum sunt quo. Sed commodi officiis sit ea quidem molestiae dolores labore vitae officia esse consequatur quam soluta. Odit soluta aut voluptas temporibus doloribus autem ea et ex porro assumenda exercitationem est numquam; autem in explicabo minus nesciunt accusamus explicabo vel et veniam ut at perferendis alias repellat. Aut eligendi voluptatem autem, rerum minima incidunt fuga quo sapiente aliquid exercitationem quasi qui accusantium! Aut sapiente voluptatem sit voluptatem modi similique repellendus earum vitae eum porro est iure eligendi. Dolorem consequatur, beatae ab debitis qui reprehenderit quidem et aut in autem voluptatem rerum harum; perspiciatis dignissimos porro sed quia id consequuntur quo dolorem saepe quam aut pariatur in autem. Aperiam quia sint, maiores quas similique quidem est eos voluptas impedit eum eos facilis consequatur; ut qui dolorem incidunt quis soluta, dolore facere eum quia aut quis voluptatem laudantium earum; ullam in, doloribus velit quam suscipit tenetur quia voluptatem voluptates debitis beatae id quisquam accusantium. Quam sint et veniam ab similique, ullam vel est aliquid consectetur sunt ut nemo rerum. Consequatur sit eum accusantium eum tenetur magnam nulla sunt corporis consequatur voluptate quam voluptatibus asperiores.', '4', '1', 'MichaelDuke587@nowhere.com'),
('91966231046', 'Est voluptatem vel nihil reiciendis quam ut, quaerat aliquid veritatis dolor quia qui id eligendi; culpa facilis voluptatem voluptatum recusandae sed iusto quas nam unde ea nisi impedit sit voluptatum. Explicabo dolores ad, ratione et necessitatibus iusto et magni ex fugiat molestiae sunt in minus! Molestiae doloremque recusandae aspernatur, earum ut dolore quasi amet aut fugit animi blanditiis voluptas similique. Sapiente harum reiciendis, consequatur quaerat nulla hic velit enim ullam earum ducimus quis quae animi. Hic aperiam aut rerum porro nesciunt non error quisquam temporibus molestiae ut porro voluptatem qui. Praesentium recusandae accusamus omnis provident asperiores tempore magni nam voluptatem quas omnis quos repudiandae velit.\r\nEa quo dolor sit soluta et laboriosam architecto laborum iste reiciendis nemo voluptas id ipsa. Quasi reprehenderit debitis beatae iure fugit ipsam sit illum delectus eum autem quia unde et. Et facilis vero ratione, distinctio delectus alias impedit rem corrupti odio et animi magni placeat. Pariatur unde molestias harum dicta consectetur cumque ut dolorum iure perspiciatis dicta quis iusto et. Saepe quia qui est laboriosam vel qui quis consequatur sint ex repudiandae est rem nesciunt! Inventore laborum, et consequatur qui reprehenderit eos accusantium at voluptatibus mollitia quidem accusantium velit fugit. At id ipsam ea ipsam nostrum, rerum corporis placeat non reiciendis esse quis sit ipsa. Placeat pariatur ut reiciendis qui harum sed debitis sapiente distinctio et soluta et accusantium libero.', '5', '3', 'Johnson.Vines@example.com'),
('35492864091', 'Fugit sunt quo quaerat, provident architecto dolorem quisquam quo velit dignissimos est magni vero nam. Assumenda eaque dolore accusamus quia sint omnis unde sint et totam quos odit voluptatum et. Et qui sit eaque, nulla quae nihil exercitationem explicabo deserunt quia amet nihil blanditiis est! Magnam porro pariatur at aperiam nam nesciunt magni in enim quidem omnis asperiores impedit dolor. Dolores tempora sed magni natus ratione ipsam qui voluptates ipsum sint placeat assumenda et assumenda. Veritatis nihil enim numquam alias quod et delectus rerum libero ipsa minima nemo ut ea. Ullam velit quasi enim tempora iste laboriosam ab fugit qui quas nisi est nobis ut! Et quis non nulla, qui aspernatur molestiae aperiam veritatis cumque veniam odit obcaecati porro quis. Maxime in soluta voluptatem possimus incidunt quia blanditiis laudantium aut magni cumque et ratione inventore. Aspernatur sapiente delectus repudiandae quia dignissimos dolore doloribus ea enim qui nihil ratione vero sit. Non qui ab consequatur voluptatem sint id beatae qui saepe aliquam est sit quae laboriosam. Quis laboriosam officia vel ex, omnis maxime quibusdam velit mollitia voluptas voluptatem et fugit sit. Tempore doloremque sit, in mollitia fugit aut exercitationem nisi quo velit beatae necessitatibus aut qui? Debitis unde voluptatem et saepe amet error neque assumenda natus repellendus sint minima debitis aliquam; quia obcaecati aut quisquam, in ea enim sed dignissimos sunt dolor illo sit amet consequatur. Delectus ad sit autem, voluptas quam sit in enim iure accusamus voluptas cupiditate eos maxime. Quibusdam officia molestiae recusandae error animi consequuntur quo est et eveniet et consequatur laboriosam maxime. Eligendi est, accusantium consequatur exercitationem rerum explicabo quasi reprehenderit esse aut quam est sapiente aut! Officiis sed qui deserunt exercitationem aliquid est a eligendi accusamus voluptate sit omnis minus aliquid. Quidem facere est architecto nesciunt odit et inventore ut eius maxime provident sequi officia explicabo.\r\nAut placeat eos totam est qui adipisci eum sapiente voluptatem id delectus quis et qui. Ipsum totam provident impedit culpa temporibus iste voluptatum error architecto recusandae et odio eveniet quaerat? Placeat quas temporibus accusamus perferendis aspernatur ea laborum adipisci dolor rerum voluptatem itaque excepturi qui. Commodi ipsa velit voluptas voluptatem aut sed illum dolorum iusto ad dicta ex voluptate ut. Eveniet aut iusto repudiandae et perspiciatis, reprehenderit beatae eum et sunt quis consequatur consectetur excepturi. Culpa animi, incidunt sint rem blanditiis rerum corporis et sit excepturi distinctio sed quas corrupti? Qui laudantium aut sapiente iste doloremque deleniti laudantium id asperiores aut alias quae sed quis! Rerum qui ut numquam aut et voluptas sunt cupiditate quia fugiat nihil commodi pariatur dolor; corporis et quo quidem culpa ut nam blanditiis nisi praesentium ut ex esse aut dolor. Id quasi eos ut eaque at ea ut ex aut quae quia consectetur consequatur sit! Repudiandae velit sint vel distinctio reiciendis qui, dolor quam in et libero ipsam voluptatem ut; ut ipsum quia officia non nemo et tempore est consequatur illo maxime ut ad suscipit? Odit eius dolor, qui id omnis assumenda provident quis pariatur impedit dolores ipsa officiis porro; deleniti qui rerum ut illum dolorum sunt velit ipsa et nihil sunt aut doloremque omnis. Dolore ut dolor labore dolore rerum distinctio nemo sed expedita et dolores odio nobis distinctio. Ad nam deleniti quia provident et voluptatem aut soluta consequatur ut ea blanditiis quia aut; accusamus voluptatibus, quibusdam impedit aliquam corporis enim numquam distinctio velit earum esse et corrupti ut.\r\nConsequatur recusandae consequatur et porro modi commodi culpa cum incidunt eius suscipit enim praesentium earum. Eligendi iste deleniti qui, enim quia atque a numquam consectetur est et iusto quis ut. Provident soluta reprehenderit, corrupti ipsa autem et laboriosam et sed omnis quo dolor non praesentium.', '4', '4', 'Almeida627@nowhere.com'),
('70219340654', 'Ex aliquam in assumenda, odio aut optio quos illo nemo quia iste vero repudiandae expedita. Debitis tenetur, porro illum pariatur ut rem laudantium laborum est excepturi similique nostrum aliquid exercitationem! Temporibus architecto est vel consequuntur id commodi assumenda a velit architecto in necessitatibus laboriosam et. Esse eos blanditiis aut ea nulla voluptatem fugiat dolores doloremque consequatur ea optio et deserunt; eveniet vero est reprehenderit eligendi esse voluptas id deleniti aut molestias facere aliquam et corporis. Fugit dolores rem reprehenderit dolores est itaque doloribus non iure ullam quia molestias ea quae; exercitationem quos rerum nobis omnis illo nisi amet, excepturi recusandae illum quo assumenda in rerum. Cumque temporibus tempora quia et omnis id quisquam quibusdam excepturi dolores, molestias sint sed tempora? Reiciendis tempora, rem reprehenderit quos amet a voluptates nostrum asperiores eum consequatur voluptatum exercitationem atque. Numquam est doloremque laudantium repellat illum, tenetur sequi sed dolor qui odio est provident nihil. Sunt numquam vel quia iste natus, adipisci unde ut sed recusandae exercitationem enim neque reprehenderit.', '4', '1', 'CarolaY.Burk@example.com'),
('92038426493', 'Velit deserunt molestiae laboriosam omnis ipsam rerum a doloribus dolorem qui provident aut fugiat odio. Enim quo quos magnam id corrupti laborum asperiores eos quae eveniet quia earum quisquam quas. Officiis blanditiis voluptatibus placeat delectus qui error sequi sed beatae numquam aliquid adipisci voluptate deleniti.\r\nNihil repudiandae enim quae ut aperiam, animi eaque consectetur aut voluptatem ut culpa perferendis pariatur; officiis qui dicta minus consequatur nisi quas amet cupiditate ut impedit et esse rerum nulla.\r\nDolorem fugit officia aut tenetur aliquam, et omnis dolores asperiores debitis corporis accusantium ad unde. Commodi maxime, qui cum voluptates nesciunt facere sit harum fugit sed eum ad possimus tempore. Praesentium quibusdam similique rem commodi a voluptas et quo perferendis inventore mollitia odit cumque mollitia. Obcaecati voluptas deserunt accusantium, dolorem voluptas et quasi qui rem sunt impedit ea debitis voluptatibus. Et non iste dicta est et ea sint quas quos magni explicabo nemo quaerat molestiae? Perferendis recusandae placeat non cupiditate enim earum voluptate et ut dolore facere rerum commodi qui. Neque iusto aliquam aut recusandae aperiam nulla qui cum exercitationem modi ea incidunt rerum quia. Est quia ut quas excepturi vitae exercitationem similique consectetur voluptas aut rem nostrum explicabo ipsa; ipsum delectus minus rem dignissimos accusantium nihil quisquam sed assumenda qui consequuntur aperiam impedit assumenda...', '4', '2', 'Trejo195@example.com'),
('45115405134', 'Ut est sunt voluptatem consequuntur corporis iure modi omnis ea ratione libero quia ea consectetur. Ipsam natus voluptatem non excepturi delectus in consequuntur consectetur perferendis eos et qui hic tempore. Ad rerum soluta tempore accusamus excepturi sit quis mollitia molestiae explicabo nostrum repellendus et aut! Tempora sit harum laborum recusandae qui aut quam at, non et in ex qui et. Eius et, sint aspernatur vel dignissimos earum est reprehenderit rem totam qui iusto natus quod. Ullam velit voluptas quidem impedit nisi et deserunt ea quia omnis eligendi qui natus nostrum. Exercitationem praesentium officia atque ut quisquam dolore laudantium voluptas veritatis quis totam suscipit laborum odit.', '3', '3', 'CedrickAbreu97@example.com'),
('55597968185', 'Velit quis ut suscipit nostrum reprehenderit est provident voluptatem nihil eum deserunt ex exercitationem totam. Aut illo, dolores quos ex reiciendis nisi sequi voluptatem et eligendi quo eum sint amet! Est omnis laborum unde dolorem enim unde voluptatibus aut alias autem facere id repellendus quis. Et unde aut, suscipit asperiores aspernatur architecto voluptatem necessitatibus quis accusantium assumenda aliquid et laborum. Numquam autem rerum atque cupiditate dolorem perferendis voluptatibus commodi animi et aliquid tenetur exercitationem ab. Omnis officia in et debitis voluptatem quia molestias sunt aspernatur natus qui asperiores voluptate quibusdam. Et labore quia ut, soluta reprehenderit eius consequatur vel laborum cum voluptas quas et nam. Consequatur rerum reprehenderit, explicabo dolor a itaque est aliquid dignissimos laboriosam voluptas nisi tenetur itaque; quia qui, rerum non id consequuntur in quis saepe et quia distinctio voluptatibus sapiente dolorem. Veniam est qui, omnis optio repudiandae itaque voluptatem eos veniam voluptatem laborum sed aut provident! Sed atque repellendus quis, error et id corrupti qui et aliquid nemo praesentium enim nesciunt. Numquam a, soluta quia non aperiam id nesciunt aut necessitatibus ut perferendis ullam doloribus est. Consequatur voluptas, placeat quisquam voluptatem et non aut illo beatae rerum in a ex atque. Iste fuga cumque minima aliquid assumenda animi placeat quia velit et commodi repudiandae consequatur sapiente? Et dolorem est quod commodi odio eius beatae quos beatae tenetur est aliquid quos maxime! Blanditiis est placeat consequatur iure, quia veritatis odio magni enim perferendis ea commodi aut veritatis. Sint quia consequatur quia possimus est nam blanditiis et aut cum consequatur quisquam consequatur est; sint nulla sit veniam dolore ea qui ducimus ea consequatur ut dolor doloribus expedita rerum. Ut voluptatum dignissimos consectetur rerum sed ipsa et laboriosam reiciendis dolores modi sed ea tempore.\r\nDebitis voluptas, et quaerat esse deserunt non dolores ab dolor et qui ab nemo et. Amet qui in magnam eligendi nemo aliquid vel deserunt repellendus quam debitis autem eos aperiam; enim et consequuntur provident sit quasi architecto consequatur ut aliquam necessitatibus earum neque sint vel. Consequatur deleniti eius accusamus nisi molestiae dolorem et possimus est assumenda aliquam deserunt expedita sit. Asperiores accusamus incidunt assumenda ut quasi enim et necessitatibus facere at ducimus qui porro voluptatem. Totam illum autem ea quo sed sit molestias voluptatum obcaecati sint, nihil consequatur sapiente fuga. Maiores modi quas id, nihil nulla officiis dolor ipsam sint voluptatem ducimus omnis aperiam harum. Sint aut molestias, eligendi et corrupti perspiciatis voluptates aspernatur est modi et illum inventore laborum; natus tenetur aperiam exercitationem eius, non officia ut doloribus rerum non ipsa labore ea asperiores. Ut illo obcaecati iste voluptates molestiae, ducimus nesciunt cupiditate amet totam itaque amet dolorem aliquid. Id veniam perspiciatis aut nostrum laboriosam qui fugit sunt et saepe voluptatum quia aut inventore. Enim recusandae aliquid ducimus in voluptas quaerat impedit dolor deserunt omnis ut dolores eligendi est; quis commodi excepturi accusamus mollitia velit quia suscipit repellendus nihil laborum culpa consequatur ea voluptatibus. Voluptates vel ipsa officia porro et laborum ut dicta distinctio similique minus ea earum qui! Qui et temporibus vel dolorum esse sit sed sint accusantium deserunt enim impedit sit laudantium. Debitis nobis iste, ducimus rerum voluptas odio nam sint et laboriosam et natus at perspiciatis; in saepe omnis vel omnis, consectetur ut molestiae atque aut ducimus eaque repudiandae est in.\r\nMolestiae sed ipsam nam accusamus deleniti quisquam fugiat provident sint cumque eius nihil sed unde. Voluptate iusto nobis ut amet, libero dolor molestiae nemo cumque blanditiis est odit libero quas. Laboriosam sint nisi ut qui deleniti consequuntur voluptas dolores et quis aut incidunt sint est. Nisi rerum molestiae voluptas quibusdam ex natus fugiat quibusdam qui deleniti excepturi iusto consequatur deleniti; in dolores qui pariatur qui similique ab neque quia numquam rem reiciendis esse animi voluptatem? Nesciunt voluptas saepe, doloribus non voluptates possimus corporis molestias voluptatem doloremque nemo autem expedita dolorem. Rerum illum aspernatur modi aliquid numquam rerum vitae maiores et laboriosam et assumenda voluptas qui. Magni corrupti ratione aut cupiditate iure sit consequatur perspiciatis et aut nesciunt ipsum porro commodi. Quia aperiam autem minima labore autem eaque est quis, laudantium est quia impedit debitis expedita! Quia excepturi delectus eligendi tempora odit nemo aut reiciendis praesentium voluptatem deleniti sequi quas est. Velit unde consequatur cupiditate aut est facere sit sed libero quia inventore laboriosam ut voluptas. Soluta rerum laudantium et, eum mollitia quod temporibus saepe voluptate in ut itaque dolores facilis! Deserunt cum ut, perferendis ut quidem saepe magni facere cumque facilis eius illum ex eius.', '3', '1', 'CedrickAbreu97@example.com'),
('22944939463', 'Ullam a culpa nam velit et architecto blanditiis quaerat impedit et quis est dolor possimus. Hic excepturi error ut porro perspiciatis temporibus ab assumenda qui ea vero consequatur exercitationem tenetur. Qui ipsum voluptas est architecto nihil quidem nihil quas consequuntur aut eum quaerat non qui. Illo non consequatur sit hic omnis qui sunt ea deserunt voluptatem officiis ea dolores veniam. Blanditiis suscipit qui dicta voluptas amet ut voluptate commodi officia quasi magnam aut accusamus inventore. Aut quo asperiores consequatur ut sed odit consequuntur quidem dicta mollitia non eos quos non. Ad aperiam exercitationem voluptatem deleniti iste fugit quidem vero aspernatur odio et ipsum sunt ut. Cum atque sequi quia amet corporis illum hic possimus voluptas qui accusamus nesciunt eaque consequatur. Dolores iste inventore consequatur sed est omnis est id et obcaecati aut velit repellat facilis. Et accusantium, nostrum veritatis dolorum ut ratione nihil saepe at odit ut veritatis quae numquam? Rerum et quam laboriosam molestiae rerum, minima voluptas a natus labore neque reprehenderit sapiente aut. Ratione impedit quo necessitatibus incidunt odio consequatur eligendi iusto atque libero ipsa quo eos quos. Harum placeat obcaecati aut unde voluptatem autem nam atque voluptatem repellat necessitatibus sunt ut blanditiis! Dicta et ut, unde repellat nihil aliquam illum obcaecati ab odit dolor expedita dolor neque.\r\nIllum consequuntur magni sunt inventore voluptas expedita consequatur ut et ipsum fugit ipsum magni ab. Amet obcaecati minus cupiditate nisi dolorum officia possimus officia autem ut quia accusantium quis inventore! Consequatur earum et necessitatibus possimus quis molestias at eveniet vel ipsum in repellendus consequatur nobis. Reiciendis sunt aut quo quia incidunt, qui quibusdam qui aspernatur maiores sint impedit aspernatur voluptas!', '1', '1', 'zqtjxovl_unwjz@example.com'),
('13644805366', 'Voluptatem hic inventore consequatur rerum ratione et vero quibusdam voluptas suscipit ea cumque numquam dolorem. Laborum debitis dolores error ad aspernatur porro voluptatem, laborum minus quam quaerat magnam eveniet et. Illo placeat delectus ipsa nesciunt est aliquam magni ad est sunt qui ut nam repellendus. Nemo quo, aut incidunt eveniet exercitationem magni nam aut est molestiae dolor sit id cupiditate. Commodi ab ipsam dolor necessitatibus quo distinctio, similique vel tenetur eligendi laboriosam eos et quo. Ut qui voluptas et aut exercitationem eum est quod dolore dolores magni, rerum dolores illum. Ea eum dolorem libero dolorem eum soluta culpa aut magnam adipisci minus officia autem quis.\r\nQuas consequuntur dolores impedit magnam quidem facere maxime quis sit illum quaerat, minima omnis repudiandae. A nesciunt cumque in et doloribus ut ipsam at omnis voluptate et suscipit aut impedit. Quia ut consequatur repellat eius ratione velit illum minima adipisci sed consequatur id ab expedita. Voluptas hic facilis molestiae temporibus harum, architecto nihil ducimus reiciendis dolores provident et atque qui? Eum aut expedita aut, iste corporis asperiores laborum minus adipisci dicta et molestiae dolorum blanditiis. Qui voluptatum magnam dolor fugiat est nesciunt neque aspernatur magni quia totam tempore eum qui. Molestias eius nam dolore, vel perferendis numquam quibusdam necessitatibus aspernatur voluptatem unde modi eos voluptate. Dolorem neque cum aut, et non doloremque impedit est similique quo ab sed mollitia distinctio. Aspernatur omnis vel enim, aut enim eligendi iusto accusantium at et consequatur laboriosam ut delectus. Ipsam et a sed qui, tempore sunt nihil nulla id et id rerum consequatur ullam! Voluptatem expedita quo aspernatur error ut et, sunt autem natus deleniti molestiae eos quasi minima. Explicabo quae et, omnis et non deleniti eius ut earum et hic reprehenderit minus omnis.\r\nReprehenderit aut itaque atque magnam odio autem in enim praesentium quia ea pariatur veniam aliquam. Ratione incidunt porro, maiores voluptatem quas ut eos quia et voluptatem nemo quia in nam.', '5', '3', 'JerryAckerman@example.com'),
('03413727846', 'Qui repellat quod maxime rerum sed rem non eligendi non et, odio quam placeat quaerat; autem pariatur, sapiente nam obcaecati qui et ex sit atque similique molestiae culpa ab corrupti. Ut voluptatibus accusantium ab obcaecati debitis accusamus, velit sapiente voluptatem explicabo quis omnis totam blanditiis. Expedita ut expedita quis doloribus voluptas consectetur laudantium voluptatibus est quia asperiores natus aliquid suscipit! Neque vitae alias harum unde debitis iste explicabo fuga quaerat at animi impedit deserunt perferendis. Accusamus quidem et vitae voluptas minus quam soluta sunt temporibus nihil, rerum vel harum qui. Soluta laboriosam dolores quasi amet veritatis aut officiis laborum maxime ut vel sed et ut? Amet mollitia impedit quos impedit iusto quae assumenda accusamus iure rerum repellendus porro possimus illum.\r\nSimilique iure tempore dolorum voluptas ullam aut et ipsa aliquam ut quis ea rerum et.\r\nQui deleniti quos temporibus, non expedita mollitia veritatis natus velit perferendis molestiae accusantium eaque voluptatibus. Aliquid nobis eius assumenda harum rerum neque nihil velit veritatis blanditiis ducimus nesciunt est nostrum! Minima mollitia cupiditate quod aut sint ex laboriosam debitis sed numquam et cupiditate omnis similique. Voluptas similique non sed ipsam et incidunt debitis nam asperiores reiciendis deleniti delectus repellendus veritatis. Voluptatem rerum harum est cupiditate, esse aliquid maiores sed deleniti aut obcaecati voluptatem laudantium aut; magni id repellat perspiciatis facilis totam, soluta alias fuga earum reprehenderit temporibus aut voluptas delectus. Sit molestiae et velit quis possimus reiciendis obcaecati minus vitae aut alias delectus voluptatem rem. Omnis a iure neque tempora est, eum consequuntur fugit cumque omnis quia quis et vitae. Earum nobis voluptas velit aperiam corrupti sed tempore et suscipit voluptatem esse sed perspiciatis quam. Fuga mollitia, eos voluptatum quo sunt et a ut rerum cupiditate nostrum quos magnam sequi. Non ipsam aspernatur in tempora sit enim facere quis distinctio aut eligendi ducimus cum praesentium! Rerum ipsa veniam maiores error est explicabo eos doloremque sit adipisci unde dignissimos voluptatem maxime.', '3', '4', 'Johns742@example.com'),
('97236664004', 'Quae id possimus corrupti ullam optio sit pariatur officiis nihil vel quae et nemo asperiores. Enim ducimus culpa quae nesciunt officia consequatur nobis qui ut architecto alias dolor fugiat voluptatum. Aspernatur dolores eius saepe, ea eos repudiandae est et ea et voluptatem aut mollitia fuga. Accusantium debitis, ut repellendus distinctio autem aspernatur iusto excepturi voluptatibus aut molestiae iure alias facere? A et fugiat non iste eligendi quidem iure qui omnis repudiandae asperiores quos voluptas dolorum. Modi totam velit doloribus corrupti debitis omnis ea sit sequi, quis temporibus suscipit et ea. Amet dignissimos, sit aut consequatur nesciunt laborum nobis est totam amet porro nulla distinctio reprehenderit. Quos consequuntur dolorem qui, molestiae voluptates facere velit laborum necessitatibus totam aspernatur autem libero minima. Et exercitationem eveniet non, qui perferendis dolores et ex ducimus officiis voluptas enim exercitationem cumque.\r\nVeritatis harum atque consequatur porro ipsa saepe sed beatae suscipit minus corporis necessitatibus doloremque quia.', '2', '4', 'Darcel.Browning@example.com'),
('08822693129', 'Voluptatibus nemo et quod deserunt sit, laboriosam molestias voluptas et eos voluptas est dolores reiciendis. Omnis dolorem pariatur voluptatem quia incidunt fugit delectus debitis optio eius et voluptas dolor et! Reprehenderit doloribus facilis sit suscipit quia dolores eveniet dolorem maxime eos sint incidunt qui et; et soluta sed maxime voluptas inventore qui similique fugit voluptatem veritatis quidem repellat eaque sunt. Aut alias eius est eum asperiores magnam aliquam quod nulla culpa ut qui vitae in.', '4', '3', 'MarlonGallegos6@example.com'),
('29931397812', 'Quasi quia dolorem distinctio et velit nam dolorem necessitatibus consequuntur exercitationem ut nobis aut quam. Quibusdam modi porro sed enim consequatur est, quae laudantium neque illo porro voluptas modi id! Dolor cupiditate ipsum doloremque magnam voluptatem ullam quas voluptate velit aliquid voluptas possimus, dolore id. Dolore vel veritatis minus ab, assumenda inventore et officia voluptatem iste cum rerum distinctio obcaecati. Dolorem natus dolores quis commodi magnam quis cumque ipsam inventore suscipit nam et praesentium id.\r\nRecusandae est, corporis necessitatibus voluptate voluptas tempora est sed dolorem eaque commodi et laudantium adipisci. Aliquid et sed quia sint rerum reiciendis dolorem, vel possimus placeat dolore ut exercitationem deleniti? Corrupti voluptas, harum distinctio dolorem aliquam esse repellendus qui nisi sapiente odio non nostrum repellendus. Expedita possimus hic debitis commodi repellat rerum aut quod dolor delectus nihil facilis est non. Labore nemo sed corporis nemo et saepe reprehenderit quaerat aut nemo cum, dolor soluta rerum. Nostrum minus praesentium sit necessitatibus eum totam rerum ea facere illum eum natus libero enim. Beatae voluptates assumenda quam voluptatem et voluptatibus sit odio harum praesentium ut id eum et! Cumque eum non neque ut ex laboriosam minus eveniet dolores ullam voluptate quasi doloribus sint. In omnis doloremque quam sed placeat harum ullam nemo maiores aut quasi reprehenderit amet expedita! Ea rerum error quod accusantium accusamus, et neque et quas sint illo nesciunt porro quis. Iste consequatur beatae assumenda et est nostrum voluptatibus cum ut autem necessitatibus et vero animi. Qui illo quia iure et magni consequuntur autem voluptates accusamus et accusantium fugiat consequuntur sit! Consequatur earum dolor neque praesentium laborum possimus corporis sunt consequuntur dolores suscipit sunt, autem numquam; dolorem omnis, voluptates commodi iusto cum enim quaerat dolor debitis eius debitis incidunt nulla laboriosam. Aut quia debitis ut et sed, enim perferendis hic neque culpa totam et similique molestiae! Laborum impedit ut minima laboriosam repudiandae nam ab consequatur dolor quo sit enim corrupti sed. Aut architecto labore delectus cum quisquam ratione quibusdam rerum quae nesciunt dolor mollitia est rerum. Quo sit ducimus qui non voluptates exercitationem at dolores aut non delectus possimus similique culpa? Molestiae possimus eveniet odio, voluptas velit omnis nulla dolor nobis fugiat facere soluta placeat illo.\r\nQuia accusamus a voluptas deleniti nemo voluptatum sunt repudiandae ea molestias voluptatem, ipsa officiis et. Est voluptatem, dignissimos maxime officiis quibusdam tenetur et quibusdam velit quod magni eos sint aliquam? Amet dicta neque et quia minima nulla quia ullam voluptatem exercitationem quia illo tempore incidunt. Fuga explicabo quo quod tempora asperiores autem eos dolorum reprehenderit voluptas aut accusantium illum omnis; optio et dolores earum fugiat, et aliquam necessitatibus excepturi et veniam nam dolor ea nulla. Aut incidunt et libero autem est impedit et modi voluptas similique, optio voluptates ea velit! Modi labore est voluptatem modi accusantium repellat et quis molestiae ut tenetur eos tempore deserunt. Ad architecto rerum, reprehenderit quas tempora molestiae voluptates sed commodi consequatur sed deleniti eos exercitationem? At dolores dolorum libero et eius debitis nisi et sequi commodi voluptates vero repellendus atque. Odio deserunt neque saepe dicta cum nisi voluptas expedita dolores ut tempore optio commodi omnis! Commodi explicabo exercitationem quis doloremque inventore sed voluptatum sunt consequatur ut commodi modi enim architecto. Nemo facere aliquam eum ut sunt repellat ex ut, alias cupiditate sed obcaecati veniam iure! Consequatur sed id exercitationem minus et quis aliquid corrupti non recusandae est minima voluptas ullam.', '5', '4', 'Autry@nowhere.com'),
('82883172762', 'Laborum quis non aut expedita quidem illum et dolores ea accusamus, eveniet quia omnis non. Velit eum ipsa est, reiciendis ab repellat velit at pariatur eos est neque eos fugit? Ut velit reprehenderit suscipit, omnis placeat neque facere similique molestias sint aut eius mollitia provident! Velit veniam dolores earum ut mollitia quibusdam est repellat illum tempora, adipisci odit debitis qui. Obcaecati voluptatem ducimus consectetur similique voluptatibus velit earum voluptatum, adipisci ut aut consequuntur aut id. Excepturi sunt magni eos in asperiores aspernatur perspiciatis repellendus incidunt quod architecto laboriosam corrupti aliquam! Error ut natus aut ullam nisi harum natus dolores ipsum rerum rem reprehenderit eveniet placeat; deserunt est in maxime vero non incidunt voluptatum veritatis ea minus sit ut ullam non. Nemo mollitia, inventore qui nam dolorem aut nobis numquam delectus ex autem asperiores distinctio ut! Laborum a laboriosam commodi tenetur doloribus necessitatibus magnam est, porro consequatur autem quo delectus non. Unde cupiditate natus labore in rem obcaecati eum ut atque, quia saepe accusantium non quis. Fugiat consequatur dolores dolore voluptas quod molestiae, laborum facilis eum et adipisci vel ipsam aut. Quam est in repellat asperiores quis voluptas tenetur voluptatem, minus impedit expedita et exercitationem saepe. Reprehenderit ea aliquam quis hic et sed rerum tempore accusantium saepe minima necessitatibus labore nulla? Labore dignissimos, debitis magni dolorem quo hic eius veniam illo quae et quasi temporibus non. Odio culpa enim rerum, id voluptates rem aut et nihil amet aut et totam aliquam. Quia ut odio eum in sed itaque provident et sapiente accusantium qui rerum neque reiciendis. Maiores distinctio amet est ea quas expedita delectus consequatur et est veritatis est accusantium voluptas. Quibusdam dolores, sequi quidem officia perspiciatis vel voluptates delectus unde iusto laboriosam dolor tempora et. Quas perspiciatis autem dolor mollitia quasi ipsam et provident exercitationem delectus quae sed officia rerum.\r\nSunt vero ratione assumenda aut et sunt autem ut dolorem consectetur libero voluptatem nostrum non. Doloremque illum est rerum doloribus eos sint rerum, ipsa eaque qui voluptatum voluptatem dolore a. Sequi exercitationem, libero nesciunt quisquam facilis voluptatem quaerat est molestias porro officia quibusdam optio et. Quia suscipit saepe omnis laborum accusamus voluptatem mollitia alias est enim molestias qui architecto officiis! Nulla facere, impedit quos assumenda vel quia deleniti quasi sint quis neque et alias natus. Quia sed ea et dolores et dignissimos dolor repellat asperiores distinctio et fugiat exercitationem rem; maxime aspernatur rem dignissimos qui velit eos quasi reprehenderit qui quia eligendi est exercitationem atque. Excepturi dolore, est voluptatem qui neque voluptatem est eum dignissimos amet et accusamus quis itaque. Rerum iure fuga necessitatibus aut ut sed voluptas qui tempore, vel quos et autem nesciunt; alias autem quidem temporibus, consequuntur est pariatur totam recusandae fugiat consectetur est laudantium ratione molestiae. Placeat commodi ex non neque velit sit maxime est deserunt mollitia in et, autem qui. Et aliquid corporis, est praesentium sapiente qui earum consectetur ab reiciendis dolores qui earum omnis. Exercitationem consequatur iusto quia minima accusantium hic debitis, totam saepe mollitia deserunt aut blanditiis quaerat. Libero odit sit doloribus enim eos et aut qui saepe et, doloribus necessitatibus nesciunt tenetur! Consectetur quis, quia sit est et omnis aliquam dolores cupiditate fugiat perferendis sunt explicabo totam. Incidunt ipsum, neque esse reprehenderit dolorum cum repudiandae fuga cum numquam ullam quasi et eum. Minus nisi doloremque accusantium, molestias omnis suscipit excepturi quod eaque hic unde eveniet similique modi. Repudiandae mollitia modi aut, voluptatem porro vero consequuntur ducimus esse veniam sed molestiae temporibus amet!\r\nArchitecto officiis provident incidunt ipsam vitae non omnis velit qui quam iste et sint rerum. Qui sed possimus alias ab suscipit non qui laudantium aliquam est mollitia iusto accusantium ullam! Sapiente accusantium sit aspernatur odit mollitia accusamus amet nihil libero aperiam aut id quibusdam illum. Sunt perferendis consequatur perspiciatis natus consequatur enim beatae illo id molestiae voluptas nam in veritatis! Id dolor veritatis impedit voluptatem sint velit est labore qui porro voluptatem laboriosam vel est. Commodi nisi iusto blanditiis doloremque, saepe non dicta voluptatem numquam maiores sit quaerat quia officia. Quas ullam voluptatem modi et dolor sunt eaque quidem incidunt et sunt nam voluptatem rerum.', '1', '1', 'GrahamQ_Marsh@example.com'),
('90257635027', 'Est et voluptas et iusto et repellendus soluta corrupti odit quidem explicabo reiciendis vitae doloribus. Necessitatibus magni id sed fugit corporis cumque dignissimos optio adipisci rerum facere distinctio voluptatum temporibus? Omnis voluptatum eos repellat et officiis dolor incidunt totam consequatur debitis voluptatum illum veniam necessitatibus.\r\nNemo recusandae aliquam, et laboriosam doloribus id consectetur nemo a officiis quos debitis autem aut; fuga voluptas aut quaerat ut necessitatibus dicta sint et aut sed molestiae dolor autem corrupti. Necessitatibus consequatur ut amet quia perspiciatis beatae dolores quidem nostrum eos ut repellat nam aliquam. Velit similique quia corrupti voluptate velit sapiente consequatur vel ut voluptas minima tempora architecto sed! Voluptatibus et quia aut odio eum saepe tempore sit nulla recusandae omnis et dolor sapiente. Praesentium ut autem, ut et animi ut et ipsum ea amet itaque cum rem cumque. Tempora distinctio, adipisci et qui sapiente natus aliquid voluptatum eligendi qui quidem earum et dolore. Iusto animi, labore eveniet dolorem non dolorem et dolor repellat sed et qui incidunt et. Est sit qui neque ipsa aut voluptate et dolor sit et consequatur nam quas sint. Aut perferendis doloribus autem in perferendis veniam ad harum error sunt expedita adipisci amet fugit; fugiat possimus, magnam dolores sit officiis quod ipsum quia ut corporis at aliquid ullam aliquid. Iusto inventore ut quia laudantium ipsam necessitatibus corporis delectus voluptatem ullam aut quo ullam non. Et enim voluptates nisi repellendus enim totam aliquid cum ea alias sed similique soluta magnam; non cumque magnam consequatur nesciunt vero consectetur atque consequatur quia, corporis rerum facilis ut delectus. Libero repudiandae et laudantium repellendus officiis quo nostrum sed excepturi ipsam omnis harum nihil velit? Non voluptas et quia unde tenetur non dolor dicta a tenetur ab et accusantium et. Aut sunt veniam temporibus, similique dolorem voluptates dicta eveniet aut nobis est velit et similique; atque assumenda atque dolor nihil et ut voluptas assumenda earum asperiores vel laudantium totam quas. Accusantium placeat commodi non ut itaque odit dolores qui id voluptatum sed deleniti neque ad? Sed qui quibusdam aut et earum est sed illum architecto accusamus vel ut similique officia.', '2', '1', 'SanjuanaAbernathy73@example.com'),
('90365942784', 'Vitae eos, itaque eum quo quibusdam sit dolorem enim velit aperiam architecto provident eius id. Sequi temporibus recusandae atque iste unde commodi dolorum sunt, qui neque et eum quis laborum. Et laboriosam eos ipsa voluptatem sed repudiandae qui perferendis omnis eos doloribus velit neque molestiae. Sit illo impedit aut et adipisci est earum soluta voluptas id unde cupiditate, minus quasi! Cumque quasi, et corrupti culpa perferendis similique est dolores ex et alias eligendi libero laboriosam? Et enim nihil dolor, et iste laborum ratione tempore pariatur ut quos et fugit qui. Non aut dicta odit porro ipsum architecto maiores sit est qui architecto nesciunt ut deleniti. Et eos et ut inventore, pariatur veritatis inventore ab blanditiis repudiandae recusandae nam omnis vel! Magni quos recusandae cumque sed maiores similique tempora saepe unde rerum laboriosam vel eius enim. Ducimus fuga quae voluptas nam perspiciatis ut quia vitae ut consequuntur qui quasi dolor asperiores. Optio impedit ut voluptate sunt, aspernatur et illo excepturi deleniti corrupti sit itaque in est. Et sit corrupti voluptates provident voluptate omnis laborum non quasi nisi alias et corrupti exercitationem! Quisquam cupiditate veritatis nam natus excepturi laudantium, laboriosam cumque nihil est aut cum velit consequatur. Voluptatibus reiciendis, rem ut vitae earum doloribus nesciunt enim est nesciunt excepturi id cumque alias; aut repudiandae autem et provident cum est non voluptas rerum nam provident et temporibus ex. Enim nihil quia possimus fuga fugiat, aspernatur placeat perferendis saepe reprehenderit sed iusto rerum odit? Vel enim et molestias repellat amet quos voluptas temporibus assumenda doloribus adipisci sunt voluptatem similique. Et porro earum iusto facilis et, quis eius nihil velit enim facere enim aliquam fugiat.\r\nQuis quasi et animi minima aut eos minima est possimus sit dolores temporibus tenetur quibusdam. Placeat sequi voluptates rem commodi ex velit iusto ad et earum temporibus debitis incidunt autem. Aut sunt, voluptatum dolores incidunt consequuntur dolores sed nisi beatae harum similique at eum aliquid? Numquam quis nobis delectus quidem reprehenderit sunt sed sunt molestias pariatur voluptas fugiat repellendus delectus. Nam ullam excepturi est perspiciatis quibusdam unde in impedit, est accusamus recusandae quis quas velit! Atque quae nostrum ut velit nobis illo in nihil iste iusto earum suscipit quidem non; illo velit non, quae vitae nam quidem expedita perspiciatis aut labore nihil aut autem quia; rerum explicabo ab quasi sunt praesentium mollitia autem aut et est eos sit ratione distinctio. Et accusantium sed aut natus, numquam esse sit nisi quo enim blanditiis voluptates quibusdam praesentium. Qui totam pariatur deserunt ut eveniet sapiente dolores eligendi aut corrupti dolor alias nulla voluptatem. Obcaecati voluptatibus ipsa quia odit enim voluptatibus veniam, nulla perspiciatis sit perferendis et ad tempora. Temporibus et quaerat necessitatibus ut consequatur asperiores earum repellendus voluptas est quas fugiat architecto illo. Dolorem consequuntur magnam aliquid eum voluptatibus neque voluptatem fuga qui delectus aut minima enim et. Perspiciatis et sed sequi deleniti officiis sunt cum incidunt excepturi recusandae nam ea adipisci in! Asperiores molestiae non aut omnis voluptatem magni quasi consequatur nam, ab perspiciatis adipisci consequuntur eos. Non voluptatem eveniet non doloribus, suscipit sequi culpa ut accusantium ad laboriosam quos at modi. Nulla ullam deleniti nisi harum numquam voluptatibus, ipsum dolorem molestias beatae ea molestiae voluptatum in! Adipisci porro omnis non mollitia ut dicta maiores minima aut ea, dolorem laborum ad placeat. Illum quae aut, odio ratione aut minima ratione exercitationem earum ipsa totam provident est deleniti.', '4', '3', 'Suzi.Alves99@example.com'),
('41208597849', 'Voluptatem possimus voluptas, quisquam officiis voluptatem ut aut amet qui eligendi qui et delectus porro. Voluptatem sint, ea impedit odio accusamus harum pariatur sint voluptas voluptatem eos deleniti sunt minus; unde aut asperiores eum vel nostrum hic ut vitae deleniti fugiat dolor natus id maxime? Pariatur quasi qui pariatur enim facere, eaque perferendis explicabo rerum omnis voluptatem dolores ipsam est. Nulla est qui aut eos dolorum corrupti distinctio ipsum in maxime sunt et quod qui. Esse sit asperiores blanditiis possimus ut explicabo velit similique nemo ut deleniti ratione quis ipsa. Quibusdam cupiditate aut qui ut mollitia quibusdam quae ut eum dolores ut magni non et. Laborum qui, quia facilis hic dolore quo qui ducimus deleniti voluptas accusantium porro expedita quod.\r\nRerum amet et explicabo dolorem sit qui recusandae esse rerum ea in sequi consequatur id.\r\nNulla voluptatem quia voluptatem dolorum autem rem quo architecto adipisci rerum quibusdam ratione nihil neque. Mollitia et dignissimos, voluptatem fuga quod consequatur nisi totam sunt enim quasi nostrum voluptatibus vel. Quia omnis consequuntur autem et ad ut qui quae sit esse est atque ipsum assumenda. Magni in quasi dolorem ad sequi voluptate sed mollitia eligendi aut blanditiis saepe distinctio amet; odit consequatur, exercitationem voluptatem est aspernatur enim est neque earum omnis accusamus architecto non vitae. Cumque odio officia esse alias voluptatibus et dolorum sunt et asperiores qui et ratione mollitia! Ut voluptatem aut sapiente sunt eos, explicabo officia eveniet velit nihil iure eum iste eaque? Voluptas at voluptatem ipsam dolorum odit iste alias labore quas omnis qui aut et eum. Sunt placeat corporis repellendus doloribus maiores velit libero voluptas quisquam sunt ut possimus unde voluptate? Vel sit, fugiat vel impedit saepe vero facilis et reiciendis rem molestias et inventore corrupti; saepe qui vitae aut qui aut consectetur et eaque rerum id similique deserunt vitae ad; quia aut nesciunt, fugiat ut non explicabo eum est sint provident sit distinctio quod illum. Omnis fugiat consectetur aliquam fugit quae, et facilis rerum et omnis quas omnis et aut. Quidem vero quis quos dolores reprehenderit est sapiente quibusdam fugit et nostrum quae ducimus impedit.', '5', '4', 'Larose537@nowhere.com'),
('34905079614', 'Aut sit eveniet autem eum accusamus est minima eum quos est provident asperiores ad voluptate.\r\nSed est laudantium maxime dolore laudantium iusto non obcaecati beatae, ipsum voluptatem soluta consequuntur unde. Ut dolores, voluptatem recusandae laudantium inventore quis iste dolorem assumenda atque neque dolorem eaque vero. Asperiores possimus laborum perspiciatis dolorem atque sit pariatur esse non obcaecati, quo velit obcaecati voluptates. Aut ut sed ipsa omnis id voluptas, rerum et quod voluptas similique cumque et tempora. Repellendus in quisquam rem veniam nesciunt minima repudiandae id accusamus sequi voluptate minima ut ea.\r\nA fugiat pariatur laborum et omnis non molestiae voluptate doloribus delectus perferendis enim doloribus fugiat; dicta libero perspiciatis facere ut sed sit vel, at deleniti molestiae facere et inventore quia. Sit sint ex deserunt facilis quisquam, est distinctio sed quas harum ut quod cumque accusamus? Nemo nulla quibusdam quam dignissimos illo quidem quasi accusantium alias quasi ea debitis qui voluptatum. Velit nam et quos architecto numquam iure placeat ex ut architecto laborum modi suscipit quasi. Quo et ducimus voluptate beatae quam ut praesentium magni porro deleniti sed et odit explicabo. Eum possimus aperiam, porro quis id sit quo quas vel soluta dolores repellat perferendis quis.', '4', '2', 'zqtjxovl_unwjz@example.com'),
('02714562530', 'Est dolorem quia minus ut dolorum commodi voluptas qui provident deleniti numquam aut fugiat adipisci. Aliquam accusamus modi accusantium vitae aut qui voluptas eaque similique cupiditate sunt adipisci facilis rerum. Molestiae exercitationem tempore corrupti necessitatibus reprehenderit est, culpa est ea consequuntur ducimus eligendi minus ut. Corrupti sunt laudantium voluptas, itaque necessitatibus corporis sit quos sint itaque qui sunt ut sint! Distinctio quia non hic doloribus molestiae dolores illo sit sapiente enim et adipisci sit dolor. Et repudiandae nostrum tempora pariatur ea officiis et totam voluptas vero non reprehenderit possimus aut...\r\nExcepturi incidunt expedita ut aperiam necessitatibus dolore et nihil rerum ipsum fugiat dolore aut veritatis. Autem est possimus voluptatem saepe rem autem hic quasi animi esse et voluptatem voluptatibus ut. Eos suscipit nostrum molestiae natus doloremque voluptatem nobis consequatur sint et tempore sapiente iure aut. Velit quis ex animi, nemo impedit deserunt similique laudantium quod quia dolores aperiam reprehenderit blanditiis! Delectus fuga optio enim esse ea in ipsum qui sit est modi illo est nulla. Natus beatae quia dolor voluptatum dolorum ea voluptas inventore, reprehenderit cumque officia et tenetur iste. Rerum non vel voluptatem maiores sit nihil tempora molestiae consequatur esse nostrum dolores molestias reprehenderit; cumque et dicta autem vero in quis voluptatem ut et soluta dolorem laudantium inventore illo? Consequatur provident voluptatibus dolorem nam qui blanditiis architecto ratione quasi consequatur distinctio ut repellendus quaerat. Sed incidunt beatae error commodi aut aperiam enim illo et natus rem vel magnam corporis. Eos omnis dolore, eaque odio cum magnam iusto delectus illum eveniet illum consequatur aut aperiam. Nisi ad, qui sint vitae culpa hic et accusantium minus quo voluptatem officiis dolores sunt. Animi voluptatem ducimus inventore dicta ratione sint, quis consequatur dolores vel nihil magni odit quo. Ipsam perspiciatis harum et cumque molestiae non fuga quibusdam et ab ex impedit odio repellendus? Sequi quod quam in quidem earum a autem exercitationem ea suscipit expedita voluptate quis corporis. Quasi odio dolores iusto est ratione iste nulla laboriosam expedita iste reiciendis in accusantium qui! Delectus et soluta delectus reprehenderit illo eligendi explicabo ex quam ipsum voluptatibus aliquid et rerum. Voluptate non suscipit corrupti rerum voluptatem esse ea et, consequatur mollitia facilis placeat animi quam.', '1', '1', 'Chang.Younger@nowhere.com'),
('39689249178', 'Porro id assumenda provident aut amet autem mollitia nisi aliquam omnis quas qui vitae omnis. Incidunt asperiores eos ea minus iusto dolores asperiores eligendi molestias laborum velit et minus ipsa! Ut omnis iusto labore earum aspernatur eius qui similique maxime officiis ipsum porro ducimus sit.\r\nEt nemo at repellendus in ipsum quisquam sunt ratione deserunt odit nisi eum iusto delectus. Expedita sed omnis rem suscipit autem dolorem est voluptas nobis libero est accusamus laudantium vel. Saepe a nobis ut sapiente blanditiis dolore laborum distinctio fugiat nemo amet ipsam quia molestiae? Temporibus sit quisquam non ab dolorem eveniet excepturi sit id, deleniti quidem quo reprehenderit voluptas. Enim vitae eum unde quo omnis autem maiores sequi fugit assumenda suscipit minima mollitia nihil.', '2', '1', 'Peter.Abreu@nowhere.com'),
('87802599328', 'Assumenda possimus necessitatibus fugit numquam animi, quidem aliquid voluptatum qui nulla et ad vitae omnis; et corrupti quas ea nam dolorem nihil itaque quo architecto aspernatur minima perspiciatis et vel. Modi nostrum, aut est veniam fugiat voluptas blanditiis libero consectetur ducimus quisquam voluptatem rerum voluptate! Sed dolorem in veritatis pariatur eaque soluta et ipsum neque eum consequatur temporibus similique voluptas; non at ipsum non voluptatem exercitationem aperiam repudiandae velit porro ratione unde nesciunt amet et. Vel earum consequatur voluptas odit fugit excepturi iure sit iusto et odit vel commodi corporis. Omnis dolore et rerum sunt commodi reiciendis aliquam itaque adipisci architecto sint vel et quod.\r\nIn debitis ducimus rem nam quia temporibus fugit et magnam accusantium exercitationem molestias accusantium ut. Quia et laudantium quod pariatur voluptate consequuntur ipsum et quo assumenda dignissimos et nesciunt ullam. Hic ex consequatur reiciendis dolores consectetur rerum quam nam in numquam ducimus mollitia aperiam mollitia! Voluptatem eos est in earum consequatur ullam voluptas est impedit omnis cupiditate dolor beatae id. Beatae dignissimos dolor sed dolorum quaerat quia aliquam id voluptas repudiandae fuga quia qui aut; sed quia voluptatibus libero ut doloribus molestias voluptas nihil dolorem et autem sint et obcaecati. Ut vitae sed quia veniam debitis totam sunt quia et consequatur nemo deleniti quaerat debitis! Hic dolorem ratione quidem architecto qui culpa enim non autem aliquam illum ut non quia. Qui doloremque tempora nesciunt est et non obcaecati aut aliquid nemo iste eos aut doloribus! Et explicabo, et aut odio quis laudantium qui iste distinctio similique sit labore qui est. Voluptas iste vitae, numquam illo qui aut pariatur beatae expedita dolorum ut aut vel dolorum. Qui similique fugiat tenetur odit laboriosam modi dolores aut excepturi illo rerum ratione sunt labore; dolorem illum sapiente repudiandae ea cupiditate suscipit autem sapiente et voluptatem laboriosam est repellendus non. Ipsa nesciunt et illo rem nam eveniet quasi architecto non inventore corrupti et illo ullam! Consequuntur qui sequi porro accusantium unde sunt et neque animi aut possimus ut quo velit. Blanditiis quasi autem, eligendi eaque placeat enim asperiores modi amet accusantium sunt voluptatibus neque nesciunt! Dolor vel, ratione qui perferendis autem eaque itaque eius maxime et provident et commodi pariatur. Voluptatem sed in quia eum harum omnis est temporibus quia natus asperiores corrupti veritatis nemo; omnis et voluptates mollitia reprehenderit ut et quia quo odio voluptas id blanditiis sunt fuga.', '4', '3', 'SanjuanaAbernathy73@example.com');