USE DB_public_transport;

INSERT INTO db_public_transport.card_type
    (cType, Expiry_Period)
VALUES ('Martyr\'s Relative', 10),
       ('Veteran', 20);

INSERT INTO db_public_transport.travel_card
(Card_Id, Balance, Status, Issue_Date, Last_Usage, Travel_Count, cType)
VALUES ('42185110127', 0, 'inactive', '2012-12-31', '2012-2-18', 150, 'Standard'),
       ('66120472113', 0, 'inactive', '2019-11-30', '2019-10-15', 541, 'Student'),
       ('47377587617', 0, 'inactive', '2010-02-11', '2009-03-08', 750, 'Elder'),
       ('47788531783', 10, 'active', '2016-10-29', '2020-05-07', 156, 'Standard'),
       ('26560562317', 27, 'active', '2017-12-31', '2020-05-01', 1554, 'Standard'),
       ('58811720512', 23, 'active', '2019-12-31', '2020-05-01', 1610, 'Standard'),
       ('65323110292', 10.5, 'active', '2029-07-13', '2020-05-01', 2150, 'National Athlete'),
       ('74313138061', 11.25, 'active', '2019-07-13', '2020-05-04', 2250, 'National Athlete'),
       ('26387296562', 3, 'active', '2019-07-13', '2020-05-04', 160, 'National Athlete'),
       ('73843845629', 0, 'active', '2017-04-25', '2020-05-03', 1910, 'Student'),
       ('37928313003', 20, 'active', '2018-12-31', '2020-05-05', 150, 'Student'),
       ('62831899149', 12, 'active', '2018-09-01', '2020-05-02', 9140, 'Standard'),
       ('50586515381', 50.70, 'active', '2018-12-31', '2020-04-20', 140, 'Standard'),
       ('07555515557', 12.10, 'active', '2017-12-31', '2020-04-22', 159, 'Standard'),
       ('04376114931', 8, 'active', '2017-02-14', '2020-04-30', 15, 'Martyr\'s Relative'),
       ('75989777159', 6, 'active', '2014-01-30', '2020-05-01', 3540, 'Veteran'),
       ('68529222322', 0, 'active', '2016-06-3', '2020-05-01', 1152, 'Veteran'),
       ('33264174853', 0.25, 'active', '2011-11-29', '2020-05-04', 9050, 'Disabled'),
       ('47275218303', 65.50, 'active', '2020-01-22', '2020-05-04', 1550, 'Disabled'),
       ('48212872724', 5.15, 'active', '2020-02-03', '2020-05-03', 350, 'Disabled');

INSERT INTO db_public_transport.passenger
    (Passenger_Id, Full_Name, Birth_Date, Card_Id)
VALUES ('12226863725', 'Kaan Kurt', '1985-01-01', '42185110127'),
       ('28534956146', 'Cenk Aslan', '1985-01-01', '66120472113'),
       ('33419284144', 'Celal Abzak', '1985-01-01', '47377587617'),
       ('46825446131', 'Fatma Gizem', '1985-01-01', '47788531783'),
       ('26427842475', 'Ahmet Acar', '1985-01-01', '26560562317'),
       ('47227122735', 'Sema Erik', '1985-01-01', '58811720512'),
       ('24185578836', 'Atahan Ada', '1985-01-01', '65323110292'),
       ('82895132881', 'Mehmet Kaba', '1985-01-01', '74313138061'),
       ('09387190205', 'Zeynep Aba', '1985-01-01', '26387296562'),
       ('31745636568', 'Sami Gez', '1985-01-01', '73843845629'),
       ('66861782675', 'Mustafa Say', '1985-01-01', '37928313003'),
       ('49207134763', 'Sennur Anar', '1985-01-01', '62831899149'),
       ('36327695363', 'Buse Ak', '1985-01-01', '50586515381'),
       ('19626937032', 'Sevgi Altan', '1985-01-01', '07555515557'),
       ('45071180780', 'Nedim Akar', '1985-01-01', '04376114931'),
       ('35472182749', 'Cihan Pati', '1985-01-01', '75989777159'),
       ('18214458396', 'Rafi Ata', '1985-01-01', '68529222322'),
       ('35348793240', 'Can Sakar', '1985-01-01', '33264174853'),
       ('06418975893', 'Saliha Bilir', '1985-01-01', '47275218303'),
       ('57546367832', 'Emine Demir', '1985-01-01', '48212872724');

INSERT INTO db_public_transport.passenger_address
(Address_Id, Town, Neighborhood, Street, Number, X_Coordinate, Y_Coordinate, Passenger_Id)
VALUES ('15040003919', 'Town01', 'Neigboorhood01', 'Street01', '01', 200, 220, '12226863725'),
       ('33535847525', 'Town02', 'Neigboorhood02', 'Street02', '02', 100, 120, '28534956146'),
       ('62675422682', 'Town03', 'Neigboorhood03', 'Street03', '03', 200, 390, '33419284144'),
       ('43268384644', 'Town04', 'Neigboorhood04', 'Street04', '04', 400, 270, '46825446131'),
       ('22473761437', 'Town05', 'Neigboorhood05', 'Street05', '05', 300, 580, '26427842475'),
       ('47205141326', 'Town06', 'Neigboorhood06', 'Street06', '06', 200, 480, '47227122735'),
       ('13131271637', 'Town07', 'Neigboorhood07', 'Street07', '07', 110, 480, '24185578836'),
       ('53532976434', 'Town08', 'Neigboorhood08', 'Street08', '08', 450, 130, '82895132881'),
       ('13048332337', 'Town09', 'Neigboorhood09', 'Street09', '09', 790, 410, '09387190205'),
       ('65782864042', 'Town10', 'Neigboorhood10', 'Street10', '10', 215, 140, '31745636568'),
       ('27384586457', 'Town11', 'Neigboorhood11', 'Street11', '11', 310, 245, '66861782675'),
       ('91986558512', 'Town12', 'Neigboorhood12', 'Street12', '12', 60, 80, '49207134763'),
       ('15245887055', 'Town13', 'Neigboorhood13', 'Street13', '13', 40, 56, '36327695363'),
       ('44015931775', 'Town14', 'Neigboorhood14', 'Street14', '14', 150, 30, '19626937032'),
       ('35790225025', 'Town15', 'Neigboorhood15', 'Street15', '15', 150, 60, '45071180780'),
       ('08517886543', 'Town16', 'Neigboorhood16', 'Street16', '16', 90, 100, '35472182749'),
       ('63252258618', 'Town17', 'Neigboorhood17', 'Street17', '17', 13, 480, '18214458396'),
       ('71297534914', 'Town18', 'Neigboorhood18', 'Street18', '18', 470, 350, '35348793240'),
       ('62855860558', 'Town19', 'Neigboorhood19', 'Street19', '19', 350, 310, '06418975893'),
       ('39026930464', 'Town20', 'Neigboorhood20', 'Street20', '20', 68, 130, '57546367832');

INSERT INTO db_public_transport.passenger_phone
    (Phone, Phone_Type, Passenger_Id)
VALUES ('0000000001', 'mobile', '12226863725'),
       ('0000000002', 'mobile', '28534956146'),
       ('0000000003', 'mobile', '33419284144'),
       ('0000000004', 'mobile', '46825446131'),
       ('0000000005', 'mobile', '26427842475'),
       ('0000000006', 'mobile', '47227122735'),
       ('0000000007', 'mobile', '24185578836'),
       ('0000000008', 'mobile', '82895132881'),
       ('0000000009', 'mobile', '09387190205'),
       ('0000000010', 'mobile', '31745636568'),
       ('0000000011', 'mobile', '66861782675'),
       ('0000000012', 'mobile', '49207134763'),
       ('0000000013', 'mobile', '36327695363'),
       ('0000000014', 'mobile', '19626937032'),
       ('0000000015', 'mobile', '45071180780'),
       ('0000000016', 'mobile', '35472182749'),
       ('0000000017', 'mobile', '18214458396'),
       ('0000000018', 'mobile', '35348793240'),
       ('0000000019', 'mobile', '06418975893'),
       ('0000000020', 'mobile', '57546367832'),
       ('0000000021', 'office', '18214458396'),
       ('0000000022', 'office', '35348793240'),
       ('0000000023', 'office', '06418975893'),
       ('0000000024', 'office', '57546367832'),
       ('0000000025', 'home', '12226863725'),
       ('0000000026', 'home', '28534956146'),
       ('0000000027', 'home', '33419284144'),
       ('0000000028', 'home', '46825446131');

INSERT INTO db_public_transport.user_account
    (Email, Password, Last_Login, Passenger_Id)
VALUES ('01@mail.com', 'password123', '2020-05-04', '12226863725'),
       ('02@mail.com', 'password123', '2020-05-04', '28534956146'),
       ('03@mail.com', 'password123', '2020-05-04', '33419284144'),
       ('04@mail.com', 'password123', '2020-05-04', '46825446131'),
       ('05@mail.com', 'password123', '2020-05-04', '26427842475'),
       ('06@mail.com', 'password123', '2020-05-04', '47227122735'),
       ('07@mail.com', 'password123', '2020-05-04', '24185578836'),
       ('08@mail.com', 'password123', '2020-05-04', '82895132881'),
       ('09@mail.com', 'password123', '2020-05-04', '09387190205'),
       ('10@mail.com', 'password123', '2020-05-04', '31745636568'),
       ('11@mail.com', 'password123', '2020-05-04', '66861782675'),
       ('12@mail.com', 'password123', '2020-05-04', '49207134763'),
       ('13@mail.com', 'password123', '2020-05-04', '36327695363'),
       ('14@mail.com', 'password123', '2020-05-04', '19626937032'),
       ('15@mail.com', 'password123', '2020-05-04', '45071180780'),
       ('16@mail.com', 'password123', '2020-05-04', '35472182749'),
       ('17@mail.com', 'password123', '2020-05-04', '18214458396'),
       ('18@mail.com', 'password123', '2020-05-04', '35348793240'),
       ('19@mail.com', 'password123', '2020-05-04', '06418975893'),
       ('20@mail.com', 'password123', '2020-05-04', '57546367832');

INSERT INTO db_public_transport.travel_review
    (Review_Id, Message, Travel_Rating, Review_Rating, Email)
VALUES ('00000000001', 'Cool', '4', '5', '13@mail.com'),
       ('00000000002', 'Good', '4', '5', '05@mail.com'),
       ('00000000003', 'Bad', '1', '1', '20@mail.com'),
       ('00000000004', 'Meh', '3', '3', '10@mail.com'),
       ('00000000005', 'Nice Job', '5', '5', '08@mail.com');

INSERT INTO db_public_transport.stop
(Stop_Id, Stop_Name, Town, Neighborhood, Street, X_Coordinate, Y_Coordinate)
VALUES ('32677928851','Black Stop','Chesterfield','Aynor','Roman Road',50,302),
		('28550868430','Blue Stop','Chesterfield','Merton','Gladstone Street',1050,901),
		('65392913317','Red Stop','Chesterfield','Merton','Bramley Close',2760,1930),
		('61766820444','Pink Stop','Fernsworth','Northpass','Coach Road',860,5010),
		('03327356821','Green Stop','Fernsworth','Northpass','Rowan Drive',-800,768),
		('49276379328','Grey Stop','Padstow','Carlisle','Lancaster Road',2050,1005),
		('67650877763','Orange Stop','Padstow','Carlisle','Springfield Close',3060,1270),
		('26583839567','White Stop','Padstow','Torrine','Hawthorn Way',3440,6945),
		('55803642940', 'Asparagus Stop', 'Deerfield', 'Worcester', 'Smith Street', 50, 60),
		('55803642941', 'Bamboo Stop', 'Drapielake', 'Thagrie', 'Redle Way', 210, 130),
		('55803642942', 'Broccoli Stop', 'Drapielake', 'Thagrie', 'Redle Way', 205, 322),
		('55803642943', 'Carrot Stop', 'Mount Be', 'Yepchope', 'Le Way', 184, 614),
		('55803642944', 'Cauliflower Stop', 'Troycosert', 'Terrede', 'Queearl Street', 76, 904),
		('55803642945', 'Corn Stop', 'Troycosert', 'Terrede', 'Queearl Street', 20, 1105);

INSERT INTO db_public_transport.route
    (Route_Id, Direction)
VALUES ('001K', 0),
       ('001K', 1),
       ('101S', 0),
       ('101S', 1),
       ('203K', 0),
       ('203K', 1),
       ('807S', 0),
       ('807S', 1),
	   ('505M', 0),
       ('505M', 1);

INSERT INTO db_public_transport.route_departure_time
    (Departure_Time, Route_Id, Direction)
VALUES ('08:00:00', '001K', 0),
       ('08:15:00', '001K', 1),
       ('08:00:00', '101S', 0),
       ('08:15:00', '101S', 1),
       ('08:00:00', '203K', 0),
       ('08:15:00', '203K', 1),
       ('07:00:00', '807S', 0),
       ('07:15:00', '807S', 1),
	   ('07:00:00', '505M', 0),
       ('07:15:00', '505M', 1),
       ('09:00:00', '001K', 0),
       ('09:15:00', '001K', 1),
       ('09:00:00', '101S', 0),
       ('09:15:00', '101S', 1),
       ('09:00:00', '203K', 0),
       ('09:15:00', '203K', 1),
       ('08:00:00', '807S', 0),
       ('08:15:00', '807S', 1),
	   ('08:00:00', '505M', 0),
       ('08:15:00', '505M', 1),
       ('13:00:00', '001K', 0),
       ('13:30:00', '001K', 1),
       ('13:00:00', '101S', 0),
       ('13:30:00', '101S', 1),
       ('13:00:00', '203K', 0),
       ('13:30:00', '203K', 1),
       ('12:00:00', '807S', 0),
       ('12:30:00', '807S', 1),
	   ('12:00:00', '505M', 0),
       ('12:30:00', '505M', 1),
       ('14:00:00', '001K', 0),
       ('14:30:00', '001K', 1),
       ('14:00:00', '101S', 0),
       ('14:30:00', '101S', 1),
       ('14:00:00', '203K', 0),
       ('14:30:00', '203K', 1),
       ('18:00:00', '807S', 0),
       ('18:45:00', '807S', 1),
	   ('18:00:00', '505M', 0),
       ('18:45:00', '505M', 1),
       ('18:00:00', '001K', 0),
       ('18:45:00', '001K', 1),
       ('18:00:00', '101S', 0),
       ('18:45:00', '101S', 1),
       ('18:00:00', '203K', 0),
       ('18:45:00', '203K', 1),
       ('19:00:00', '807S', 0),
       ('19:45:00', '807S', 1),
	   ('19:00:00', '505M', 0),
       ('19:45:00', '505M', 1),
       ('19:00:00', '001K', 0),
       ('19:45:00', '001K', 1),
       ('19:00:00', '101S', 0),
       ('19:45:00', '101S', 1),
       ('19:00:00', '203K', 0),
       ('19:45:00', '203K', 1),
       ('20:00:00', '807S', 0),
       ('20:45:00', '807S', 1),
	   ('20:00:00', '505M', 0),
       ('20:45:00', '505M', 1);

INSERT INTO db_public_transport.route_includes
    (Visit_Order, Route_Id, Stop_Id)
VALUES (1, '001K', '32677928851'),
       (2, '001K', '28550868430'),
       (3, '001K', '65392913317'),
       (4, '001K', '61766820444'),
       (5, '001K', '03327356821'),
       (1, '101S', '32677928851'),
       (2, '101S', '28550868430'),
       (3, '101S', '67650877763'),
       (1, '203K', '49276379328'),
       (2, '203K', '67650877763'),
       (3, '203K', '26583839567'),
       (1, '807S', '32677928851'),
       (2, '807S', '61766820444'),
	   (1, '505M', '55803642940'),
	   (2, '505M', '55803642941'),
	   (3, '505M', '55803642942'),
	   (4, '505M', '55803642943'),
	   (5, '505M', '55803642944'),
	   (6, '505M', '55803642945');

INSERT INTO db_public_transport.journey
    (Duration, Stop_Id_1, Stop_Id_2)
VALUES (5, '32677928851', '28550868430'),
       (7, '28550868430', '65392913317'),
       (18, '65392913317', '61766820444'),
       (22, '61766820444', '03327356821'),
       (19, '03327356821', '32677928851'),
       (9, '49276379328', '67650877763'),
       (35, '67650877763', '26583839567'),
       (10, '65392913317', '67650877763');

INSERT INTO db_public_transport.vehicle
    (Vehicle_Id, Vehicle_Type, Capacity, Status)
VALUES ('50641706072', 'Bus', 42, 'Not in Service'),
       ('47738453158', 'Bus', 52, 'In Service'),
       ('30727749286', 'Bus', 38, 'In Service'),
       ('53612547348', 'Bus', 54, 'In Service'),
       ('58488718445', 'Bus', 46, 'In Service'),
       ('51137155736', 'Tram', 244, 'In Repair'),
       ('85505079837', 'Tram', 254, 'In Service'),
       ('30877114981', 'Tram', 244, 'In Service'),
	   ('85405079837', 'Tram', 204, 'In Service'),
       ('30177114981', 'Tram', 344, 'In Service'),
       ('46288482114', 'Metro', 325, 'In Service'),
       ('44252053217', 'Metro', 335, 'In Service');

INSERT INTO db_public_transport.driver
    (Driver_Id, Driver_Name, License_Type, License_Expiry)
VALUES ('13362142472', 'Burak Alp', 'Bus', '2043-06-20'),
       ('16444624276', 'Ege Yalaz', 'Bus', '2041-07-30'),
       ('12323265872', 'Ece Gizemli', 'Bus', '2034-04-02'),
       ('14961267468', 'Ece Normal', 'Bus', '2032-01-01'),
       ('16425395751', 'Sami Gezgin', 'Tram', '2064-09-02'),
       ('22262530801', 'Sema Çelik', 'Tram', '2025-10-23'),
	   ('16025395751', 'Sevda Gezer', 'Tram', '2024-09-02'),
       ('22062530801', 'Gizem Bulucu', 'Tram', '2030-10-23'),
       ('52788817630', 'Celal Sakin', 'Metro', '2023-05-23'),
       ('94123376734', 'Ahmet Eski', 'Metro', '2032-09-29');

INSERT INTO db_public_transport.driver_drives
    (Driver_Id, Vehicle_Id)
VALUES ('13362142472', '47738453158'),
       ('16444624276', '30727749286'),
       ('12323265872', '53612547348'),
       ('14961267468', '58488718445'),
       ('16425395751', '85505079837'),
       ('22262530801', '30877114981'),
       ('52788817630', '46288482114'),
       ('94123376734', '44252053217'),
	   ('16025395751', '85405079837'),
       ('22062530801', '30177114981');

INSERT INTO db_public_transport.on_the_move
    (Status, Route_Id, Direction, Last_Stop, Vehicle_Id)
VALUES ('On Road', '001K', 0, '28550868430', '47738453158'),
       ('On Road', '001K', 1, '61766820444', '30727749286'),
       ('On Road', '101S', 0, '28550868430', '53612547348'),
       ('At Stop', '101S', 1, '67650877763', '58488718445'),
       ('On Road', '203K', 0, '67650877763', '85505079837'),
       ('On Road', '203K', 1, '26583839567', '30877114981'),
       ('On Road', '807S', 0, '32677928851', '46288482114'),
       ('At Stop', '807S', 1, '61766820444', '44252053217'),
	   ('On Road', '505M', 0, '55803642941', '85405079837'),
       ('At Stop', '505M', 1, '55803642944', '30177114981');

INSERT INTO db_public_transport.transport_price
    (Price, cType, Route_Id)
VALUES (1.50, 'Student', '001K'),
       (2.00, 'National Athlete', '001K'),
       (2.75, 'Standard', '001K'),
       (0, 'Martyr\'s Relative', '001K'),
       (0, 'Disabled', '001K'),
       (0, 'Veteran', '001K'),
       (0, 'Elder', '001K'),
       (2.00, 'Student', '101S'),
       (2.50, 'National Athlete', '101S'),
       (2.75, 'Standard', '101S'),
       (0, 'Martyr\'s Relative', '101S'),
       (0, 'Disabled', '101S'),
       (0, 'Veteran', '101S'),
       (0, 'Elder', '101S'),
       (1.25, 'Student', '203K'),
       (1.75, 'National Athlete', '203K'),
       (2.75, 'Standard', '203K'),
       (0, 'Martyr\'s Relative', '203K'),
       (0, 'Disabled', '203K'),
       (0, 'Veteran', '203K'),
       (0, 'Elder', '203K'),
       (1.00, 'Student', '807S'),
       (1.50, 'National Athlete', '807S'),
       (2.75, 'Standard', '807S'),
       (0, 'Martyr\'s Relative', '807S'),
       (0, 'Disabled', '807S'),
       (0, 'Veteran', '807S'),
       (0, 'Elder', '807S'),
	   (1.00, 'Student', '505M'),
       (1.50, 'National Athlete', '505M'),
       (2.75, 'Standard', '505M'),
       (0, 'Martyr\'s Relative', '505M'),
       (0, 'Disabled', '505M'),
       (0, 'Veteran', '505M'),
       (0, 'Elder', '505M');